{
  "type": "FeatureCollection",
  "name": "kharghar-osm-buildings-3d",
  "metadata": {
    "description": "Bounded OSM building extract for exploratory 3D visualization",
    "retrieved_from": "https://api.openstreetmap.org/api/0.6/map",
    "retrieval_bbox": [
      73.066,
      19.044,
      73.074,
      19.052
    ],
    "height_policy": "OSM height, then building levels \u00d7 3 m, then 6 m display fallback"
  },
  "features": [
    {
      "type": "Feature",
      "properties": {
        "osm_way_id": 353750813,
        "building_type": "yes",
        "name": null,
        "height_m": 6.0,
        "height_source": "display fallback; OSM height unavailable",
        "building_levels": null,
        "source_dataset": "OpenStreetMap",
        "source_license": "ODbL 1.0",
        "source_extract": "https://api.openstreetmap.org/api/0.6/map?bbox=73.066,19.044,73.074,19.052"
      },
      "geometry": {
        "type": "Polygon",
        "coordinates": [
          [
            [
              73.0668916,
              19.0487612
            ],
            [
              73.0669009,
              19.0488324
            ],
            [
              73.0669658,
              19.0488248
            ],
            [
              73.0669728,
              19.0488789
            ],
            [
              73.0670638,
              19.0488683
            ],
            [
              73.0670575,
              19.0488208
            ],
            [
              73.0671179,
              19.0488137
            ],
            [
              73.0671138,
              19.0487823
            ],
            [
              73.0671287,
              19.0487806
            ],
            [
              73.0671226,
              19.0487341
            ],
            [
              73.0668916,
              19.0487612
            ]
          ]
        ]
      }
    },
    {
      "type": "Feature",
      "properties": {
        "osm_way_id": 353750815,
        "building_type": "yes",
        "name": null,
        "height_m": 6.0,
        "height_source": "display fallback; OSM height unavailable",
        "building_levels": null,
        "source_dataset": "OpenStreetMap",
        "source_license": "ODbL 1.0",
        "source_extract": "https://api.openstreetmap.org/api/0.6/map?bbox=73.066,19.044,73.074,19.052"
      },
      "geometry": {
        "type": "Polygon",
        "coordinates": [
          [
            [
              73.0681712,
              19.0506283
            ],
            [
              73.068245,
              19.0506198
            ],
            [
              73.0682415,
              19.0505928
            ],
            [
              73.0683018,
              19.0505859
            ],
            [
              73.0682873,
              19.0504727
            ],
            [
              73.0682773,
              19.0504739
            ],
            [
              73.0682739,
              19.050447
            ],
            [
              73.0682863,
              19.0504456
            ],
            [
              73.0682751,
              19.0503577
            ],
            [
              73.0681387,
              19.0503733
            ],
            [
              73.0681712,
              19.0506283
            ]
          ]
        ]
      }
    },
    {
      "type": "Feature",
      "properties": {
        "osm_way_id": 353750818,
        "building_type": "yes",
        "name": null,
        "height_m": 6.0,
        "height_source": "display fallback; OSM height unavailable",
        "building_levels": null,
        "source_dataset": "OpenStreetMap",
        "source_license": "ODbL 1.0",
        "source_extract": "https://api.openstreetmap.org/api/0.6/map?bbox=73.066,19.044,73.074,19.052"
      },
      "geometry": {
        "type": "Polygon",
        "coordinates": [
          [
            [
              73.071981,
              19.0504364
            ],
            [
              73.0721928,
              19.050582
            ],
            [
              73.0722186,
              19.0505484
            ],
            [
              73.0722017,
              19.0505367
            ],
            [
              73.0722687,
              19.0504497
            ],
            [
              73.0722856,
              19.0504613
            ],
            [
              73.0723191,
              19.0504177
            ],
            [
              73.0721343,
              19.0502964
            ],
            [
              73.0720649,
              19.0503273
            ],
            [
              73.0720778,
              19.0503363
            ],
            [
              73.0720316,
              19.0503964
            ],
            [
              73.0720186,
              19.0503874
            ],
            [
              73.071981,
              19.0504364
            ]
          ]
        ]
      }
    },
    {
      "type": "Feature",
      "properties": {
        "osm_way_id": 353750820,
        "building_type": "yes",
        "name": null,
        "height_m": 6.0,
        "height_source": "display fallback; OSM height unavailable",
        "building_levels": null,
        "source_dataset": "OpenStreetMap",
        "source_license": "ODbL 1.0",
        "source_extract": "https://api.openstreetmap.org/api/0.6/map?bbox=73.066,19.044,73.074,19.052"
      },
      "geometry": {
        "type": "Polygon",
        "coordinates": [
          [
            [
              73.0658193,
              19.0496579
            ],
            [
              73.0659068,
              19.0496453
            ],
            [
              73.0659048,
              19.0496327
            ],
            [
              73.0660332,
              19.0496142
            ],
            [
              73.0660352,
              19.0496268
            ],
            [
              73.0661144,
              19.0496154
            ],
            [
              73.0660925,
              19.0494799
            ],
            [
              73.0660115,
              19.0494916
            ],
            [
              73.0660147,
              19.0495116
            ],
            [
              73.0658841,
              19.0495304
            ],
            [
              73.0658809,
              19.0495104
            ],
            [
              73.0657975,
              19.0495224
            ],
            [
              73.0658193,
              19.0496579
            ]
          ]
        ]
      }
    },
    {
      "type": "Feature",
      "properties": {
        "osm_way_id": 353750823,
        "building_type": "yes",
        "name": null,
        "height_m": 6.0,
        "height_source": "display fallback; OSM height unavailable",
        "building_levels": null,
        "source_dataset": "OpenStreetMap",
        "source_license": "ODbL 1.0",
        "source_extract": "https://api.openstreetmap.org/api/0.6/map?bbox=73.066,19.044,73.074,19.052"
      },
      "geometry": {
        "type": "Polygon",
        "coordinates": [
          [
            [
              73.0716377,
              19.0503545
            ],
            [
              73.0718461,
              19.0505026
            ],
            [
              73.0718618,
              19.0504786
            ],
            [
              73.0718449,
              19.050467
            ],
            [
              73.0719119,
              19.0503799
            ],
            [
              73.0719288,
              19.0503916
            ],
            [
              73.0719623,
              19.050348
            ],
            [
              73.0717505,
              19.0502024
            ],
            [
              73.071708,
              19.0502576
            ],
            [
              73.071721,
              19.0502665
            ],
            [
              73.0716747,
              19.0503266
            ],
            [
              73.0716618,
              19.0503177
            ],
            [
              73.0716377,
              19.0503545
            ]
          ]
        ]
      }
    },
    {
      "type": "Feature",
      "properties": {
        "osm_way_id": 353750825,
        "building_type": "yes",
        "name": null,
        "height_m": 6.0,
        "height_source": "display fallback; OSM height unavailable",
        "building_levels": null,
        "source_dataset": "OpenStreetMap",
        "source_license": "ODbL 1.0",
        "source_extract": "https://api.openstreetmap.org/api/0.6/map?bbox=73.066,19.044,73.074,19.052"
      },
      "geometry": {
        "type": "Polygon",
        "coordinates": [
          [
            [
              73.0713761,
              19.0506848
            ],
            [
              73.0715667,
              19.0508199
            ],
            [
              73.0715952,
              19.0507839
            ],
            [
              73.0715887,
              19.0507793
            ],
            [
              73.0716466,
              19.0507064
            ],
            [
              73.0716531,
              19.050711
            ],
            [
              73.0716885,
              19.0506663
            ],
            [
              73.071498,
              19.0505312
            ],
            [
              73.0714619,
              19.0505767
            ],
            [
              73.071473,
              19.0505846
            ],
            [
              73.0714186,
              19.0506532
            ],
            [
              73.0714074,
              19.0506453
            ],
            [
              73.0713761,
              19.0506848
            ]
          ]
        ]
      }
    },
    {
      "type": "Feature",
      "properties": {
        "osm_way_id": 353750828,
        "building_type": "yes",
        "name": null,
        "height_m": 6.0,
        "height_source": "display fallback; OSM height unavailable",
        "building_levels": null,
        "source_dataset": "OpenStreetMap",
        "source_license": "ODbL 1.0",
        "source_extract": "https://api.openstreetmap.org/api/0.6/map?bbox=73.066,19.044,73.074,19.052"
      },
      "geometry": {
        "type": "Polygon",
        "coordinates": [
          [
            [
              73.0717297,
              19.0507211
            ],
            [
              73.0719415,
              19.0508667
            ],
            [
              73.0719674,
              19.0508331
            ],
            [
              73.0719505,
              19.0508214
            ],
            [
              73.0720174,
              19.0507344
            ],
            [
              73.0720343,
              19.050746
            ],
            [
              73.0720679,
              19.0507024
            ],
            [
              73.0718561,
              19.0505568
            ],
            [
              73.0718136,
              19.0506121
            ],
            [
              73.0718266,
              19.050621
            ],
            [
              73.0717803,
              19.0506811
            ],
            [
              73.0717673,
              19.0506721
            ],
            [
              73.0717297,
              19.0507211
            ]
          ]
        ]
      }
    },
    {
      "type": "Feature",
      "properties": {
        "osm_way_id": 353750830,
        "building_type": "yes",
        "name": null,
        "height_m": 6.0,
        "height_source": "display fallback; OSM height unavailable",
        "building_levels": null,
        "source_dataset": "OpenStreetMap",
        "source_license": "ODbL 1.0",
        "source_extract": "https://api.openstreetmap.org/api/0.6/map?bbox=73.066,19.044,73.074,19.052"
      },
      "geometry": {
        "type": "Polygon",
        "coordinates": [
          [
            [
              73.0659567,
              19.0506973
            ],
            [
              73.0659675,
              19.0507838
            ],
            [
              73.0660442,
              19.0507753
            ],
            [
              73.0660571,
              19.0508789
            ],
            [
              73.0661543,
              19.0508681
            ],
            [
              73.0661438,
              19.0507844
            ],
            [
              73.0661647,
              19.0507821
            ],
            [
              73.0661614,
              19.0507557
            ],
            [
              73.0661868,
              19.0507529
            ],
            [
              73.066185,
              19.0507382
            ],
            [
              73.0662166,
              19.0507347
            ],
            [
              73.0662085,
              19.0506693
            ],
            [
              73.0659567,
              19.0506973
            ]
          ]
        ]
      }
    },
    {
      "type": "Feature",
      "properties": {
        "osm_way_id": 353750832,
        "building_type": "yes",
        "name": null,
        "height_m": 6.0,
        "height_source": "display fallback; OSM height unavailable",
        "building_levels": null,
        "source_dataset": "OpenStreetMap",
        "source_license": "ODbL 1.0",
        "source_extract": "https://api.openstreetmap.org/api/0.6/map?bbox=73.066,19.044,73.074,19.052"
      },
      "geometry": {
        "type": "Polygon",
        "coordinates": [
          [
            [
              73.0709429,
              19.0506637
            ],
            [
              73.0711335,
              19.0507988
            ],
            [
              73.071162,
              19.0507628
            ],
            [
              73.0711555,
              19.0507582
            ],
            [
              73.0712134,
              19.0506853
            ],
            [
              73.0712199,
              19.0506899
            ],
            [
              73.0712549,
              19.0506457
            ],
            [
              73.0710644,
              19.0505106
            ],
            [
              73.0710287,
              19.0505556
            ],
            [
              73.0710398,
              19.0505635
            ],
            [
              73.0709854,
              19.0506322
            ],
            [
              73.0709742,
              19.0506242
            ],
            [
              73.0709429,
              19.0506637
            ]
          ]
        ]
      }
    },
    {
      "type": "Feature",
      "properties": {
        "osm_way_id": 353750837,
        "building_type": "yes",
        "name": null,
        "height_m": 6.0,
        "height_source": "display fallback; OSM height unavailable",
        "building_levels": null,
        "source_dataset": "OpenStreetMap",
        "source_license": "ODbL 1.0",
        "source_extract": "https://api.openstreetmap.org/api/0.6/map?bbox=73.066,19.044,73.074,19.052"
      },
      "geometry": {
        "type": "Polygon",
        "coordinates": [
          [
            [
              73.0687946,
              19.0506047
            ],
            [
              73.0688467,
              19.0505988
            ],
            [
              73.0688453,
              19.0505881
            ],
            [
              73.068948,
              19.0505764
            ],
            [
              73.0689497,
              19.0505901
            ],
            [
              73.0690104,
              19.0505832
            ],
            [
              73.0689985,
              19.0504896
            ],
            [
              73.0689735,
              19.0504925
            ],
            [
              73.0689668,
              19.05044
            ],
            [
              73.0690008,
              19.0504361
            ],
            [
              73.068989,
              19.0503437
            ],
            [
              73.0687677,
              19.050369
            ],
            [
              73.0687791,
              19.0504586
            ],
            [
              73.0688212,
              19.0504538
            ],
            [
              73.0688281,
              19.0505078
            ],
            [
              73.0687829,
              19.050513
            ],
            [
              73.0687946,
              19.0506047
            ]
          ]
        ]
      }
    },
    {
      "type": "Feature",
      "properties": {
        "osm_way_id": 353750840,
        "building_type": "yes",
        "name": null,
        "height_m": 6.0,
        "height_source": "display fallback; OSM height unavailable",
        "building_levels": null,
        "source_dataset": "OpenStreetMap",
        "source_license": "ODbL 1.0",
        "source_extract": "https://api.openstreetmap.org/api/0.6/map?bbox=73.066,19.044,73.074,19.052"
      },
      "geometry": {
        "type": "Polygon",
        "coordinates": [
          [
            [
              73.0668709,
              19.048697
            ],
            [
              73.0669617,
              19.0486877
            ],
            [
              73.0669581,
              19.0486566
            ],
            [
              73.0671174,
              19.0486402
            ],
            [
              73.067121,
              19.0486715
            ],
            [
              73.067203,
              19.0486631
            ],
            [
              73.0671985,
              19.0486238
            ],
            [
              73.0671736,
              19.0486263
            ],
            [
              73.0671626,
              19.0485308
            ],
            [
              73.0671896,
              19.0485281
            ],
            [
              73.0671838,
              19.0484772
            ],
            [
              73.0670221,
              19.0484938
            ],
            [
              73.0670275,
              19.0485407
            ],
            [
              73.0669756,
              19.048546
            ],
            [
              73.0669702,
              19.0484991
            ],
            [
              73.0668496,
              19.0485115
            ],
            [
              73.0668556,
              19.0485632
            ],
            [
              73.0668779,
              19.0485609
            ],
            [
              73.0668879,
              19.0486485
            ],
            [
              73.0668656,
              19.0486508
            ],
            [
              73.0668709,
              19.048697
            ]
          ]
        ]
      }
    },
    {
      "type": "Feature",
      "properties": {
        "osm_way_id": 353750843,
        "building_type": "yes",
        "name": null,
        "height_m": 6.0,
        "height_source": "display fallback; OSM height unavailable",
        "building_levels": null,
        "source_dataset": "OpenStreetMap",
        "source_license": "ODbL 1.0",
        "source_extract": "https://api.openstreetmap.org/api/0.6/map?bbox=73.066,19.044,73.074,19.052"
      },
      "geometry": {
        "type": "Polygon",
        "coordinates": [
          [
            [
              73.0672892,
              19.0506806
            ],
            [
              73.0673423,
              19.0506746
            ],
            [
              73.0673468,
              19.0507096
            ],
            [
              73.0674534,
              19.0506974
            ],
            [
              73.0674478,
              19.0506531
            ],
            [
              73.067471,
              19.0506504
            ],
            [
              73.0674643,
              19.0505986
            ],
            [
              73.0674857,
              19.0505961
            ],
            [
              73.0674805,
              19.050555
            ],
            [
              73.0674558,
              19.0505578
            ],
            [
              73.0674456,
              19.0504776
            ],
            [
              73.0674268,
              19.0504798
            ],
            [
              73.0674237,
              19.050455
            ],
            [
              73.0673102,
              19.050468
            ],
            [
              73.0673138,
              19.0504957
            ],
            [
              73.0672663,
              19.0505012
            ],
            [
              73.0672892,
              19.0506806
            ]
          ]
        ]
      }
    },
    {
      "type": "Feature",
      "properties": {
        "osm_way_id": 353750845,
        "building_type": "yes",
        "name": null,
        "height_m": 6.0,
        "height_source": "display fallback; OSM height unavailable",
        "building_levels": null,
        "source_dataset": "OpenStreetMap",
        "source_license": "ODbL 1.0",
        "source_extract": "https://api.openstreetmap.org/api/0.6/map?bbox=73.066,19.044,73.074,19.052"
      },
      "geometry": {
        "type": "Polygon",
        "coordinates": [
          [
            [
              73.0690615,
              19.0490404
            ],
            [
              73.0690844,
              19.0492508
            ],
            [
              73.0692991,
              19.04923
            ],
            [
              73.0692902,
              19.0491479
            ],
            [
              73.0692706,
              19.0491498
            ],
            [
              73.0692652,
              19.0491005
            ],
            [
              73.0692828,
              19.0490988
            ],
            [
              73.0692742,
              19.0490198
            ],
            [
              73.0691928,
              19.0490277
            ],
            [
              73.069194,
              19.0490384
            ],
            [
              73.0691725,
              19.0490405
            ],
            [
              73.0691737,
              19.0490516
            ],
            [
              73.0691551,
              19.0490534
            ],
            [
              73.0691539,
              19.0490423
            ],
            [
              73.0691366,
              19.049044
            ],
            [
              73.0691355,
              19.0490333
            ],
            [
              73.0690615,
              19.0490404
            ]
          ]
        ]
      }
    },
    {
      "type": "Feature",
      "properties": {
        "osm_way_id": 353750848,
        "building_type": "yes",
        "name": null,
        "height_m": 6.0,
        "height_source": "display fallback; OSM height unavailable",
        "building_levels": null,
        "source_dataset": "OpenStreetMap",
        "source_license": "ODbL 1.0",
        "source_extract": "https://api.openstreetmap.org/api/0.6/map?bbox=73.066,19.044,73.074,19.052"
      },
      "geometry": {
        "type": "Polygon",
        "coordinates": [
          [
            [
              73.066823,
              19.0508086
            ],
            [
              73.0669494,
              19.0507942
            ],
            [
              73.0669448,
              19.0507579
            ],
            [
              73.0669504,
              19.0507573
            ],
            [
              73.0669462,
              19.0507248
            ],
            [
              73.0669363,
              19.0507259
            ],
            [
              73.0669337,
              19.0507049
            ],
            [
              73.0669193,
              19.0507066
            ],
            [
              73.0669157,
              19.0506786
            ],
            [
              73.0669044,
              19.0506799
            ],
            [
              73.0668996,
              19.0506426
            ],
            [
              73.066923,
              19.05064
            ],
            [
              73.0669034,
              19.0504866
            ],
            [
              73.0668198,
              19.0504962
            ],
            [
              73.0668216,
              19.0505103
            ],
            [
              73.0667752,
              19.0505156
            ],
            [
              73.0668076,
              19.0507694
            ],
            [
              73.0668178,
              19.0507682
            ],
            [
              73.066823,
              19.0508086
            ]
          ]
        ]
      }
    },
    {
      "type": "Feature",
      "properties": {
        "osm_way_id": 353750851,
        "building_type": "yes",
        "name": null,
        "height_m": 6.0,
        "height_source": "display fallback; OSM height unavailable",
        "building_levels": null,
        "source_dataset": "OpenStreetMap",
        "source_license": "ODbL 1.0",
        "source_extract": "https://api.openstreetmap.org/api/0.6/map?bbox=73.066,19.044,73.074,19.052"
      },
      "geometry": {
        "type": "Polygon",
        "coordinates": [
          [
            [
              73.0714545,
              19.0515196
            ],
            [
              73.0715264,
              19.0515106
            ],
            [
              73.0715235,
              19.0514899
            ],
            [
              73.071586,
              19.051482
            ],
            [
              73.0715884,
              19.0514985
            ],
            [
              73.07165,
              19.0514908
            ],
            [
              73.0716382,
              19.0514069
            ],
            [
              73.0716097,
              19.0514104
            ],
            [
              73.0715936,
              19.0512956
            ],
            [
              73.0715661,
              19.0512991
            ],
            [
              73.0715595,
              19.051252
            ],
            [
              73.0715737,
              19.0512502
            ],
            [
              73.0715484,
              19.0510696
            ],
            [
              73.0713784,
              19.0510909
            ],
            [
              73.0714047,
              19.0512787
            ],
            [
              73.07143,
              19.0512755
            ],
            [
              73.0714366,
              19.0513225
            ],
            [
              73.0714271,
              19.0513237
            ],
            [
              73.0714545,
              19.0515196
            ]
          ]
        ]
      }
    },
    {
      "type": "Feature",
      "properties": {
        "osm_way_id": 353750853,
        "building_type": "yes",
        "name": null,
        "height_m": 6.0,
        "height_source": "display fallback; OSM height unavailable",
        "building_levels": null,
        "source_dataset": "OpenStreetMap",
        "source_license": "ODbL 1.0",
        "source_extract": "https://api.openstreetmap.org/api/0.6/map?bbox=73.066,19.044,73.074,19.052"
      },
      "geometry": {
        "type": "Polygon",
        "coordinates": [
          [
            [
              73.0708422,
              19.0499038
            ],
            [
              73.0708989,
              19.0499451
            ],
            [
              73.0709107,
              19.0499306
            ],
            [
              73.0709715,
              19.0499749
            ],
            [
              73.0709597,
              19.0499894
            ],
            [
              73.071009,
              19.0500253
            ],
            [
              73.071073,
              19.04995
            ],
            [
              73.0710425,
              19.0499273
            ],
            [
              73.0710621,
              19.0499083
            ],
            [
              73.0710887,
              19.0499273
            ],
            [
              73.0711478,
              19.0498501
            ],
            [
              73.0710948,
              19.0498141
            ],
            [
              73.071089,
              19.0498217
            ],
            [
              73.0710331,
              19.0497838
            ],
            [
              73.0710389,
              19.0497761
            ],
            [
              73.0709771,
              19.0497342
            ],
            [
              73.0709255,
              19.0498114
            ],
            [
              73.0709717,
              19.0498382
            ],
            [
              73.0709394,
              19.0498599
            ],
            [
              73.0709041,
              19.0498284
            ],
            [
              73.0708422,
              19.0499038
            ]
          ]
        ]
      }
    },
    {
      "type": "Feature",
      "properties": {
        "osm_way_id": 353750856,
        "building_type": "yes",
        "name": null,
        "height_m": 6.0,
        "height_source": "display fallback; OSM height unavailable",
        "building_levels": null,
        "source_dataset": "OpenStreetMap",
        "source_license": "ODbL 1.0",
        "source_extract": "https://api.openstreetmap.org/api/0.6/map?bbox=73.066,19.044,73.074,19.052"
      },
      "geometry": {
        "type": "Polygon",
        "coordinates": [
          [
            [
              73.0706983,
              19.0508957
            ],
            [
              73.0707402,
              19.0509234
            ],
            [
              73.070752,
              19.0509074
            ],
            [
              73.0707728,
              19.0509211
            ],
            [
              73.0707968,
              19.0508886
            ],
            [
              73.0708408,
              19.0509177
            ],
            [
              73.0708168,
              19.0509502
            ],
            [
              73.0708299,
              19.0509588
            ],
            [
              73.0708181,
              19.0509748
            ],
            [
              73.0708569,
              19.0510004
            ],
            [
              73.0709895,
              19.0508209
            ],
            [
              73.0709535,
              19.0507972
            ],
            [
              73.0709371,
              19.0508194
            ],
            [
              73.0709165,
              19.0508058
            ],
            [
              73.0708983,
              19.0508305
            ],
            [
              73.070853,
              19.0508006
            ],
            [
              73.0708712,
              19.0507759
            ],
            [
              73.0708557,
              19.0507657
            ],
            [
              73.0708721,
              19.0507434
            ],
            [
              73.070831,
              19.0507162
            ],
            [
              73.0706983,
              19.0508957
            ]
          ]
        ]
      }
    },
    {
      "type": "Feature",
      "properties": {
        "osm_way_id": 353750859,
        "building_type": "yes",
        "name": null,
        "height_m": 6.0,
        "height_source": "display fallback; OSM height unavailable",
        "building_levels": null,
        "source_dataset": "OpenStreetMap",
        "source_license": "ODbL 1.0",
        "source_extract": "https://api.openstreetmap.org/api/0.6/map?bbox=73.066,19.044,73.074,19.052"
      },
      "geometry": {
        "type": "Polygon",
        "coordinates": [
          [
            [
              73.0709244,
              19.051856
            ],
            [
              73.0709306,
              19.0519024
            ],
            [
              73.0709448,
              19.0519007
            ],
            [
              73.0709487,
              19.0519303
            ],
            [
              73.0709708,
              19.0519276
            ],
            [
              73.0709758,
              19.0519651
            ],
            [
              73.0709402,
              19.0519693
            ],
            [
              73.0709513,
              19.0520525
            ],
            [
              73.0710146,
              19.0520449
            ],
            [
              73.0710159,
              19.0520546
            ],
            [
              73.0712649,
              19.0520248
            ],
            [
              73.0712586,
              19.0519779
            ],
            [
              73.0712391,
              19.0519802
            ],
            [
              73.0712337,
              19.0519401
            ],
            [
              73.0712203,
              19.0519417
            ],
            [
              73.0712144,
              19.0518976
            ],
            [
              73.0712315,
              19.0518955
            ],
            [
              73.071228,
              19.0518694
            ],
            [
              73.0712438,
              19.0518675
            ],
            [
              73.0712373,
              19.0518186
            ],
            [
              73.0709244,
              19.051856
            ]
          ]
        ]
      }
    },
    {
      "type": "Feature",
      "properties": {
        "osm_way_id": 353750862,
        "building_type": "yes",
        "name": null,
        "height_m": 6.0,
        "height_source": "display fallback; OSM height unavailable",
        "building_levels": null,
        "source_dataset": "OpenStreetMap",
        "source_license": "ODbL 1.0",
        "source_extract": "https://api.openstreetmap.org/api/0.6/map?bbox=73.066,19.044,73.074,19.052"
      },
      "geometry": {
        "type": "Polygon",
        "coordinates": [
          [
            [
              73.0715751,
              19.0499896
            ],
            [
              73.0716417,
              19.0500353
            ],
            [
              73.07165,
              19.0500245
            ],
            [
              73.0717254,
              19.0500763
            ],
            [
              73.0717171,
              19.0500871
            ],
            [
              73.0717722,
              19.0501269
            ],
            [
              73.0718003,
              19.0500912
            ],
            [
              73.0717887,
              19.0500828
            ],
            [
              73.0718629,
              19.0500029
            ],
            [
              73.071876,
              19.050011
            ],
            [
              73.0719133,
              19.0499709
            ],
            [
              73.0718292,
              19.0499131
            ],
            [
              73.0718215,
              19.0499232
            ],
            [
              73.071771,
              19.0498884
            ],
            [
              73.0717787,
              19.0498784
            ],
            [
              73.0717015,
              19.0498253
            ],
            [
              73.071659,
              19.0498805
            ],
            [
              73.071672,
              19.0498895
            ],
            [
              73.0716258,
              19.0499496
            ],
            [
              73.0716128,
              19.0499406
            ],
            [
              73.0715751,
              19.0499896
            ]
          ]
        ]
      }
    },
    {
      "type": "Feature",
      "properties": {
        "osm_way_id": 353750864,
        "building_type": "yes",
        "name": null,
        "height_m": 6.0,
        "height_source": "display fallback; OSM height unavailable",
        "building_levels": null,
        "source_dataset": "OpenStreetMap",
        "source_license": "ODbL 1.0",
        "source_extract": "https://api.openstreetmap.org/api/0.6/map?bbox=73.066,19.044,73.074,19.052"
      },
      "geometry": {
        "type": "Polygon",
        "coordinates": [
          [
            [
              73.0719061,
              19.0498758
            ],
            [
              73.0719746,
              19.0499229
            ],
            [
              73.0719813,
              19.049914
            ],
            [
              73.072045,
              19.0499578
            ],
            [
              73.0720382,
              19.0499667
            ],
            [
              73.0721179,
              19.0500214
            ],
            [
              73.0721438,
              19.0499878
            ],
            [
              73.0721269,
              19.0499762
            ],
            [
              73.0721939,
              19.0498891
            ],
            [
              73.0722108,
              19.0499007
            ],
            [
              73.0722443,
              19.0498572
            ],
            [
              73.0721619,
              19.0498006
            ],
            [
              73.0721547,
              19.04981
            ],
            [
              73.0720992,
              19.0497718
            ],
            [
              73.0721064,
              19.0497624
            ],
            [
              73.0720325,
              19.0497116
            ],
            [
              73.07199,
              19.0497668
            ],
            [
              73.072003,
              19.0497757
            ],
            [
              73.0719567,
              19.0498358
            ],
            [
              73.0719438,
              19.0498269
            ],
            [
              73.0719061,
              19.0498758
            ]
          ]
        ]
      }
    },
    {
      "type": "Feature",
      "properties": {
        "osm_way_id": 353750867,
        "building_type": "yes",
        "name": null,
        "height_m": 6.0,
        "height_source": "display fallback; OSM height unavailable",
        "building_levels": null,
        "source_dataset": "OpenStreetMap",
        "source_license": "ODbL 1.0",
        "source_extract": "https://api.openstreetmap.org/api/0.6/map?bbox=73.066,19.044,73.074,19.052"
      },
      "geometry": {
        "type": "Polygon",
        "coordinates": [
          [
            [
              73.0715576,
              19.0496178
            ],
            [
              73.0716274,
              19.0496657
            ],
            [
              73.0716359,
              19.0496547
            ],
            [
              73.0716912,
              19.0496928
            ],
            [
              73.0716827,
              19.0497038
            ],
            [
              73.0717694,
              19.0497634
            ],
            [
              73.0717953,
              19.0497297
            ],
            [
              73.0717783,
              19.0497181
            ],
            [
              73.0718453,
              19.0496311
            ],
            [
              73.0718622,
              19.0496427
            ],
            [
              73.0718958,
              19.0495991
            ],
            [
              73.0718272,
              19.049552
            ],
            [
              73.0718196,
              19.0495618
            ],
            [
              73.0717611,
              19.0495216
            ],
            [
              73.0717687,
              19.0495118
            ],
            [
              73.071684,
              19.0494535
            ],
            [
              73.0716415,
              19.0495087
            ],
            [
              73.0716544,
              19.0495177
            ],
            [
              73.0716082,
              19.0495778
            ],
            [
              73.0715952,
              19.0495688
            ],
            [
              73.0715576,
              19.0496178
            ]
          ]
        ]
      }
    },
    {
      "type": "Feature",
      "properties": {
        "osm_way_id": 353750869,
        "building_type": "yes",
        "name": null,
        "height_m": 6.0,
        "height_source": "display fallback; OSM height unavailable",
        "building_levels": null,
        "source_dataset": "OpenStreetMap",
        "source_license": "ODbL 1.0",
        "source_extract": "https://api.openstreetmap.org/api/0.6/map?bbox=73.066,19.044,73.074,19.052"
      },
      "geometry": {
        "type": "Polygon",
        "coordinates": [
          [
            [
              73.0711851,
              19.049736
            ],
            [
              73.071259,
              19.0497868
            ],
            [
              73.0712671,
              19.0497762
            ],
            [
              73.07132,
              19.0498125
            ],
            [
              73.0713119,
              19.0498231
            ],
            [
              73.0713956,
              19.0498555
            ],
            [
              73.0714278,
              19.0498302
            ],
            [
              73.0714009,
              19.0498127
            ],
            [
              73.0714578,
              19.0497386
            ],
            [
              73.0714773,
              19.0497479
            ],
            [
              73.0715082,
              19.0496913
            ],
            [
              73.0714252,
              19.0496499
            ],
            [
              73.0714148,
              19.0496634
            ],
            [
              73.0713694,
              19.0496322
            ],
            [
              73.0713798,
              19.0496187
            ],
            [
              73.0713115,
              19.0495718
            ],
            [
              73.071269,
              19.049627
            ],
            [
              73.071282,
              19.0496359
            ],
            [
              73.0712358,
              19.049696
            ],
            [
              73.0712228,
              19.0496871
            ],
            [
              73.0711851,
              19.049736
            ]
          ]
        ]
      }
    },
    {
      "type": "Feature",
      "properties": {
        "osm_way_id": 353750872,
        "building_type": "yes",
        "name": null,
        "height_m": 6.0,
        "height_source": "display fallback; OSM height unavailable",
        "building_levels": null,
        "source_dataset": "OpenStreetMap",
        "source_license": "ODbL 1.0",
        "source_extract": "https://api.openstreetmap.org/api/0.6/map?bbox=73.066,19.044,73.074,19.052"
      },
      "geometry": {
        "type": "Polygon",
        "coordinates": [
          [
            [
              73.0686976,
              19.0514906
            ],
            [
              73.0688611,
              19.0514843
            ],
            [
              73.0688603,
              19.0514644
            ],
            [
              73.0688775,
              19.0514638
            ],
            [
              73.068875,
              19.0514068
            ],
            [
              73.0688495,
              19.0514078
            ],
            [
              73.0688467,
              19.0513423
            ],
            [
              73.0688348,
              19.0513428
            ],
            [
              73.0688326,
              19.0512927
            ],
            [
              73.0688405,
              19.0512924
            ],
            [
              73.068838,
              19.0512357
            ],
            [
              73.0688557,
              19.051235
            ],
            [
              73.0688535,
              19.051183
            ],
            [
              73.0686568,
              19.0511907
            ],
            [
              73.0686598,
              19.0512589
            ],
            [
              73.0686975,
              19.0512574
            ],
            [
              73.0687046,
              19.0514222
            ],
            [
              73.0686665,
              19.0514237
            ],
            [
              73.0686684,
              19.051469
            ],
            [
              73.0686966,
              19.0514679
            ],
            [
              73.0686976,
              19.0514906
            ]
          ]
        ]
      }
    },
    {
      "type": "Feature",
      "properties": {
        "osm_way_id": 353750873,
        "building_type": "yes",
        "name": null,
        "height_m": 6.0,
        "height_source": "display fallback; OSM height unavailable",
        "building_levels": null,
        "source_dataset": "OpenStreetMap",
        "source_license": "ODbL 1.0",
        "source_extract": "https://api.openstreetmap.org/api/0.6/map?bbox=73.066,19.044,73.074,19.052"
      },
      "geometry": {
        "type": "Polygon",
        "coordinates": [
          [
            [
              73.0657108,
              19.0487804
            ],
            [
              73.0657154,
              19.0488156
            ],
            [
              73.0657784,
              19.0488083
            ],
            [
              73.065784,
              19.0488518
            ],
            [
              73.0657295,
              19.0488581
            ],
            [
              73.0657354,
              19.0489038
            ],
            [
              73.0658124,
              19.0488949
            ],
            [
              73.0658115,
              19.0488879
            ],
            [
              73.0659384,
              19.0488732
            ],
            [
              73.0659406,
              19.0488902
            ],
            [
              73.0660301,
              19.0488798
            ],
            [
              73.0660236,
              19.0488298
            ],
            [
              73.0659689,
              19.0488362
            ],
            [
              73.0659629,
              19.0487895
            ],
            [
              73.0660127,
              19.0487837
            ],
            [
              73.0660062,
              19.0487336
            ],
            [
              73.0659144,
              19.0487443
            ],
            [
              73.065916,
              19.0487566
            ],
            [
              73.0658634,
              19.0487627
            ],
            [
              73.0658618,
              19.0487501
            ],
            [
              73.0657806,
              19.0487595
            ],
            [
              73.0657823,
              19.0487721
            ],
            [
              73.0657108,
              19.0487804
            ]
          ]
        ]
      }
    },
    {
      "type": "Feature",
      "properties": {
        "osm_way_id": 353750874,
        "building_type": "yes",
        "name": null,
        "height_m": 6.0,
        "height_source": "display fallback; OSM height unavailable",
        "building_levels": null,
        "source_dataset": "OpenStreetMap",
        "source_license": "ODbL 1.0",
        "source_extract": "https://api.openstreetmap.org/api/0.6/map?bbox=73.066,19.044,73.074,19.052"
      },
      "geometry": {
        "type": "Polygon",
        "coordinates": [
          [
            [
              73.0658207,
              19.0494019
            ],
            [
              73.0658556,
              19.0493969
            ],
            [
              73.0658537,
              19.0493851
            ],
            [
              73.0658754,
              19.0493819
            ],
            [
              73.065878,
              19.0493978
            ],
            [
              73.0658977,
              19.049395
            ],
            [
              73.0658954,
              19.049381
            ],
            [
              73.0659856,
              19.049368
            ],
            [
              73.0659886,
              19.0493866
            ],
            [
              73.066013,
              19.0493831
            ],
            [
              73.0660112,
              19.049372
            ],
            [
              73.06604,
              19.0493679
            ],
            [
              73.0660413,
              19.0493759
            ],
            [
              73.0660845,
              19.0493697
            ],
            [
              73.0660604,
              19.0492197
            ],
            [
              73.0657877,
              19.0492589
            ],
            [
              73.0657949,
              19.0493039
            ],
            [
              73.0658083,
              19.049302
            ],
            [
              73.0658177,
              19.0493602
            ],
            [
              73.0658043,
              19.0493622
            ],
            [
              73.0658094,
              19.0493935
            ],
            [
              73.0658192,
              19.0493921
            ],
            [
              73.0658207,
              19.0494019
            ]
          ]
        ]
      }
    },
    {
      "type": "Feature",
      "properties": {
        "osm_way_id": 353750875,
        "building_type": "yes",
        "name": null,
        "height_m": 6.0,
        "height_source": "display fallback; OSM height unavailable",
        "building_levels": null,
        "source_dataset": "OpenStreetMap",
        "source_license": "ODbL 1.0",
        "source_extract": "https://api.openstreetmap.org/api/0.6/map?bbox=73.066,19.044,73.074,19.052"
      },
      "geometry": {
        "type": "Polygon",
        "coordinates": [
          [
            [
              73.0660664,
              19.0480559
            ],
            [
              73.0660704,
              19.0480804
            ],
            [
              73.066039,
              19.048085
            ],
            [
              73.0660582,
              19.0482037
            ],
            [
              73.0660816,
              19.0482003
            ],
            [
              73.0660852,
              19.0482227
            ],
            [
              73.0661446,
              19.0482141
            ],
            [
              73.0661482,
              19.0482366
            ],
            [
              73.0662365,
              19.0482238
            ],
            [
              73.0662481,
              19.0482957
            ],
            [
              73.0663516,
              19.0482808
            ],
            [
              73.0663314,
              19.0481559
            ],
            [
              73.0664353,
              19.0481409
            ],
            [
              73.0664387,
              19.048162
            ],
            [
              73.0664567,
              19.0481594
            ],
            [
              73.0664632,
              19.0481994
            ],
            [
              73.066557,
              19.0481859
            ],
            [
              73.0665511,
              19.0481498
            ],
            [
              73.0665694,
              19.0481471
            ],
            [
              73.0665498,
              19.0480257
            ],
            [
              73.0665309,
              19.0480284
            ],
            [
              73.0665278,
              19.0480087
            ],
            [
              73.066132,
              19.0480658
            ],
            [
              73.066129,
              19.0480469
            ],
            [
              73.0660664,
              19.0480559
            ]
          ]
        ]
      }
    },
    {
      "type": "Feature",
      "properties": {
        "osm_way_id": 353750876,
        "building_type": "yes",
        "name": null,
        "height_m": 6.0,
        "height_source": "display fallback; OSM height unavailable",
        "building_levels": null,
        "source_dataset": "OpenStreetMap",
        "source_license": "ODbL 1.0",
        "source_extract": "https://api.openstreetmap.org/api/0.6/map?bbox=73.066,19.044,73.074,19.052"
      },
      "geometry": {
        "type": "Polygon",
        "coordinates": [
          [
            [
              73.0716688,
              19.0514862
            ],
            [
              73.0719032,
              19.0514568
            ],
            [
              73.0718907,
              19.0513678
            ],
            [
              73.0718645,
              19.0513711
            ],
            [
              73.07186,
              19.0513392
            ],
            [
              73.0718838,
              19.0513363
            ],
            [
              73.071878,
              19.0512953
            ],
            [
              73.0718225,
              19.0513022
            ],
            [
              73.0718132,
              19.051236
            ],
            [
              73.0718694,
              19.0512289
            ],
            [
              73.0718607,
              19.0511667
            ],
            [
              73.0718154,
              19.0511724
            ],
            [
              73.0718111,
              19.0511421
            ],
            [
              73.0718348,
              19.0511391
            ],
            [
              73.0718201,
              19.0510341
            ],
            [
              73.071611,
              19.0510602
            ],
            [
              73.0716246,
              19.0511568
            ],
            [
              73.0716604,
              19.0511523
            ],
            [
              73.0716645,
              19.0511812
            ],
            [
              73.0716281,
              19.0511858
            ],
            [
              73.0716369,
              19.0512486
            ],
            [
              73.0717094,
              19.0512395
            ],
            [
              73.0717175,
              19.0512976
            ],
            [
              73.0716443,
              19.0513067
            ],
            [
              73.071651,
              19.0513547
            ],
            [
              73.0716954,
              19.0513492
            ],
            [
              73.0717003,
              19.0513843
            ],
            [
              73.0716553,
              19.0513899
            ],
            [
              73.0716688,
              19.0514862
            ]
          ]
        ]
      }
    },
    {
      "type": "Feature",
      "properties": {
        "osm_way_id": 353750877,
        "building_type": "yes",
        "name": null,
        "height_m": 6.0,
        "height_source": "display fallback; OSM height unavailable",
        "building_levels": null,
        "source_dataset": "OpenStreetMap",
        "source_license": "ODbL 1.0",
        "source_extract": "https://api.openstreetmap.org/api/0.6/map?bbox=73.066,19.044,73.074,19.052"
      },
      "geometry": {
        "type": "Polygon",
        "coordinates": [
          [
            [
              73.0717337,
              19.0520331
            ],
            [
              73.0717682,
              19.0520285
            ],
            [
              73.0717709,
              19.0520467
            ],
            [
              73.0717927,
              19.0520439
            ],
            [
              73.0717975,
              19.0520769
            ],
            [
              73.0718609,
              19.0520685
            ],
            [
              73.0718514,
              19.0520035
            ],
            [
              73.0718929,
              19.051998
            ],
            [
              73.0718855,
              19.0519476
            ],
            [
              73.0718733,
              19.0519492
            ],
            [
              73.0718689,
              19.0519196
            ],
            [
              73.0718615,
              19.0519205
            ],
            [
              73.0718578,
              19.0518957
            ],
            [
              73.0718368,
              19.0518984
            ],
            [
              73.0718286,
              19.0518426
            ],
            [
              73.0718591,
              19.0518386
            ],
            [
              73.0718556,
              19.051815
            ],
            [
              73.0718712,
              19.051813
            ],
            [
              73.0718615,
              19.0517473
            ],
            [
              73.071848,
              19.0517491
            ],
            [
              73.0718443,
              19.0517239
            ],
            [
              73.0718224,
              19.0517268
            ],
            [
              73.0718195,
              19.0517069
            ],
            [
              73.0717453,
              19.0517167
            ],
            [
              73.0717483,
              19.0517373
            ],
            [
              73.0716907,
              19.0517449
            ],
            [
              73.0717032,
              19.05183
            ],
            [
              73.0717299,
              19.0518265
            ],
            [
              73.0717346,
              19.0518589
            ],
            [
              73.0717523,
              19.0518566
            ],
            [
              73.071763,
              19.0519292
            ],
            [
              73.0717408,
              19.0519321
            ],
            [
              73.0717439,
              19.0519531
            ],
            [
              73.0717223,
              19.0519559
            ],
            [
              73.0717337,
              19.0520331
            ]
          ]
        ]
      }
    },
    {
      "type": "Feature",
      "properties": {
        "osm_way_id": 353750878,
        "building_type": "yes",
        "name": null,
        "height_m": 6.0,
        "height_source": "display fallback; OSM height unavailable",
        "building_levels": null,
        "source_dataset": "OpenStreetMap",
        "source_license": "ODbL 1.0",
        "source_extract": "https://api.openstreetmap.org/api/0.6/map?bbox=73.066,19.044,73.074,19.052"
      },
      "geometry": {
        "type": "Polygon",
        "coordinates": [
          [
            [
              73.0697247,
              19.0499476
            ],
            [
              73.0699048,
              19.0499257
            ],
            [
              73.0698663,
              19.049642
            ],
            [
              73.0696862,
              19.0496639
            ],
            [
              73.0697247,
              19.0499476
            ]
          ]
        ]
      }
    },
    {
      "type": "Feature",
      "properties": {
        "osm_way_id": 353750879,
        "building_type": "yes",
        "name": null,
        "height_m": 6.0,
        "height_source": "display fallback; OSM height unavailable",
        "building_levels": null,
        "source_dataset": "OpenStreetMap",
        "source_license": "ODbL 1.0",
        "source_extract": "https://api.openstreetmap.org/api/0.6/map?bbox=73.066,19.044,73.074,19.052"
      },
      "geometry": {
        "type": "Polygon",
        "coordinates": [
          [
            [
              73.0719862,
              19.0517215
            ],
            [
              73.0720149,
              19.0519161
            ],
            [
              73.0723153,
              19.0518767
            ],
            [
              73.0722866,
              19.051682
            ],
            [
              73.0719862,
              19.0517215
            ]
          ]
        ]
      }
    },
    {
      "type": "Feature",
      "properties": {
        "osm_way_id": 353750881,
        "building_type": "yes",
        "name": null,
        "height_m": 6.0,
        "height_source": "display fallback; OSM height unavailable",
        "building_levels": null,
        "source_dataset": "OpenStreetMap",
        "source_license": "ODbL 1.0",
        "source_extract": "https://api.openstreetmap.org/api/0.6/map?bbox=73.066,19.044,73.074,19.052"
      },
      "geometry": {
        "type": "Polygon",
        "coordinates": [
          [
            [
              73.0664599,
              19.0506084
            ],
            [
              73.0664791,
              19.0507583
            ],
            [
              73.0667099,
              19.050732
            ],
            [
              73.0666908,
              19.0505821
            ],
            [
              73.0664599,
              19.0506084
            ]
          ]
        ]
      }
    },
    {
      "type": "Feature",
      "properties": {
        "osm_way_id": 353750882,
        "building_type": "yes",
        "name": null,
        "height_m": 6.0,
        "height_source": "display fallback; OSM height unavailable",
        "building_levels": null,
        "source_dataset": "OpenStreetMap",
        "source_license": "ODbL 1.0",
        "source_extract": "https://api.openstreetmap.org/api/0.6/map?bbox=73.066,19.044,73.074,19.052"
      },
      "geometry": {
        "type": "Polygon",
        "coordinates": [
          [
            [
              73.0683631,
              19.0478798
            ],
            [
              73.0686036,
              19.0478638
            ],
            [
              73.0685937,
              19.0477313
            ],
            [
              73.0683532,
              19.0477473
            ],
            [
              73.0683631,
              19.0478798
            ]
          ]
        ]
      }
    },
    {
      "type": "Feature",
      "properties": {
        "osm_way_id": 353750883,
        "building_type": "yes",
        "name": null,
        "height_m": 6.0,
        "height_source": "display fallback; OSM height unavailable",
        "building_levels": null,
        "source_dataset": "OpenStreetMap",
        "source_license": "ODbL 1.0",
        "source_extract": "https://api.openstreetmap.org/api/0.6/map?bbox=73.066,19.044,73.074,19.052"
      },
      "geometry": {
        "type": "Polygon",
        "coordinates": [
          [
            [
              73.067091,
              19.0501195
            ],
            [
              73.0671077,
              19.0502465
            ],
            [
              73.06738,
              19.0502145
            ],
            [
              73.0673633,
              19.0500874
            ],
            [
              73.067091,
              19.0501195
            ]
          ]
        ]
      }
    },
    {
      "type": "Feature",
      "properties": {
        "osm_way_id": 353750884,
        "building_type": "yes",
        "name": null,
        "height_m": 6.0,
        "height_source": "display fallback; OSM height unavailable",
        "building_levels": null,
        "source_dataset": "OpenStreetMap",
        "source_license": "ODbL 1.0",
        "source_extract": "https://api.openstreetmap.org/api/0.6/map?bbox=73.066,19.044,73.074,19.052"
      },
      "geometry": {
        "type": "Polygon",
        "coordinates": [
          [
            [
              73.0661089,
              19.0504157
            ],
            [
              73.0662012,
              19.0504038
            ],
            [
              73.0661802,
              19.0502587
            ],
            [
              73.0660879,
              19.0502706
            ],
            [
              73.0661089,
              19.0504157
            ]
          ]
        ]
      }
    },
    {
      "type": "Feature",
      "properties": {
        "osm_way_id": 353750885,
        "building_type": "yes",
        "name": null,
        "height_m": 6.0,
        "height_source": "display fallback; OSM height unavailable",
        "building_levels": null,
        "source_dataset": "OpenStreetMap",
        "source_license": "ODbL 1.0",
        "source_extract": "https://api.openstreetmap.org/api/0.6/map?bbox=73.066,19.044,73.074,19.052"
      },
      "geometry": {
        "type": "Polygon",
        "coordinates": [
          [
            [
              73.0669988,
              19.0483761
            ],
            [
              73.067004,
              19.0484446
            ],
            [
              73.067158,
              19.0484343
            ],
            [
              73.0671529,
              19.0483658
            ],
            [
              73.0669988,
              19.0483761
            ]
          ]
        ]
      }
    },
    {
      "type": "Feature",
      "properties": {
        "osm_way_id": 353750888,
        "building_type": "yes",
        "name": null,
        "height_m": 6.0,
        "height_source": "display fallback; OSM height unavailable",
        "building_levels": null,
        "source_dataset": "OpenStreetMap",
        "source_license": "ODbL 1.0",
        "source_extract": "https://api.openstreetmap.org/api/0.6/map?bbox=73.066,19.044,73.074,19.052"
      },
      "geometry": {
        "type": "Polygon",
        "coordinates": [
          [
            [
              73.0656131,
              19.0485058
            ],
            [
              73.0656377,
              19.0486958
            ],
            [
              73.0660131,
              19.0486523
            ],
            [
              73.0659885,
              19.0484623
            ],
            [
              73.0656131,
              19.0485058
            ]
          ]
        ]
      }
    },
    {
      "type": "Feature",
      "properties": {
        "osm_way_id": 353750889,
        "building_type": "yes",
        "name": null,
        "height_m": 6.0,
        "height_source": "display fallback; OSM height unavailable",
        "building_levels": null,
        "source_dataset": "OpenStreetMap",
        "source_license": "ODbL 1.0",
        "source_extract": "https://api.openstreetmap.org/api/0.6/map?bbox=73.066,19.044,73.074,19.052"
      },
      "geometry": {
        "type": "Polygon",
        "coordinates": [
          [
            [
              73.0674358,
              19.0497321
            ],
            [
              73.0675437,
              19.0497244
            ],
            [
              73.0675304,
              19.0495581
            ],
            [
              73.0674226,
              19.0495658
            ],
            [
              73.0674358,
              19.0497321
            ]
          ]
        ]
      }
    },
    {
      "type": "Feature",
      "properties": {
        "osm_way_id": 353750890,
        "building_type": "yes",
        "name": null,
        "height_m": 6.0,
        "height_source": "display fallback; OSM height unavailable",
        "building_levels": null,
        "source_dataset": "OpenStreetMap",
        "source_license": "ODbL 1.0",
        "source_extract": "https://api.openstreetmap.org/api/0.6/map?bbox=73.066,19.044,73.074,19.052"
      },
      "geometry": {
        "type": "Polygon",
        "coordinates": [
          [
            [
              73.0660558,
              19.0500832
            ],
            [
              73.0660709,
              19.0501916
            ],
            [
              73.0662301,
              19.0501718
            ],
            [
              73.066215,
              19.0500634
            ],
            [
              73.0660558,
              19.0500832
            ]
          ]
        ]
      }
    },
    {
      "type": "Feature",
      "properties": {
        "osm_way_id": 353750891,
        "building_type": "yes",
        "name": null,
        "height_m": 6.0,
        "height_source": "display fallback; OSM height unavailable",
        "building_levels": null,
        "source_dataset": "OpenStreetMap",
        "source_license": "ODbL 1.0",
        "source_extract": "https://api.openstreetmap.org/api/0.6/map?bbox=73.066,19.044,73.074,19.052"
      },
      "geometry": {
        "type": "Polygon",
        "coordinates": [
          [
            [
              73.0714902,
              19.0518718
            ],
            [
              73.0716369,
              19.0518525
            ],
            [
              73.0716127,
              19.0516877
            ],
            [
              73.071466,
              19.051707
            ],
            [
              73.0714902,
              19.0518718
            ]
          ]
        ]
      }
    },
    {
      "type": "Feature",
      "properties": {
        "osm_way_id": 353750892,
        "building_type": "yes",
        "name": null,
        "height_m": 6.0,
        "height_source": "display fallback; OSM height unavailable",
        "building_levels": null,
        "source_dataset": "OpenStreetMap",
        "source_license": "ODbL 1.0",
        "source_extract": "https://api.openstreetmap.org/api/0.6/map?bbox=73.066,19.044,73.074,19.052"
      },
      "geometry": {
        "type": "Polygon",
        "coordinates": [
          [
            [
              73.0681335,
              19.0519217
            ],
            [
              73.0681593,
              19.0518397
            ],
            [
              73.0681363,
              19.0518332
            ],
            [
              73.0681449,
              19.0517983
            ],
            [
              73.0681098,
              19.0517844
            ],
            [
              73.0681176,
              19.0517539
            ],
            [
              73.0680068,
              19.0517198
            ],
            [
              73.0679588,
              19.0518728
            ],
            [
              73.0681335,
              19.0519217
            ]
          ]
        ]
      }
    },
    {
      "type": "Feature",
      "properties": {
        "osm_way_id": 353750893,
        "building_type": "yes",
        "name": null,
        "height_m": 6.0,
        "height_source": "display fallback; OSM height unavailable",
        "building_levels": null,
        "source_dataset": "OpenStreetMap",
        "source_license": "ODbL 1.0",
        "source_extract": "https://api.openstreetmap.org/api/0.6/map?bbox=73.066,19.044,73.074,19.052"
      },
      "geometry": {
        "type": "Polygon",
        "coordinates": [
          [
            [
              73.0662249,
              19.0493161
            ],
            [
              73.0662426,
              19.0494575
            ],
            [
              73.0666938,
              19.0494071
            ],
            [
              73.0666761,
              19.0492657
            ],
            [
              73.0662249,
              19.0493161
            ]
          ]
        ]
      }
    },
    {
      "type": "Feature",
      "properties": {
        "osm_way_id": 353750895,
        "building_type": "yes",
        "name": null,
        "height_m": 6.0,
        "height_source": "display fallback; OSM height unavailable",
        "building_levels": null,
        "source_dataset": "OpenStreetMap",
        "source_license": "ODbL 1.0",
        "source_extract": "https://api.openstreetmap.org/api/0.6/map?bbox=73.066,19.044,73.074,19.052"
      },
      "geometry": {
        "type": "Polygon",
        "coordinates": [
          [
            [
              73.0672995,
              19.049995
            ],
            [
              73.0674092,
              19.0499821
            ],
            [
              73.0673943,
              19.049869
            ],
            [
              73.0672846,
              19.0498819
            ],
            [
              73.0672995,
              19.049995
            ]
          ]
        ]
      }
    },
    {
      "type": "Feature",
      "properties": {
        "osm_way_id": 353750896,
        "building_type": "yes",
        "name": null,
        "height_m": 6.0,
        "height_source": "display fallback; OSM height unavailable",
        "building_levels": null,
        "source_dataset": "OpenStreetMap",
        "source_license": "ODbL 1.0",
        "source_extract": "https://api.openstreetmap.org/api/0.6/map?bbox=73.066,19.044,73.074,19.052"
      },
      "geometry": {
        "type": "Polygon",
        "coordinates": [
          [
            [
              73.0681093,
              19.0498573
            ],
            [
              73.0684099,
              19.0498203
            ],
            [
              73.068397,
              19.0497267
            ],
            [
              73.0680964,
              19.0497638
            ],
            [
              73.0681093,
              19.0498573
            ]
          ]
        ]
      }
    },
    {
      "type": "Feature",
      "properties": {
        "osm_way_id": 353750898,
        "building_type": "apartments",
        "name": "Raigad CHS",
        "height_m": 15.0,
        "height_source": "OSM building:levels \u00d7 3 m",
        "building_levels": 5.0,
        "source_dataset": "OpenStreetMap",
        "source_license": "ODbL 1.0",
        "source_extract": "https://api.openstreetmap.org/api/0.6/map?bbox=73.066,19.044,73.074,19.052"
      },
      "geometry": {
        "type": "Polygon",
        "coordinates": [
          [
            [
              73.0663591,
              19.0503695
            ],
            [
              73.0665564,
              19.050346
            ],
            [
              73.0665397,
              19.05022
            ],
            [
              73.0663423,
              19.0502434
            ],
            [
              73.0663591,
              19.0503695
            ]
          ]
        ]
      }
    },
    {
      "type": "Feature",
      "properties": {
        "osm_way_id": 353750900,
        "building_type": "yes",
        "name": null,
        "height_m": 6.0,
        "height_source": "display fallback; OSM height unavailable",
        "building_levels": null,
        "source_dataset": "OpenStreetMap",
        "source_license": "ODbL 1.0",
        "source_extract": "https://api.openstreetmap.org/api/0.6/map?bbox=73.066,19.044,73.074,19.052"
      },
      "geometry": {
        "type": "Polygon",
        "coordinates": [
          [
            [
              73.0676107,
              19.0505173
            ],
            [
              73.0676338,
              19.0506981
            ],
            [
              73.0679592,
              19.0506609
            ],
            [
              73.0679361,
              19.0504801
            ],
            [
              73.0676107,
              19.0505173
            ]
          ]
        ]
      }
    },
    {
      "type": "Feature",
      "properties": {
        "osm_way_id": 353750901,
        "building_type": "yes",
        "name": null,
        "height_m": 6.0,
        "height_source": "display fallback; OSM height unavailable",
        "building_levels": null,
        "source_dataset": "OpenStreetMap",
        "source_license": "ODbL 1.0",
        "source_extract": "https://api.openstreetmap.org/api/0.6/map?bbox=73.066,19.044,73.074,19.052"
      },
      "geometry": {
        "type": "Polygon",
        "coordinates": [
          [
            [
              73.0683991,
              19.048463
            ],
            [
              73.0687342,
              19.0484248
            ],
            [
              73.0687078,
              19.048218
            ],
            [
              73.0683727,
              19.0482563
            ],
            [
              73.0683991,
              19.048463
            ]
          ]
        ]
      }
    },
    {
      "type": "Feature",
      "properties": {
        "osm_way_id": 353750903,
        "building_type": "yes",
        "name": null,
        "height_m": 6.0,
        "height_source": "display fallback; OSM height unavailable",
        "building_levels": null,
        "source_dataset": "OpenStreetMap",
        "source_license": "ODbL 1.0",
        "source_extract": "https://api.openstreetmap.org/api/0.6/map?bbox=73.066,19.044,73.074,19.052"
      },
      "geometry": {
        "type": "Polygon",
        "coordinates": [
          [
            [
              73.0680675,
              19.0499617
            ],
            [
              73.0680904,
              19.0501292
            ],
            [
              73.0684516,
              19.0500852
            ],
            [
              73.0684287,
              19.0499177
            ],
            [
              73.0680675,
              19.0499617
            ]
          ]
        ]
      }
    },
    {
      "type": "Feature",
      "properties": {
        "osm_way_id": 353750905,
        "building_type": "yes",
        "name": null,
        "height_m": 6.0,
        "height_source": "display fallback; OSM height unavailable",
        "building_levels": null,
        "source_dataset": "OpenStreetMap",
        "source_license": "ODbL 1.0",
        "source_extract": "https://api.openstreetmap.org/api/0.6/map?bbox=73.066,19.044,73.074,19.052"
      },
      "geometry": {
        "type": "Polygon",
        "coordinates": [
          [
            [
              73.0672543,
              19.0488814
            ],
            [
              73.0674073,
              19.0488718
            ],
            [
              73.0673962,
              19.0487115
            ],
            [
              73.0672431,
              19.048721
            ],
            [
              73.0672543,
              19.0488814
            ]
          ]
        ]
      }
    },
    {
      "type": "Feature",
      "properties": {
        "osm_way_id": 353750906,
        "building_type": "yes",
        "name": null,
        "height_m": 6.0,
        "height_source": "display fallback; OSM height unavailable",
        "building_levels": null,
        "source_dataset": "OpenStreetMap",
        "source_license": "ODbL 1.0",
        "source_extract": "https://api.openstreetmap.org/api/0.6/map?bbox=73.066,19.044,73.074,19.052"
      },
      "geometry": {
        "type": "Polygon",
        "coordinates": [
          [
            [
              73.0676562,
              19.0500142
            ],
            [
              73.0677728,
              19.0500005
            ],
            [
              73.06775,
              19.0498275
            ],
            [
              73.0676335,
              19.0498413
            ],
            [
              73.0676562,
              19.0500142
            ]
          ]
        ]
      }
    },
    {
      "type": "Feature",
      "properties": {
        "osm_way_id": 353750907,
        "building_type": "yes",
        "name": null,
        "height_m": 6.0,
        "height_source": "display fallback; OSM height unavailable",
        "building_levels": null,
        "source_dataset": "OpenStreetMap",
        "source_license": "ODbL 1.0",
        "source_extract": "https://api.openstreetmap.org/api/0.6/map?bbox=73.066,19.044,73.074,19.052"
      },
      "geometry": {
        "type": "Polygon",
        "coordinates": [
          [
            [
              73.0669841,
              19.0497469
            ],
            [
              73.0672487,
              19.0497133
            ],
            [
              73.0672328,
              19.0496009
            ],
            [
              73.0669682,
              19.0496345
            ],
            [
              73.0669841,
              19.0497469
            ]
          ]
        ]
      }
    },
    {
      "type": "Feature",
      "properties": {
        "osm_way_id": 353750909,
        "building_type": "yes",
        "name": null,
        "height_m": 6.0,
        "height_source": "display fallback; OSM height unavailable",
        "building_levels": null,
        "source_dataset": "OpenStreetMap",
        "source_license": "ODbL 1.0",
        "source_extract": "https://api.openstreetmap.org/api/0.6/map?bbox=73.066,19.044,73.074,19.052"
      },
      "geometry": {
        "type": "Polygon",
        "coordinates": [
          [
            [
              73.067821,
              19.0520129
            ],
            [
              73.0679803,
              19.0520607
            ],
            [
              73.0680257,
              19.0519254
            ],
            [
              73.0678664,
              19.0518776
            ],
            [
              73.067821,
              19.0520129
            ]
          ]
        ]
      }
    },
    {
      "type": "Feature",
      "properties": {
        "osm_way_id": 353750911,
        "building_type": "apartments",
        "name": "Sai Bhakti CHS",
        "height_m": 12.0,
        "height_source": "OSM building:levels \u00d7 3 m",
        "building_levels": 4.0,
        "source_dataset": "OpenStreetMap",
        "source_license": "ODbL 1.0",
        "source_extract": "https://api.openstreetmap.org/api/0.6/map?bbox=73.066,19.044,73.074,19.052"
      },
      "geometry": {
        "type": "Polygon",
        "coordinates": [
          [
            [
              73.0666066,
              19.0503523
            ],
            [
              73.066702,
              19.0503415
            ],
            [
              73.0666839,
              19.0501989
            ],
            [
              73.0665884,
              19.0502098
            ],
            [
              73.0666066,
              19.0503523
            ]
          ]
        ]
      }
    },
    {
      "type": "Feature",
      "properties": {
        "osm_way_id": 353750912,
        "building_type": "yes",
        "name": null,
        "height_m": 6.0,
        "height_source": "display fallback; OSM height unavailable",
        "building_levels": null,
        "source_dataset": "OpenStreetMap",
        "source_license": "ODbL 1.0",
        "source_extract": "https://api.openstreetmap.org/api/0.6/map?bbox=73.066,19.044,73.074,19.052"
      },
      "geometry": {
        "type": "Polygon",
        "coordinates": [
          [
            [
              73.0675939,
              19.0495537
            ],
            [
              73.0676066,
              19.0496891
            ],
            [
              73.0677962,
              19.0496733
            ],
            [
              73.0677835,
              19.0495378
            ],
            [
              73.0675939,
              19.0495537
            ]
          ]
        ]
      }
    },
    {
      "type": "Feature",
      "properties": {
        "osm_way_id": 353750914,
        "building_type": "yes",
        "name": null,
        "height_m": 6.0,
        "height_source": "display fallback; OSM height unavailable",
        "building_levels": null,
        "source_dataset": "OpenStreetMap",
        "source_license": "ODbL 1.0",
        "source_extract": "https://api.openstreetmap.org/api/0.6/map?bbox=73.066,19.044,73.074,19.052"
      },
      "geometry": {
        "type": "Polygon",
        "coordinates": [
          [
            [
              73.0680635,
              19.0495741
            ],
            [
              73.068078,
              19.049679
            ],
            [
              73.0682134,
              19.0496623
            ],
            [
              73.0681989,
              19.0495574
            ],
            [
              73.0680635,
              19.0495741
            ]
          ]
        ]
      }
    },
    {
      "type": "Feature",
      "properties": {
        "osm_way_id": 353750915,
        "building_type": "yes",
        "name": null,
        "height_m": 6.0,
        "height_source": "display fallback; OSM height unavailable",
        "building_levels": null,
        "source_dataset": "OpenStreetMap",
        "source_license": "ODbL 1.0",
        "source_extract": "https://api.openstreetmap.org/api/0.6/map?bbox=73.066,19.044,73.074,19.052"
      },
      "geometry": {
        "type": "Polygon",
        "coordinates": [
          [
            [
              73.067702,
              19.0500684
            ],
            [
              73.0677226,
              19.0502253
            ],
            [
              73.0679379,
              19.0502
            ],
            [
              73.0679173,
              19.0500431
            ],
            [
              73.067702,
              19.0500684
            ]
          ]
        ]
      }
    },
    {
      "type": "Feature",
      "properties": {
        "osm_way_id": 353750916,
        "building_type": "yes",
        "name": null,
        "height_m": 6.0,
        "height_source": "display fallback; OSM height unavailable",
        "building_levels": null,
        "source_dataset": "OpenStreetMap",
        "source_license": "ODbL 1.0",
        "source_extract": "https://api.openstreetmap.org/api/0.6/map?bbox=73.066,19.044,73.074,19.052"
      },
      "geometry": {
        "type": "Polygon",
        "coordinates": [
          [
            [
              73.0691192,
              19.0490131
            ],
            [
              73.0693048,
              19.0489893
            ],
            [
              73.0692826,
              19.0488339
            ],
            [
              73.0690969,
              19.0488576
            ],
            [
              73.0691192,
              19.0490131
            ]
          ]
        ]
      }
    },
    {
      "type": "Feature",
      "properties": {
        "osm_way_id": 353750917,
        "building_type": "yes",
        "name": null,
        "height_m": 6.0,
        "height_source": "display fallback; OSM height unavailable",
        "building_levels": null,
        "source_dataset": "OpenStreetMap",
        "source_license": "ODbL 1.0",
        "source_extract": "https://api.openstreetmap.org/api/0.6/map?bbox=73.066,19.044,73.074,19.052"
      },
      "geometry": {
        "type": "Polygon",
        "coordinates": [
          [
            [
              73.0686348,
              19.0486726
            ],
            [
              73.0688007,
              19.0486558
            ],
            [
              73.0687813,
              19.0484849
            ],
            [
              73.0686155,
              19.0485017
            ],
            [
              73.0686348,
              19.0486726
            ]
          ]
        ]
      }
    },
    {
      "type": "Feature",
      "properties": {
        "osm_way_id": 353750918,
        "building_type": "yes",
        "name": null,
        "height_m": 6.0,
        "height_source": "display fallback; OSM height unavailable",
        "building_levels": null,
        "source_dataset": "OpenStreetMap",
        "source_license": "ODbL 1.0",
        "source_extract": "https://api.openstreetmap.org/api/0.6/map?bbox=73.066,19.044,73.074,19.052"
      },
      "geometry": {
        "type": "Polygon",
        "coordinates": [
          [
            [
              73.0658878,
              19.0502334
            ],
            [
              73.066029,
              19.050213
            ],
            [
              73.0660039,
              19.0500573
            ],
            [
              73.0658627,
              19.0500777
            ],
            [
              73.0658878,
              19.0502334
            ]
          ]
        ]
      }
    },
    {
      "type": "Feature",
      "properties": {
        "osm_way_id": 353750919,
        "building_type": "yes",
        "name": null,
        "height_m": 6.0,
        "height_source": "display fallback; OSM height unavailable",
        "building_levels": null,
        "source_dataset": "OpenStreetMap",
        "source_license": "ODbL 1.0",
        "source_extract": "https://api.openstreetmap.org/api/0.6/map?bbox=73.066,19.044,73.074,19.052"
      },
      "geometry": {
        "type": "Polygon",
        "coordinates": [
          [
            [
              73.0714507,
              19.051921
            ],
            [
              73.0714696,
              19.0520499
            ],
            [
              73.0716793,
              19.0520224
            ],
            [
              73.0716604,
              19.0518934
            ],
            [
              73.0714507,
              19.051921
            ]
          ]
        ]
      }
    },
    {
      "type": "Feature",
      "properties": {
        "osm_way_id": 353750920,
        "building_type": "yes",
        "name": null,
        "height_m": 6.0,
        "height_source": "display fallback; OSM height unavailable",
        "building_levels": null,
        "source_dataset": "OpenStreetMap",
        "source_license": "ODbL 1.0",
        "source_extract": "https://api.openstreetmap.org/api/0.6/map?bbox=73.066,19.044,73.074,19.052"
      },
      "geometry": {
        "type": "Polygon",
        "coordinates": [
          [
            [
              73.0683828,
              19.0520073
            ],
            [
              73.068446,
              19.0520291
            ],
            [
              73.0684953,
              19.051901
            ],
            [
              73.0684321,
              19.0518792
            ],
            [
              73.0683828,
              19.0520073
            ]
          ]
        ]
      }
    },
    {
      "type": "Feature",
      "properties": {
        "osm_way_id": 353750923,
        "building_type": "yes",
        "name": null,
        "height_m": 6.0,
        "height_source": "display fallback; OSM height unavailable",
        "building_levels": null,
        "source_dataset": "OpenStreetMap",
        "source_license": "ODbL 1.0",
        "source_extract": "https://api.openstreetmap.org/api/0.6/map?bbox=73.066,19.044,73.074,19.052"
      },
      "geometry": {
        "type": "Polygon",
        "coordinates": [
          [
            [
              73.0662482,
              19.0501844
            ],
            [
              73.0663818,
              19.050176
            ],
            [
              73.0663692,
              19.0499991
            ],
            [
              73.0662356,
              19.0500076
            ],
            [
              73.0662482,
              19.0501844
            ]
          ]
        ]
      }
    },
    {
      "type": "Feature",
      "properties": {
        "osm_way_id": 353750924,
        "building_type": "yes",
        "name": null,
        "height_m": 6.0,
        "height_source": "display fallback; OSM height unavailable",
        "building_levels": null,
        "source_dataset": "OpenStreetMap",
        "source_license": "ODbL 1.0",
        "source_extract": "https://api.openstreetmap.org/api/0.6/map?bbox=73.066,19.044,73.074,19.052"
      },
      "geometry": {
        "type": "Polygon",
        "coordinates": [
          [
            [
              73.0723722,
              19.0520224
            ],
            [
              73.0725664,
              19.052008
            ],
            [
              73.0725462,
              19.0517658
            ],
            [
              73.072352,
              19.0517802
            ],
            [
              73.0723722,
              19.0520224
            ]
          ]
        ]
      }
    },
    {
      "type": "Feature",
      "properties": {
        "osm_way_id": 353750925,
        "building_type": "yes",
        "name": null,
        "height_m": 6.0,
        "height_source": "display fallback; OSM height unavailable",
        "building_levels": null,
        "source_dataset": "OpenStreetMap",
        "source_license": "ODbL 1.0",
        "source_extract": "https://api.openstreetmap.org/api/0.6/map?bbox=73.066,19.044,73.074,19.052"
      },
      "geometry": {
        "type": "Polygon",
        "coordinates": [
          [
            [
              73.0675274,
              19.0502407
            ],
            [
              73.0676604,
              19.0502251
            ],
            [
              73.067633,
              19.0500168
            ],
            [
              73.0674999,
              19.0500324
            ],
            [
              73.0675274,
              19.0502407
            ]
          ]
        ]
      }
    },
    {
      "type": "Feature",
      "properties": {
        "osm_way_id": 353750926,
        "building_type": "yes",
        "name": null,
        "height_m": 6.0,
        "height_source": "display fallback; OSM height unavailable",
        "building_levels": null,
        "source_dataset": "OpenStreetMap",
        "source_license": "ODbL 1.0",
        "source_extract": "https://api.openstreetmap.org/api/0.6/map?bbox=73.066,19.044,73.074,19.052"
      },
      "geometry": {
        "type": "Polygon",
        "coordinates": [
          [
            [
              73.0685746,
              19.0487351
            ],
            [
              73.0685588,
              19.0485559
            ],
            [
              73.0684357,
              19.0485656
            ],
            [
              73.0684515,
              19.0487448
            ],
            [
              73.0685746,
              19.0487351
            ]
          ]
        ]
      }
    },
    {
      "type": "Feature",
      "properties": {
        "osm_way_id": 353750927,
        "building_type": "yes",
        "name": null,
        "height_m": 6.0,
        "height_source": "display fallback; OSM height unavailable",
        "building_levels": null,
        "source_dataset": "OpenStreetMap",
        "source_license": "ODbL 1.0",
        "source_extract": "https://api.openstreetmap.org/api/0.6/map?bbox=73.066,19.044,73.074,19.052"
      },
      "geometry": {
        "type": "Polygon",
        "coordinates": [
          [
            [
              73.0684986,
              19.0497037
            ],
            [
              73.0685185,
              19.0498483
            ],
            [
              73.0687433,
              19.0498206
            ],
            [
              73.0687233,
              19.049676
            ],
            [
              73.068637,
              19.0496866
            ],
            [
              73.0684986,
              19.0497037
            ]
          ]
        ]
      }
    },
    {
      "type": "Feature",
      "properties": {
        "osm_way_id": 353750929,
        "building_type": "yes",
        "name": null,
        "height_m": 6.0,
        "height_source": "display fallback; OSM height unavailable",
        "building_levels": null,
        "source_dataset": "OpenStreetMap",
        "source_license": "ODbL 1.0",
        "source_extract": "https://api.openstreetmap.org/api/0.6/map?bbox=73.066,19.044,73.074,19.052"
      },
      "geometry": {
        "type": "Polygon",
        "coordinates": [
          [
            [
              73.0662155,
              19.0504016
            ],
            [
              73.0663167,
              19.0503865
            ],
            [
              73.0662902,
              19.0502281
            ],
            [
              73.066189,
              19.0502433
            ],
            [
              73.0662155,
              19.0504016
            ]
          ]
        ]
      }
    },
    {
      "type": "Feature",
      "properties": {
        "osm_way_id": 353750931,
        "building_type": "yes",
        "name": null,
        "height_m": 6.0,
        "height_source": "display fallback; OSM height unavailable",
        "building_levels": null,
        "source_dataset": "OpenStreetMap",
        "source_license": "ODbL 1.0",
        "source_extract": "https://api.openstreetmap.org/api/0.6/map?bbox=73.066,19.044,73.074,19.052"
      },
      "geometry": {
        "type": "Polygon",
        "coordinates": [
          [
            [
              73.0675121,
              19.0487682
            ],
            [
              73.0675787,
              19.0487611
            ],
            [
              73.0675661,
              19.0486555
            ],
            [
              73.0674996,
              19.0486626
            ],
            [
              73.0675121,
              19.0487682
            ]
          ]
        ]
      }
    },
    {
      "type": "Feature",
      "properties": {
        "osm_way_id": 353750932,
        "building_type": "yes",
        "name": null,
        "height_m": 6.0,
        "height_source": "display fallback; OSM height unavailable",
        "building_levels": null,
        "source_dataset": "OpenStreetMap",
        "source_license": "ODbL 1.0",
        "source_extract": "https://api.openstreetmap.org/api/0.6/map?bbox=73.066,19.044,73.074,19.052"
      },
      "geometry": {
        "type": "Polygon",
        "coordinates": [
          [
            [
              73.0678108,
              19.0499995
            ],
            [
              73.067911,
              19.0499877
            ],
            [
              73.0678888,
              19.0498193
            ],
            [
              73.0677886,
              19.0498311
            ],
            [
              73.0678108,
              19.0499995
            ]
          ]
        ]
      }
    },
    {
      "type": "Feature",
      "properties": {
        "osm_way_id": 353750933,
        "building_type": "yes",
        "name": null,
        "height_m": 6.0,
        "height_source": "display fallback; OSM height unavailable",
        "building_levels": null,
        "source_dataset": "OpenStreetMap",
        "source_license": "ODbL 1.0",
        "source_extract": "https://api.openstreetmap.org/api/0.6/map?bbox=73.066,19.044,73.074,19.052"
      },
      "geometry": {
        "type": "Polygon",
        "coordinates": [
          [
            [
              73.0697165,
              19.0495353
            ],
            [
              73.0698299,
              19.0495266
            ],
            [
              73.0698111,
              19.0493069
            ],
            [
              73.0696976,
              19.0493156
            ],
            [
              73.0697165,
              19.0495353
            ]
          ]
        ]
      }
    },
    {
      "type": "Feature",
      "properties": {
        "osm_way_id": 353750934,
        "building_type": "yes",
        "name": null,
        "height_m": 6.0,
        "height_source": "display fallback; OSM height unavailable",
        "building_levels": null,
        "source_dataset": "OpenStreetMap",
        "source_license": "ODbL 1.0",
        "source_extract": "https://api.openstreetmap.org/api/0.6/map?bbox=73.066,19.044,73.074,19.052"
      },
      "geometry": {
        "type": "Polygon",
        "coordinates": [
          [
            [
              73.0674567,
              19.0499763
            ],
            [
              73.0676191,
              19.0499571
            ],
            [
              73.0676058,
              19.0498559
            ],
            [
              73.0674434,
              19.049875
            ],
            [
              73.0674567,
              19.0499763
            ]
          ]
        ]
      }
    },
    {
      "type": "Feature",
      "properties": {
        "osm_way_id": 353750935,
        "building_type": "yes",
        "name": null,
        "height_m": 6.0,
        "height_source": "display fallback; OSM height unavailable",
        "building_levels": null,
        "source_dataset": "OpenStreetMap",
        "source_license": "ODbL 1.0",
        "source_extract": "https://api.openstreetmap.org/api/0.6/map?bbox=73.066,19.044,73.074,19.052"
      },
      "geometry": {
        "type": "Polygon",
        "coordinates": [
          [
            [
              73.0671624,
              19.0517049
            ],
            [
              73.0671212,
              19.0518356
            ],
            [
              73.0672525,
              19.0518725
            ],
            [
              73.0672936,
              19.0517418
            ],
            [
              73.0671624,
              19.0517049
            ]
          ]
        ]
      }
    },
    {
      "type": "Feature",
      "properties": {
        "osm_way_id": 353750937,
        "building_type": "yes",
        "name": null,
        "height_m": 6.0,
        "height_source": "display fallback; OSM height unavailable",
        "building_levels": null,
        "source_dataset": "OpenStreetMap",
        "source_license": "ODbL 1.0",
        "source_extract": "https://api.openstreetmap.org/api/0.6/map?bbox=73.066,19.044,73.074,19.052"
      },
      "geometry": {
        "type": "Polygon",
        "coordinates": [
          [
            [
              73.0664509,
              19.0501415
            ],
            [
              73.0665672,
              19.050127
            ],
            [
              73.0665462,
              19.0499765
            ],
            [
              73.0664299,
              19.049991
            ],
            [
              73.0664509,
              19.0501415
            ]
          ]
        ]
      }
    },
    {
      "type": "Feature",
      "properties": {
        "osm_way_id": 353750938,
        "building_type": "yes",
        "name": null,
        "height_m": 6.0,
        "height_source": "display fallback; OSM height unavailable",
        "building_levels": null,
        "source_dataset": "OpenStreetMap",
        "source_license": "ODbL 1.0",
        "source_extract": "https://api.openstreetmap.org/api/0.6/map?bbox=73.066,19.044,73.074,19.052"
      },
      "geometry": {
        "type": "Polygon",
        "coordinates": [
          [
            [
              73.0719617,
              19.0514402
            ],
            [
              73.0721288,
              19.0514193
            ],
            [
              73.0720795,
              19.0510675
            ],
            [
              73.0719124,
              19.0510884
            ],
            [
              73.0719617,
              19.0514402
            ]
          ]
        ]
      }
    },
    {
      "type": "Feature",
      "properties": {
        "osm_way_id": 353750939,
        "building_type": "yes",
        "name": null,
        "height_m": 6.0,
        "height_source": "display fallback; OSM height unavailable",
        "building_levels": null,
        "source_dataset": "OpenStreetMap",
        "source_license": "ODbL 1.0",
        "source_extract": "https://api.openstreetmap.org/api/0.6/map?bbox=73.066,19.044,73.074,19.052"
      },
      "geometry": {
        "type": "Polygon",
        "coordinates": [
          [
            [
              73.0690073,
              19.0490025
            ],
            [
              73.0690971,
              19.0489932
            ],
            [
              73.0690811,
              19.0488546
            ],
            [
              73.0689912,
              19.0488639
            ],
            [
              73.0690073,
              19.0490025
            ]
          ]
        ]
      }
    },
    {
      "type": "Feature",
      "properties": {
        "osm_way_id": 353750940,
        "building_type": "yes",
        "name": null,
        "height_m": 6.0,
        "height_source": "display fallback; OSM height unavailable",
        "building_levels": null,
        "source_dataset": "OpenStreetMap",
        "source_license": "ODbL 1.0",
        "source_extract": "https://api.openstreetmap.org/api/0.6/map?bbox=73.066,19.044,73.074,19.052"
      },
      "geometry": {
        "type": "Polygon",
        "coordinates": [
          [
            [
              73.0669585,
              19.0518878
            ],
            [
              73.0669101,
              19.0520586
            ],
            [
              73.0670588,
              19.0520962
            ],
            [
              73.0670802,
              19.0520205
            ],
            [
              73.0671158,
              19.0520295
            ],
            [
              73.0671427,
              19.0519344
            ],
            [
              73.0669585,
              19.0518878
            ]
          ]
        ]
      }
    },
    {
      "type": "Feature",
      "properties": {
        "osm_way_id": 353750941,
        "building_type": "yes",
        "name": null,
        "height_m": 6.0,
        "height_source": "display fallback; OSM height unavailable",
        "building_levels": null,
        "source_dataset": "OpenStreetMap",
        "source_license": "ODbL 1.0",
        "source_extract": "https://api.openstreetmap.org/api/0.6/map?bbox=73.066,19.044,73.074,19.052"
      },
      "geometry": {
        "type": "Polygon",
        "coordinates": [
          [
            [
              73.0672316,
              19.0516613
            ],
            [
              73.0673118,
              19.051684
            ],
            [
              73.0673334,
              19.0516158
            ],
            [
              73.0673105,
              19.0516093
            ],
            [
              73.0673301,
              19.0515476
            ],
            [
              73.0672728,
              19.0515314
            ],
            [
              73.0672316,
              19.0516613
            ]
          ]
        ]
      }
    },
    {
      "type": "Feature",
      "properties": {
        "osm_way_id": 353750943,
        "building_type": "yes",
        "name": null,
        "height_m": 6.0,
        "height_source": "display fallback; OSM height unavailable",
        "building_levels": null,
        "source_dataset": "OpenStreetMap",
        "source_license": "ODbL 1.0",
        "source_extract": "https://api.openstreetmap.org/api/0.6/map?bbox=73.066,19.044,73.074,19.052"
      },
      "geometry": {
        "type": "Polygon",
        "coordinates": [
          [
            [
              73.0666443,
              19.0501449
            ],
            [
              73.0668291,
              19.0501232
            ],
            [
              73.0668077,
              19.0499602
            ],
            [
              73.0667159,
              19.049971
            ],
            [
              73.0667224,
              19.0500204
            ],
            [
              73.0666814,
              19.0500252
            ],
            [
              73.0666843,
              19.0500475
            ],
            [
              73.0666323,
              19.0500536
            ],
            [
              73.0666443,
              19.0501449
            ]
          ]
        ]
      }
    },
    {
      "type": "Feature",
      "properties": {
        "osm_way_id": 353750945,
        "building_type": "yes",
        "name": null,
        "height_m": 6.0,
        "height_source": "display fallback; OSM height unavailable",
        "building_levels": null,
        "source_dataset": "OpenStreetMap",
        "source_license": "ODbL 1.0",
        "source_extract": "https://api.openstreetmap.org/api/0.6/map?bbox=73.066,19.044,73.074,19.052"
      },
      "geometry": {
        "type": "Polygon",
        "coordinates": [
          [
            [
              73.0690195,
              19.0513996
            ],
            [
              73.0692131,
              19.0513858
            ],
            [
              73.0691945,
              19.0511533
            ],
            [
              73.0689908,
              19.0511678
            ],
            [
              73.0689944,
              19.0512133
            ],
            [
              73.0689725,
              19.0512148
            ],
            [
              73.0689858,
              19.0513822
            ],
            [
              73.0690179,
              19.0513799
            ],
            [
              73.0690195,
              19.0513996
            ]
          ]
        ]
      }
    },
    {
      "type": "Feature",
      "properties": {
        "osm_way_id": 353750946,
        "building_type": "yes",
        "name": null,
        "height_m": 6.0,
        "height_source": "display fallback; OSM height unavailable",
        "building_levels": null,
        "source_dataset": "OpenStreetMap",
        "source_license": "ODbL 1.0",
        "source_extract": "https://api.openstreetmap.org/api/0.6/map?bbox=73.066,19.044,73.074,19.052"
      },
      "geometry": {
        "type": "Polygon",
        "coordinates": [
          [
            [
              73.0713065,
              19.0514827
            ],
            [
              73.0712573,
              19.0511317
            ],
            [
              73.0710857,
              19.0511531
            ],
            [
              73.0711037,
              19.0512812
            ],
            [
              73.0711924,
              19.0512701
            ],
            [
              73.0712024,
              19.0513412
            ],
            [
              73.0711245,
              19.051351
            ],
            [
              73.0711458,
              19.0515029
            ],
            [
              73.0713065,
              19.0514827
            ]
          ]
        ]
      }
    },
    {
      "type": "Feature",
      "properties": {
        "osm_way_id": 353759320,
        "building_type": "yes",
        "name": null,
        "height_m": 6.0,
        "height_source": "display fallback; OSM height unavailable",
        "building_levels": null,
        "source_dataset": "OpenStreetMap",
        "source_license": "ODbL 1.0",
        "source_extract": "https://api.openstreetmap.org/api/0.6/map?bbox=73.066,19.044,73.074,19.052"
      },
      "geometry": {
        "type": "Polygon",
        "coordinates": [
          [
            [
              73.0693529,
              19.0515023
            ],
            [
              73.0694346,
              19.0514883
            ],
            [
              73.0694366,
              19.0514985
            ],
            [
              73.0696027,
              19.0514699
            ],
            [
              73.0695726,
              19.0513134
            ],
            [
              73.0694873,
              19.051328
            ],
            [
              73.0694939,
              19.0513624
            ],
            [
              73.0693527,
              19.0513867
            ],
            [
              73.0693639,
              19.0514445
            ],
            [
              73.0693425,
              19.0514482
            ],
            [
              73.0693529,
              19.0515023
            ]
          ]
        ]
      }
    },
    {
      "type": "Feature",
      "properties": {
        "osm_way_id": 353759321,
        "building_type": "yes",
        "name": null,
        "height_m": 6.0,
        "height_source": "display fallback; OSM height unavailable",
        "building_levels": null,
        "source_dataset": "OpenStreetMap",
        "source_license": "ODbL 1.0",
        "source_extract": "https://api.openstreetmap.org/api/0.6/map?bbox=73.066,19.044,73.074,19.052"
      },
      "geometry": {
        "type": "Polygon",
        "coordinates": [
          [
            [
              73.0669995,
              19.0499335
            ],
            [
              73.0670137,
              19.0500249
            ],
            [
              73.0670907,
              19.0500142
            ],
            [
              73.0670882,
              19.049998
            ],
            [
              73.067119,
              19.0499937
            ],
            [
              73.0671222,
              19.0500144
            ],
            [
              73.0672102,
              19.0500022
            ],
            [
              73.067203,
              19.0499557
            ],
            [
              73.0672368,
              19.0499511
            ],
            [
              73.0672291,
              19.0499017
            ],
            [
              73.0669995,
              19.0499335
            ]
          ]
        ]
      }
    },
    {
      "type": "Feature",
      "properties": {
        "osm_way_id": 353759324,
        "building_type": "yes",
        "name": null,
        "height_m": 6.0,
        "height_source": "display fallback; OSM height unavailable",
        "building_levels": null,
        "source_dataset": "OpenStreetMap",
        "source_license": "ODbL 1.0",
        "source_extract": "https://api.openstreetmap.org/api/0.6/map?bbox=73.066,19.044,73.074,19.052"
      },
      "geometry": {
        "type": "Polygon",
        "coordinates": [
          [
            [
              73.0706952,
              19.0492726
            ],
            [
              73.0709019,
              19.0492511
            ],
            [
              73.0708914,
              19.0491607
            ],
            [
              73.0708384,
              19.0491663
            ],
            [
              73.0708308,
              19.0491011
            ],
            [
              73.0708838,
              19.0490955
            ],
            [
              73.0708726,
              19.048999
            ],
            [
              73.0706658,
              19.0490205
            ],
            [
              73.0706773,
              19.0491194
            ],
            [
              73.0707097,
              19.0491161
            ],
            [
              73.070717,
              19.0491788
            ],
            [
              73.0706846,
              19.0491822
            ],
            [
              73.0706952,
              19.0492726
            ]
          ]
        ]
      }
    },
    {
      "type": "Feature",
      "properties": {
        "osm_way_id": 353759325,
        "building_type": "yes",
        "name": null,
        "height_m": 6.0,
        "height_source": "display fallback; OSM height unavailable",
        "building_levels": null,
        "source_dataset": "OpenStreetMap",
        "source_license": "ODbL 1.0",
        "source_extract": "https://api.openstreetmap.org/api/0.6/map?bbox=73.066,19.044,73.074,19.052"
      },
      "geometry": {
        "type": "Polygon",
        "coordinates": [
          [
            [
              73.0712357,
              19.0492881
            ],
            [
              73.0714328,
              19.0492716
            ],
            [
              73.0714272,
              19.0492119
            ],
            [
              73.0714099,
              19.0492133
            ],
            [
              73.071403,
              19.0491397
            ],
            [
              73.0713673,
              19.0491427
            ],
            [
              73.071361,
              19.0490752
            ],
            [
              73.0713967,
              19.0490722
            ],
            [
              73.0713922,
              19.0490233
            ],
            [
              73.0714095,
              19.0490218
            ],
            [
              73.0714005,
              19.048926
            ],
            [
              73.0712034,
              19.0489424
            ],
            [
              73.0712357,
              19.0492881
            ]
          ]
        ]
      }
    },
    {
      "type": "Feature",
      "properties": {
        "osm_way_id": 353759331,
        "building_type": "yes",
        "name": null,
        "height_m": 6.0,
        "height_source": "display fallback; OSM height unavailable",
        "building_levels": null,
        "source_dataset": "OpenStreetMap",
        "source_license": "ODbL 1.0",
        "source_extract": "https://api.openstreetmap.org/api/0.6/map?bbox=73.066,19.044,73.074,19.052"
      },
      "geometry": {
        "type": "Polygon",
        "coordinates": [
          [
            [
              73.069406,
              19.0491333
            ],
            [
              73.0694877,
              19.0491813
            ],
            [
              73.0695108,
              19.0491505
            ],
            [
              73.0694912,
              19.0491307
            ],
            [
              73.0695247,
              19.0491016
            ],
            [
              73.0695071,
              19.04902
            ],
            [
              73.0694676,
              19.0489901
            ],
            [
              73.0694883,
              19.0489509
            ],
            [
              73.0694646,
              19.0489332
            ],
            [
              73.0694821,
              19.048916
            ],
            [
              73.0694205,
              19.0488825
            ],
            [
              73.0693418,
              19.0489789
            ],
            [
              73.0694298,
              19.0490343
            ],
            [
              73.0694298,
              19.04907
            ],
            [
              73.0693694,
              19.049097
            ],
            [
              73.0693689,
              19.0490971
            ],
            [
              73.069406,
              19.0491333
            ]
          ]
        ]
      }
    },
    {
      "type": "Feature",
      "properties": {
        "osm_way_id": 353759332,
        "building_type": "yes",
        "name": null,
        "height_m": 6.0,
        "height_source": "display fallback; OSM height unavailable",
        "building_levels": null,
        "source_dataset": "OpenStreetMap",
        "source_license": "ODbL 1.0",
        "source_extract": "https://api.openstreetmap.org/api/0.6/map?bbox=73.066,19.044,73.074,19.052"
      },
      "geometry": {
        "type": "Polygon",
        "coordinates": [
          [
            [
              73.0683271,
              19.0482163
            ],
            [
              73.0686757,
              19.0481669
            ],
            [
              73.0686673,
              19.0480197
            ],
            [
              73.0686435,
              19.0480221
            ],
            [
              73.0686367,
              19.0479628
            ],
            [
              73.0684903,
              19.0479866
            ],
            [
              73.0684942,
              19.0480157
            ],
            [
              73.068544,
              19.0480107
            ],
            [
              73.0685522,
              19.0480835
            ],
            [
              73.0685046,
              19.0480739
            ],
            [
              73.068474,
              19.0480823
            ],
            [
              73.0684296,
              19.0480935
            ],
            [
              73.0683763,
              19.0481196
            ],
            [
              73.0683696,
              19.0481018
            ],
            [
              73.0683673,
              19.0480817
            ],
            [
              73.068312,
              19.0480873
            ],
            [
              73.0683271,
              19.0482163
            ]
          ]
        ]
      }
    },
    {
      "type": "Feature",
      "properties": {
        "osm_way_id": 353759333,
        "building_type": "yes",
        "name": null,
        "height_m": 6.0,
        "height_source": "display fallback; OSM height unavailable",
        "building_levels": null,
        "source_dataset": "OpenStreetMap",
        "source_license": "ODbL 1.0",
        "source_extract": "https://api.openstreetmap.org/api/0.6/map?bbox=73.066,19.044,73.074,19.052"
      },
      "geometry": {
        "type": "Polygon",
        "coordinates": [
          [
            [
              73.068597,
              19.0491245
            ],
            [
              73.0686905,
              19.0491148
            ],
            [
              73.0686857,
              19.0490734
            ],
            [
              73.0687202,
              19.0490698
            ],
            [
              73.0687257,
              19.0491171
            ],
            [
              73.06881,
              19.0491084
            ],
            [
              73.0688001,
              19.0490225
            ],
            [
              73.0687643,
              19.0490262
            ],
            [
              73.0687586,
              19.0489768
            ],
            [
              73.0688014,
              19.0489723
            ],
            [
              73.0687916,
              19.0488875
            ],
            [
              73.0685787,
              19.0489095
            ],
            [
              73.0685907,
              19.0490125
            ],
            [
              73.0686298,
              19.0490084
            ],
            [
              73.0686333,
              19.0490383
            ],
            [
              73.0685876,
              19.049043
            ],
            [
              73.068597,
              19.0491245
            ]
          ]
        ]
      }
    },
    {
      "type": "Feature",
      "properties": {
        "osm_way_id": 353759334,
        "building_type": "yes",
        "name": null,
        "height_m": 6.0,
        "height_source": "display fallback; OSM height unavailable",
        "building_levels": null,
        "source_dataset": "OpenStreetMap",
        "source_license": "ODbL 1.0",
        "source_extract": "https://api.openstreetmap.org/api/0.6/map?bbox=73.066,19.044,73.074,19.052"
      },
      "geometry": {
        "type": "Polygon",
        "coordinates": [
          [
            [
              73.0697836,
              19.0490949
            ],
            [
              73.069781,
              19.0490722
            ],
            [
              73.0698127,
              19.049069
            ],
            [
              73.0698068,
              19.0490181
            ],
            [
              73.0697739,
              19.0490214
            ],
            [
              73.06977,
              19.0489873
            ],
            [
              73.0697917,
              19.0489851
            ],
            [
              73.0697802,
              19.0488846
            ],
            [
              73.0697637,
              19.0488863
            ],
            [
              73.0697594,
              19.0488487
            ],
            [
              73.0697873,
              19.0488459
            ],
            [
              73.0697818,
              19.0487977
            ],
            [
              73.0697653,
              19.0487994
            ],
            [
              73.0697625,
              19.0487749
            ],
            [
              73.0695756,
              19.0487939
            ],
            [
              73.069612,
              19.0491124
            ],
            [
              73.0697836,
              19.0490949
            ]
          ]
        ]
      }
    },
    {
      "type": "Feature",
      "properties": {
        "osm_way_id": 353759335,
        "building_type": "yes",
        "name": null,
        "height_m": 6.0,
        "height_source": "display fallback; OSM height unavailable",
        "building_levels": null,
        "source_dataset": "OpenStreetMap",
        "source_license": "ODbL 1.0",
        "source_extract": "https://api.openstreetmap.org/api/0.6/map?bbox=73.066,19.044,73.074,19.052"
      },
      "geometry": {
        "type": "Polygon",
        "coordinates": [
          [
            [
              73.0691086,
              19.0496928
            ],
            [
              73.0691379,
              19.0498815
            ],
            [
              73.0691657,
              19.0498777
            ],
            [
              73.0691682,
              19.0498935
            ],
            [
              73.0692084,
              19.0498879
            ],
            [
              73.0692036,
              19.0498571
            ],
            [
              73.0692645,
              19.0498487
            ],
            [
              73.0692664,
              19.049861
            ],
            [
              73.0693391,
              19.0498509
            ],
            [
              73.0693408,
              19.0498623
            ],
            [
              73.0693944,
              19.0498549
            ],
            [
              73.0693863,
              19.049803
            ],
            [
              73.0693704,
              19.0498052
            ],
            [
              73.0693672,
              19.0497841
            ],
            [
              73.0693996,
              19.0497796
            ],
            [
              73.0693845,
              19.0496823
            ],
            [
              73.069356,
              19.0496863
            ],
            [
              73.0693518,
              19.0496591
            ],
            [
              73.0691086,
              19.0496928
            ]
          ]
        ]
      }
    },
    {
      "type": "Feature",
      "properties": {
        "osm_way_id": 353759338,
        "building_type": "yes",
        "name": null,
        "height_m": 6.0,
        "height_source": "display fallback; OSM height unavailable",
        "building_levels": null,
        "source_dataset": "OpenStreetMap",
        "source_license": "ODbL 1.0",
        "source_extract": "https://api.openstreetmap.org/api/0.6/map?bbox=73.066,19.044,73.074,19.052"
      },
      "geometry": {
        "type": "Polygon",
        "coordinates": [
          [
            [
              73.0658662,
              19.0499294
            ],
            [
              73.0659124,
              19.0499239
            ],
            [
              73.0659058,
              19.0498744
            ],
            [
              73.0659762,
              19.049866
            ],
            [
              73.0659783,
              19.0498813
            ],
            [
              73.066007,
              19.0498779
            ],
            [
              73.0660032,
              19.0498497
            ],
            [
              73.0660623,
              19.0498427
            ],
            [
              73.0660658,
              19.0498684
            ],
            [
              73.0660968,
              19.0498647
            ],
            [
              73.0660958,
              19.0498568
            ],
            [
              73.0661685,
              19.0498481
            ],
            [
              73.0661745,
              19.0498928
            ],
            [
              73.066228,
              19.0498864
            ],
            [
              73.0662006,
              19.0496808
            ],
            [
              73.0660508,
              19.0496986
            ],
            [
              73.0660568,
              19.0497435
            ],
            [
              73.0659923,
              19.0497511
            ],
            [
              73.0659888,
              19.0497244
            ],
            [
              73.0658413,
              19.0497419
            ],
            [
              73.0658662,
              19.0499294
            ]
          ]
        ]
      }
    },
    {
      "type": "Feature",
      "properties": {
        "osm_way_id": 353759339,
        "building_type": "yes",
        "name": null,
        "height_m": 6.0,
        "height_source": "display fallback; OSM height unavailable",
        "building_levels": null,
        "source_dataset": "OpenStreetMap",
        "source_license": "ODbL 1.0",
        "source_extract": "https://api.openstreetmap.org/api/0.6/map?bbox=73.066,19.044,73.074,19.052"
      },
      "geometry": {
        "type": "Polygon",
        "coordinates": [
          [
            [
              73.0691419,
              19.0495874
            ],
            [
              73.0693184,
              19.0495635
            ],
            [
              73.0693224,
              19.0495899
            ],
            [
              73.0695149,
              19.0495639
            ],
            [
              73.069507,
              19.0495119
            ],
            [
              73.0694851,
              19.0495149
            ],
            [
              73.0694825,
              19.049498
            ],
            [
              73.0695014,
              19.0494955
            ],
            [
              73.069499,
              19.0494796
            ],
            [
              73.0695326,
              19.049475
            ],
            [
              73.0695294,
              19.0494544
            ],
            [
              73.06955,
              19.0494516
            ],
            [
              73.0695531,
              19.0494723
            ],
            [
              73.0696121,
              19.0494643
            ],
            [
              73.0695871,
              19.0492987
            ],
            [
              73.0694668,
              19.049315
            ],
            [
              73.0694888,
              19.0494609
            ],
            [
              73.0693242,
              19.0494831
            ],
            [
              73.0693098,
              19.0493882
            ],
            [
              73.0691157,
              19.0494144
            ],
            [
              73.0691223,
              19.0494579
            ],
            [
              73.0691383,
              19.0494558
            ],
            [
              73.0691415,
              19.0494771
            ],
            [
              73.0691696,
              19.0494733
            ],
            [
              73.0691755,
              19.0495123
            ],
            [
              73.0691474,
              19.0495161
            ],
            [
              73.069152,
              19.0495462
            ],
            [
              73.069136,
              19.0495483
            ],
            [
              73.0691419,
              19.0495874
            ]
          ]
        ]
      }
    },
    {
      "type": "Feature",
      "properties": {
        "osm_way_id": 353759340,
        "building_type": "yes",
        "name": null,
        "height_m": 6.0,
        "height_source": "display fallback; OSM height unavailable",
        "building_levels": null,
        "source_dataset": "OpenStreetMap",
        "source_license": "ODbL 1.0",
        "source_extract": "https://api.openstreetmap.org/api/0.6/map?bbox=73.066,19.044,73.074,19.052"
      },
      "geometry": {
        "type": "Polygon",
        "coordinates": [
          [
            [
              73.0695031,
              19.0499729
            ],
            [
              73.0695154,
              19.0499713
            ],
            [
              73.0695169,
              19.0499821
            ],
            [
              73.0695458,
              19.0499784
            ],
            [
              73.0695438,
              19.0499641
            ],
            [
              73.0695945,
              19.0499577
            ],
            [
              73.0695976,
              19.0499797
            ],
            [
              73.0696543,
              19.0499725
            ],
            [
              73.0696479,
              19.049928
            ],
            [
              73.0696321,
              19.04993
            ],
            [
              73.069627,
              19.0498943
            ],
            [
              73.0696414,
              19.0498925
            ],
            [
              73.0696358,
              19.0498529
            ],
            [
              73.0695713,
              19.0498611
            ],
            [
              73.0695585,
              19.049771
            ],
            [
              73.0696325,
              19.0497616
            ],
            [
              73.0696178,
              19.0496584
            ],
            [
              73.0695534,
              19.0496666
            ],
            [
              73.0695554,
              19.0496803
            ],
            [
              73.0695071,
              19.0496864
            ],
            [
              73.0695061,
              19.0496795
            ],
            [
              73.0694621,
              19.0496851
            ],
            [
              73.0695031,
              19.0499729
            ]
          ]
        ]
      }
    },
    {
      "type": "Feature",
      "properties": {
        "osm_way_id": 353759342,
        "building_type": "yes",
        "name": null,
        "height_m": 6.0,
        "height_source": "display fallback; OSM height unavailable",
        "building_levels": null,
        "source_dataset": "OpenStreetMap",
        "source_license": "ODbL 1.0",
        "source_extract": "https://api.openstreetmap.org/api/0.6/map?bbox=73.066,19.044,73.074,19.052"
      },
      "geometry": {
        "type": "Polygon",
        "coordinates": [
          [
            [
              73.0690455,
              19.0480738
            ],
            [
              73.0690853,
              19.0480834
            ],
            [
              73.0691627,
              19.048078
            ],
            [
              73.0691571,
              19.0480346
            ],
            [
              73.0693992,
              19.0480064
            ],
            [
              73.0694038,
              19.0480413
            ],
            [
              73.0694496,
              19.0480442
            ],
            [
              73.0694954,
              19.0480257
            ],
            [
              73.0695108,
              19.047964
            ],
            [
              73.0694753,
              19.0479285
            ],
            [
              73.0694891,
              19.0478286
            ],
            [
              73.0694575,
              19.0477566
            ],
            [
              73.0694091,
              19.0477381
            ],
            [
              73.0693677,
              19.0477447
            ],
            [
              73.0693396,
              19.0477547
            ],
            [
              73.0693446,
              19.047793
            ],
            [
              73.0691286,
              19.0478182
            ],
            [
              73.0691236,
              19.04778
            ],
            [
              73.0690833,
              19.0477717
            ],
            [
              73.069032,
              19.0477885
            ],
            [
              73.0690213,
              19.047799
            ],
            [
              73.0690142,
              19.047824
            ],
            [
              73.0690132,
              19.0478454
            ],
            [
              73.0690223,
              19.0478989
            ],
            [
              73.0690434,
              19.0478964
            ],
            [
              73.0690551,
              19.0479863
            ],
            [
              73.069034,
              19.0479887
            ],
            [
              73.069029,
              19.04802
            ],
            [
              73.069028,
              19.0480517
            ],
            [
              73.0690455,
              19.0480738
            ]
          ]
        ]
      }
    },
    {
      "type": "Feature",
      "properties": {
        "osm_way_id": 353759343,
        "building_type": "yes",
        "name": null,
        "height_m": 6.0,
        "height_source": "display fallback; OSM height unavailable",
        "building_levels": null,
        "source_dataset": "OpenStreetMap",
        "source_license": "ODbL 1.0",
        "source_extract": "https://api.openstreetmap.org/api/0.6/map?bbox=73.066,19.044,73.074,19.052"
      },
      "geometry": {
        "type": "Polygon",
        "coordinates": [
          [
            [
              73.0709748,
              19.049322
            ],
            [
              73.0710154,
              19.0493186
            ],
            [
              73.0710181,
              19.0493467
            ],
            [
              73.0710573,
              19.0493434
            ],
            [
              73.0710565,
              19.049335
            ],
            [
              73.0711072,
              19.0493307
            ],
            [
              73.0711075,
              19.0493344
            ],
            [
              73.0711494,
              19.049331
            ],
            [
              73.0711473,
              19.0493084
            ],
            [
              73.0711791,
              19.0493057
            ],
            [
              73.0711723,
              19.0492331
            ],
            [
              73.071119,
              19.0492375
            ],
            [
              73.0711157,
              19.0492019
            ],
            [
              73.0710686,
              19.0492059
            ],
            [
              73.071061,
              19.0491253
            ],
            [
              73.0710951,
              19.0491225
            ],
            [
              73.0710885,
              19.0490522
            ],
            [
              73.0711381,
              19.0490481
            ],
            [
              73.0711334,
              19.0489969
            ],
            [
              73.0711089,
              19.0489989
            ],
            [
              73.0711067,
              19.0489756
            ],
            [
              73.0709653,
              19.0489874
            ],
            [
              73.0709675,
              19.0490107
            ],
            [
              73.0709399,
              19.049013
            ],
            [
              73.0709458,
              19.0490767
            ],
            [
              73.0709698,
              19.0490747
            ],
            [
              73.070974,
              19.0491198
            ],
            [
              73.07095,
              19.0491218
            ],
            [
              73.0709601,
              19.0492304
            ],
            [
              73.0709823,
              19.0492286
            ],
            [
              73.0709858,
              19.0492654
            ],
            [
              73.0709696,
              19.0492668
            ],
            [
              73.0709748,
              19.049322
            ]
          ]
        ]
      }
    },
    {
      "type": "Feature",
      "properties": {
        "osm_way_id": 353759345,
        "building_type": "yes",
        "name": null,
        "height_m": 6.0,
        "height_source": "display fallback; OSM height unavailable",
        "building_levels": null,
        "source_dataset": "OpenStreetMap",
        "source_license": "ODbL 1.0",
        "source_extract": "https://api.openstreetmap.org/api/0.6/map?bbox=73.066,19.044,73.074,19.052"
      },
      "geometry": {
        "type": "Polygon",
        "coordinates": [
          [
            [
              73.0691995,
              19.0506447
            ],
            [
              73.0694489,
              19.0506162
            ],
            [
              73.0694171,
              19.0503674
            ],
            [
              73.0691677,
              19.0503959
            ],
            [
              73.0691995,
              19.0506447
            ]
          ]
        ]
      }
    },
    {
      "type": "Feature",
      "properties": {
        "osm_way_id": 353759346,
        "building_type": "yes",
        "name": null,
        "height_m": 6.0,
        "height_source": "display fallback; OSM height unavailable",
        "building_levels": null,
        "source_dataset": "OpenStreetMap",
        "source_license": "ODbL 1.0",
        "source_extract": "https://api.openstreetmap.org/api/0.6/map?bbox=73.066,19.044,73.074,19.052"
      },
      "geometry": {
        "type": "Polygon",
        "coordinates": [
          [
            [
              73.0695688,
              19.0482811
            ],
            [
              73.0697026,
              19.0482674
            ],
            [
              73.0696828,
              19.0480956
            ],
            [
              73.0695491,
              19.0481094
            ],
            [
              73.0695688,
              19.0482811
            ]
          ]
        ]
      }
    },
    {
      "type": "Feature",
      "properties": {
        "osm_way_id": 353759348,
        "building_type": "yes",
        "name": null,
        "height_m": 6.0,
        "height_source": "display fallback; OSM height unavailable",
        "building_levels": null,
        "source_dataset": "OpenStreetMap",
        "source_license": "ODbL 1.0",
        "source_extract": "https://api.openstreetmap.org/api/0.6/map?bbox=73.066,19.044,73.074,19.052"
      },
      "geometry": {
        "type": "Polygon",
        "coordinates": [
          [
            [
              73.0682238,
              19.0493514
            ],
            [
              73.0683836,
              19.0493349
            ],
            [
              73.0683694,
              19.0492121
            ],
            [
              73.0682096,
              19.0492286
            ],
            [
              73.0682238,
              19.0493514
            ]
          ]
        ]
      }
    },
    {
      "type": "Feature",
      "properties": {
        "osm_way_id": 353759349,
        "building_type": "yes",
        "name": null,
        "height_m": 6.0,
        "height_source": "display fallback; OSM height unavailable",
        "building_levels": null,
        "source_dataset": "OpenStreetMap",
        "source_license": "ODbL 1.0",
        "source_extract": "https://api.openstreetmap.org/api/0.6/map?bbox=73.066,19.044,73.074,19.052"
      },
      "geometry": {
        "type": "Polygon",
        "coordinates": [
          [
            [
              73.0674706,
              19.0519234
            ],
            [
              73.067609,
              19.0519677
            ],
            [
              73.0676576,
              19.0518321
            ],
            [
              73.0675192,
              19.0517878
            ],
            [
              73.0674706,
              19.0519234
            ]
          ]
        ]
      }
    },
    {
      "type": "Feature",
      "properties": {
        "osm_way_id": 353759350,
        "building_type": "yes",
        "name": null,
        "height_m": 6.0,
        "height_source": "display fallback; OSM height unavailable",
        "building_levels": null,
        "source_dataset": "OpenStreetMap",
        "source_license": "ODbL 1.0",
        "source_extract": "https://api.openstreetmap.org/api/0.6/map?bbox=73.066,19.044,73.074,19.052"
      },
      "geometry": {
        "type": "Polygon",
        "coordinates": [
          [
            [
              73.0682232,
              19.0491813
            ],
            [
              73.0683826,
              19.0491649
            ],
            [
              73.0683586,
              19.0489573
            ],
            [
              73.0681992,
              19.0489737
            ],
            [
              73.0682232,
              19.0491813
            ]
          ]
        ]
      }
    },
    {
      "type": "Feature",
      "properties": {
        "osm_way_id": 353759352,
        "building_type": "yes",
        "name": null,
        "height_m": 6.0,
        "height_source": "display fallback; OSM height unavailable",
        "building_levels": null,
        "source_dataset": "OpenStreetMap",
        "source_license": "ODbL 1.0",
        "source_extract": "https://api.openstreetmap.org/api/0.6/map?bbox=73.066,19.044,73.074,19.052"
      },
      "geometry": {
        "type": "Polygon",
        "coordinates": [
          [
            [
              73.0683345,
              19.0496916
            ],
            [
              73.0684863,
              19.0496728
            ],
            [
              73.0684707,
              19.04956
            ],
            [
              73.0683189,
              19.0495788
            ],
            [
              73.0683345,
              19.0496916
            ]
          ]
        ]
      }
    },
    {
      "type": "Feature",
      "properties": {
        "osm_way_id": 353759356,
        "building_type": "yes",
        "name": null,
        "height_m": 6.0,
        "height_source": "display fallback; OSM height unavailable",
        "building_levels": null,
        "source_dataset": "OpenStreetMap",
        "source_license": "ODbL 1.0",
        "source_extract": "https://api.openstreetmap.org/api/0.6/map?bbox=73.066,19.044,73.074,19.052"
      },
      "geometry": {
        "type": "Polygon",
        "coordinates": [
          [
            [
              73.0685582,
              19.0496639
            ],
            [
              73.0687007,
              19.0496463
            ],
            [
              73.0686857,
              19.0495373
            ],
            [
              73.0685432,
              19.0495549
            ],
            [
              73.0685582,
              19.0496639
            ]
          ]
        ]
      }
    },
    {
      "type": "Feature",
      "properties": {
        "osm_way_id": 353759359,
        "building_type": "yes",
        "name": null,
        "height_m": 6.0,
        "height_source": "display fallback; OSM height unavailable",
        "building_levels": null,
        "source_dataset": "OpenStreetMap",
        "source_license": "ODbL 1.0",
        "source_extract": "https://api.openstreetmap.org/api/0.6/map?bbox=73.066,19.044,73.074,19.052"
      },
      "geometry": {
        "type": "Polygon",
        "coordinates": [
          [
            [
              73.0684762,
              19.0493629
            ],
            [
              73.0686631,
              19.0493436
            ],
            [
              73.0686445,
              19.0491827
            ],
            [
              73.0684576,
              19.049202
            ],
            [
              73.0684762,
              19.0493629
            ]
          ]
        ]
      }
    },
    {
      "type": "Feature",
      "properties": {
        "osm_way_id": 353759361,
        "building_type": "yes",
        "name": null,
        "height_m": 6.0,
        "height_source": "display fallback; OSM height unavailable",
        "building_levels": null,
        "source_dataset": "OpenStreetMap",
        "source_license": "ODbL 1.0",
        "source_extract": "https://api.openstreetmap.org/api/0.6/map?bbox=73.066,19.044,73.074,19.052"
      },
      "geometry": {
        "type": "Polygon",
        "coordinates": [
          [
            [
              73.0699198,
              19.0518362
            ],
            [
              73.0701399,
              19.0518122
            ],
            [
              73.0701205,
              19.0516353
            ],
            [
              73.0698981,
              19.0516597
            ],
            [
              73.0699198,
              19.0518362
            ]
          ]
        ]
      }
    },
    {
      "type": "Feature",
      "properties": {
        "osm_way_id": 353759362,
        "building_type": "yes",
        "name": null,
        "height_m": 6.0,
        "height_source": "display fallback; OSM height unavailable",
        "building_levels": null,
        "source_dataset": "OpenStreetMap",
        "source_license": "ODbL 1.0",
        "source_extract": "https://api.openstreetmap.org/api/0.6/map?bbox=73.066,19.044,73.074,19.052"
      },
      "geometry": {
        "type": "Polygon",
        "coordinates": [
          [
            [
              73.0662559,
              19.0498558
            ],
            [
              73.0668177,
              19.0497915
            ],
            [
              73.0667908,
              19.0495813
            ],
            [
              73.066229,
              19.0496455
            ],
            [
              73.0662559,
              19.0498558
            ]
          ]
        ]
      }
    },
    {
      "type": "Feature",
      "properties": {
        "osm_way_id": 353759365,
        "building_type": "yes",
        "name": null,
        "height_m": 6.0,
        "height_source": "display fallback; OSM height unavailable",
        "building_levels": null,
        "source_dataset": "OpenStreetMap",
        "source_license": "ODbL 1.0",
        "source_extract": "https://api.openstreetmap.org/api/0.6/map?bbox=73.066,19.044,73.074,19.052"
      },
      "geometry": {
        "type": "Polygon",
        "coordinates": [
          [
            [
              73.0680172,
              19.0492054
            ],
            [
              73.068176,
              19.049189
            ],
            [
              73.0681507,
              19.0489695
            ],
            [
              73.0679918,
              19.0489859
            ],
            [
              73.0680172,
              19.0492054
            ]
          ]
        ]
      }
    },
    {
      "type": "Feature",
      "properties": {
        "osm_way_id": 353759366,
        "building_type": "yes",
        "name": null,
        "height_m": 6.0,
        "height_source": "display fallback; OSM height unavailable",
        "building_levels": null,
        "source_dataset": "OpenStreetMap",
        "source_license": "ODbL 1.0",
        "source_extract": "https://api.openstreetmap.org/api/0.6/map?bbox=73.066,19.044,73.074,19.052"
      },
      "geometry": {
        "type": "Polygon",
        "coordinates": [
          [
            [
              73.0715541,
              19.0492454
            ],
            [
              73.0717079,
              19.0492329
            ],
            [
              73.0716822,
              19.0489511
            ],
            [
              73.0715285,
              19.0489636
            ],
            [
              73.0715541,
              19.0492454
            ]
          ]
        ]
      }
    },
    {
      "type": "Feature",
      "properties": {
        "osm_way_id": 353759367,
        "building_type": "yes",
        "name": null,
        "height_m": 6.0,
        "height_source": "display fallback; OSM height unavailable",
        "building_levels": null,
        "source_dataset": "OpenStreetMap",
        "source_license": "ODbL 1.0",
        "source_extract": "https://api.openstreetmap.org/api/0.6/map?bbox=73.066,19.044,73.074,19.052"
      },
      "geometry": {
        "type": "Polygon",
        "coordinates": [
          [
            [
              73.0684664,
              19.0491542
            ],
            [
              73.0685712,
              19.0491434
            ],
            [
              73.0685445,
              19.048912
            ],
            [
              73.0684397,
              19.0489228
            ],
            [
              73.0684664,
              19.0491542
            ]
          ]
        ]
      }
    },
    {
      "type": "Feature",
      "properties": {
        "osm_way_id": 353759368,
        "building_type": "yes",
        "name": null,
        "height_m": 6.0,
        "height_source": "display fallback; OSM height unavailable",
        "building_levels": null,
        "source_dataset": "OpenStreetMap",
        "source_license": "ODbL 1.0",
        "source_extract": "https://api.openstreetmap.org/api/0.6/map?bbox=73.066,19.044,73.074,19.052"
      },
      "geometry": {
        "type": "Polygon",
        "coordinates": [
          [
            [
              73.0699197,
              19.0515363
            ],
            [
              73.0699994,
              19.0515277
            ],
            [
              73.0699926,
              19.0514711
            ],
            [
              73.0700628,
              19.0514636
            ],
            [
              73.0700573,
              19.0514177
            ],
            [
              73.069985,
              19.0514254
            ],
            [
              73.069979,
              19.0513748
            ],
            [
              73.0699013,
              19.0513831
            ],
            [
              73.0699197,
              19.0515363
            ]
          ]
        ]
      }
    },
    {
      "type": "Feature",
      "properties": {
        "osm_way_id": 353759371,
        "building_type": "yes",
        "name": null,
        "height_m": 6.0,
        "height_source": "display fallback; OSM height unavailable",
        "building_levels": null,
        "source_dataset": "OpenStreetMap",
        "source_license": "ODbL 1.0",
        "source_extract": "https://api.openstreetmap.org/api/0.6/map?bbox=73.066,19.044,73.074,19.052"
      },
      "geometry": {
        "type": "Polygon",
        "coordinates": [
          [
            [
              73.0687252,
              19.0496223
            ],
            [
              73.0688913,
              19.0496018
            ],
            [
              73.0688734,
              19.0494716
            ],
            [
              73.0687072,
              19.0494921
            ],
            [
              73.0687252,
              19.0496223
            ]
          ]
        ]
      }
    },
    {
      "type": "Feature",
      "properties": {
        "osm_way_id": 353759373,
        "building_type": "yes",
        "name": null,
        "height_m": 6.0,
        "height_source": "display fallback; OSM height unavailable",
        "building_levels": null,
        "source_dataset": "OpenStreetMap",
        "source_license": "ODbL 1.0",
        "source_extract": "https://api.openstreetmap.org/api/0.6/map?bbox=73.066,19.044,73.074,19.052"
      },
      "geometry": {
        "type": "Polygon",
        "coordinates": [
          [
            [
              73.0694256,
              19.0519934
            ],
            [
              73.0696586,
              19.051957
            ],
            [
              73.0696384,
              19.0518416
            ],
            [
              73.0694054,
              19.051878
            ],
            [
              73.0694256,
              19.0519934
            ]
          ]
        ]
      }
    },
    {
      "type": "Feature",
      "properties": {
        "osm_way_id": 353759376,
        "building_type": "yes",
        "name": null,
        "height_m": 6.0,
        "height_source": "display fallback; OSM height unavailable",
        "building_levels": null,
        "source_dataset": "OpenStreetMap",
        "source_license": "ODbL 1.0",
        "source_extract": "https://api.openstreetmap.org/api/0.6/map?bbox=73.066,19.044,73.074,19.052"
      },
      "geometry": {
        "type": "Polygon",
        "coordinates": [
          [
            [
              73.0699377,
              19.0511496
            ],
            [
              73.0700964,
              19.0511336
            ],
            [
              73.0700698,
              19.0508966
            ],
            [
              73.069911,
              19.0509125
            ],
            [
              73.0699377,
              19.0511496
            ]
          ]
        ]
      }
    },
    {
      "type": "Feature",
      "properties": {
        "osm_way_id": 353759378,
        "building_type": "yes",
        "name": null,
        "height_m": 6.0,
        "height_source": "display fallback; OSM height unavailable",
        "building_levels": null,
        "source_dataset": "OpenStreetMap",
        "source_license": "ODbL 1.0",
        "source_extract": "https://api.openstreetmap.org/api/0.6/map?bbox=73.066,19.044,73.074,19.052"
      },
      "geometry": {
        "type": "Polygon",
        "coordinates": [
          [
            [
              73.06917,
              19.0499468
            ],
            [
              73.0691699,
              19.0500106
            ],
            [
              73.0691861,
              19.0500215
            ],
            [
              73.0691984,
              19.050029
            ],
            [
              73.0692223,
              19.0500366
            ],
            [
              73.0694042,
              19.0500268
            ],
            [
              73.0693777,
              19.0499183
            ],
            [
              73.06917,
              19.0499468
            ]
          ]
        ]
      }
    },
    {
      "type": "Feature",
      "properties": {
        "osm_way_id": 353768699,
        "building_type": "yes",
        "name": "X",
        "height_m": 6.0,
        "height_source": "display fallback; OSM height unavailable",
        "building_levels": null,
        "source_dataset": "OpenStreetMap",
        "source_license": "ODbL 1.0",
        "source_extract": "https://api.openstreetmap.org/api/0.6/map?bbox=73.066,19.044,73.074,19.052"
      },
      "geometry": {
        "type": "Polygon",
        "coordinates": [
          [
            [
              73.0732283,
              19.048148
            ],
            [
              73.0734357,
              19.0481263
            ],
            [
              73.0734282,
              19.0480618
            ],
            [
              73.0734108,
              19.0480636
            ],
            [
              73.0734035,
              19.0480012
            ],
            [
              73.0734209,
              19.0479993
            ],
            [
              73.0734116,
              19.0479201
            ],
            [
              73.0732054,
              19.0479416
            ],
            [
              73.0732138,
              19.0480128
            ],
            [
              73.0732231,
              19.0480118
            ],
            [
              73.0732307,
              19.0480773
            ],
            [
              73.0732202,
              19.0480784
            ],
            [
              73.0732283,
              19.048148
            ]
          ]
        ]
      }
    },
    {
      "type": "Feature",
      "properties": {
        "osm_way_id": 353768700,
        "building_type": "yes",
        "name": "P",
        "height_m": 6.0,
        "height_source": "display fallback; OSM height unavailable",
        "building_levels": null,
        "source_dataset": "OpenStreetMap",
        "source_license": "ODbL 1.0",
        "source_extract": "https://api.openstreetmap.org/api/0.6/map?bbox=73.066,19.044,73.074,19.052"
      },
      "geometry": {
        "type": "Polygon",
        "coordinates": [
          [
            [
              73.072823,
              19.0487227
            ],
            [
              73.0730304,
              19.048701
            ],
            [
              73.0730228,
              19.0486364
            ],
            [
              73.0730054,
              19.0486383
            ],
            [
              73.0729981,
              19.0485758
            ],
            [
              73.0730155,
              19.048574
            ],
            [
              73.0730062,
              19.0484947
            ],
            [
              73.0728001,
              19.0485163
            ],
            [
              73.0728084,
              19.0485875
            ],
            [
              73.0728177,
              19.0485865
            ],
            [
              73.0728254,
              19.048652
            ],
            [
              73.0728148,
              19.0486531
            ],
            [
              73.072823,
              19.0487227
            ]
          ]
        ]
      }
    },
    {
      "type": "Feature",
      "properties": {
        "osm_way_id": 353768701,
        "building_type": "yes",
        "name": "U",
        "height_m": 6.0,
        "height_source": "display fallback; OSM height unavailable",
        "building_levels": null,
        "source_dataset": "OpenStreetMap",
        "source_license": "ODbL 1.0",
        "source_extract": "https://api.openstreetmap.org/api/0.6/map?bbox=73.066,19.044,73.074,19.052"
      },
      "geometry": {
        "type": "Polygon",
        "coordinates": [
          [
            [
              73.07361,
              19.0487658
            ],
            [
              73.0738174,
              19.0487441
            ],
            [
              73.0738098,
              19.0486796
            ],
            [
              73.0737924,
              19.0486814
            ],
            [
              73.0737851,
              19.048619
            ],
            [
              73.0738025,
              19.0486172
            ],
            [
              73.0737932,
              19.0485379
            ],
            [
              73.0735871,
              19.0485595
            ],
            [
              73.0735954,
              19.0486306
            ],
            [
              73.0736047,
              19.0486297
            ],
            [
              73.0736124,
              19.0486952
            ],
            [
              73.0736018,
              19.0486963
            ],
            [
              73.07361,
              19.0487658
            ]
          ]
        ]
      }
    },
    {
      "type": "Feature",
      "properties": {
        "osm_way_id": 353768702,
        "building_type": "yes",
        "name": "Z",
        "height_m": 6.0,
        "height_source": "display fallback; OSM height unavailable",
        "building_levels": null,
        "source_dataset": "OpenStreetMap",
        "source_license": "ODbL 1.0",
        "source_extract": "https://api.openstreetmap.org/api/0.6/map?bbox=73.066,19.044,73.074,19.052"
      },
      "geometry": {
        "type": "Polygon",
        "coordinates": [
          [
            [
              73.0726632,
              19.0492301
            ],
            [
              73.0728706,
              19.0492084
            ],
            [
              73.072863,
              19.0491439
            ],
            [
              73.0728456,
              19.0491457
            ],
            [
              73.0728383,
              19.0490833
            ],
            [
              73.0728557,
              19.0490815
            ],
            [
              73.0728464,
              19.0490022
            ],
            [
              73.0726403,
              19.0490238
            ],
            [
              73.0726486,
              19.0490949
            ],
            [
              73.0726579,
              19.049094
            ],
            [
              73.0726656,
              19.0491595
            ],
            [
              73.072655,
              19.0491606
            ],
            [
              73.0726632,
              19.0492301
            ]
          ]
        ]
      }
    },
    {
      "type": "Feature",
      "properties": {
        "osm_way_id": 353768703,
        "building_type": "yes",
        "name": "Q",
        "height_m": 6.0,
        "height_source": "display fallback; OSM height unavailable",
        "building_levels": null,
        "source_dataset": "OpenStreetMap",
        "source_license": "ODbL 1.0",
        "source_extract": "https://api.openstreetmap.org/api/0.6/map?bbox=73.066,19.044,73.074,19.052"
      },
      "geometry": {
        "type": "Polygon",
        "coordinates": [
          [
            [
              73.0726061,
              19.0489448
            ],
            [
              73.0728135,
              19.0489231
            ],
            [
              73.072806,
              19.0488586
            ],
            [
              73.0727886,
              19.0488604
            ],
            [
              73.0727813,
              19.048798
            ],
            [
              73.0727987,
              19.0487962
            ],
            [
              73.0727894,
              19.0487169
            ],
            [
              73.0725832,
              19.0487385
            ],
            [
              73.0725916,
              19.0488096
            ],
            [
              73.0726009,
              19.0488087
            ],
            [
              73.0726085,
              19.0488742
            ],
            [
              73.072598,
              19.0488753
            ],
            [
              73.0726061,
              19.0489448
            ]
          ]
        ]
      }
    },
    {
      "type": "Feature",
      "properties": {
        "osm_way_id": 353768705,
        "building_type": "yes",
        "name": "Y",
        "height_m": 6.0,
        "height_source": "display fallback; OSM height unavailable",
        "building_levels": null,
        "source_dataset": "OpenStreetMap",
        "source_license": "ODbL 1.0",
        "source_extract": "https://api.openstreetmap.org/api/0.6/map?bbox=73.066,19.044,73.074,19.052"
      },
      "geometry": {
        "type": "Polygon",
        "coordinates": [
          [
            [
              73.0730046,
              19.0484724
            ],
            [
              73.073212,
              19.0484507
            ],
            [
              73.0732044,
              19.0483862
            ],
            [
              73.073187,
              19.048388
            ],
            [
              73.0731797,
              19.0483256
            ],
            [
              73.0731971,
              19.0483238
            ],
            [
              73.0731878,
              19.0482445
            ],
            [
              73.0729817,
              19.0482661
            ],
            [
              73.07299,
              19.0483372
            ],
            [
              73.0729993,
              19.0483363
            ],
            [
              73.073007,
              19.0484018
            ],
            [
              73.0729964,
              19.0484029
            ],
            [
              73.0730046,
              19.0484724
            ]
          ]
        ]
      }
    },
    {
      "type": "Feature",
      "properties": {
        "osm_way_id": 353768707,
        "building_type": "yes",
        "name": "V",
        "height_m": 6.0,
        "height_source": "display fallback; OSM height unavailable",
        "building_levels": null,
        "source_dataset": "OpenStreetMap",
        "source_license": "ODbL 1.0",
        "source_extract": "https://api.openstreetmap.org/api/0.6/map?bbox=73.066,19.044,73.074,19.052"
      },
      "geometry": {
        "type": "Polygon",
        "coordinates": [
          [
            [
              73.0735902,
              19.0484555
            ],
            [
              73.0737976,
              19.0484337
            ],
            [
              73.07379,
              19.0483692
            ],
            [
              73.0737726,
              19.048371
            ],
            [
              73.0737653,
              19.0483086
            ],
            [
              73.0737827,
              19.0483068
            ],
            [
              73.0737734,
              19.0482275
            ],
            [
              73.0735673,
              19.048251
            ],
            [
              73.0735756,
              19.0483203
            ],
            [
              73.0735849,
              19.0483193
            ],
            [
              73.0735926,
              19.0483848
            ],
            [
              73.073582,
              19.0483859
            ],
            [
              73.0735902,
              19.0484555
            ]
          ]
        ]
      }
    },
    {
      "type": "Feature",
      "properties": {
        "osm_way_id": 353768709,
        "building_type": "yes",
        "name": "T",
        "height_m": 6.0,
        "height_source": "display fallback; OSM height unavailable",
        "building_levels": null,
        "source_dataset": "OpenStreetMap",
        "source_license": "ODbL 1.0",
        "source_extract": "https://api.openstreetmap.org/api/0.6/map?bbox=73.066,19.044,73.074,19.052"
      },
      "geometry": {
        "type": "Polygon",
        "coordinates": [
          [
            [
              73.0736402,
              19.0490844
            ],
            [
              73.0738476,
              19.0490627
            ],
            [
              73.07384,
              19.0489981
            ],
            [
              73.0738226,
              19.049
            ],
            [
              73.0738153,
              19.0489376
            ],
            [
              73.0738327,
              19.0489357
            ],
            [
              73.0738234,
              19.0488564
            ],
            [
              73.0736173,
              19.048878
            ],
            [
              73.0736256,
              19.0489492
            ],
            [
              73.0736349,
              19.0489482
            ],
            [
              73.0736426,
              19.0490137
            ],
            [
              73.073632,
              19.0490148
            ],
            [
              73.0736402,
              19.0490844
            ]
          ]
        ]
      }
    },
    {
      "type": "Feature",
      "properties": {
        "osm_way_id": 353768710,
        "building_type": "yes",
        "name": "W",
        "height_m": 6.0,
        "height_source": "display fallback; OSM height unavailable",
        "building_levels": null,
        "source_dataset": "OpenStreetMap",
        "source_license": "ODbL 1.0",
        "source_extract": "https://api.openstreetmap.org/api/0.6/map?bbox=73.066,19.044,73.074,19.052"
      },
      "geometry": {
        "type": "Polygon",
        "coordinates": [
          [
            [
              73.0735583,
              19.0481125
            ],
            [
              73.0737657,
              19.0480908
            ],
            [
              73.0737582,
              19.0480262
            ],
            [
              73.0737408,
              19.0480281
            ],
            [
              73.0737334,
              19.0479656
            ],
            [
              73.0737509,
              19.0479638
            ],
            [
              73.0737416,
              19.0478845
            ],
            [
              73.0735354,
              19.0479061
            ],
            [
              73.0735438,
              19.0479773
            ],
            [
              73.073553,
              19.0479763
            ],
            [
              73.0735607,
              19.0480418
            ],
            [
              73.0735502,
              19.0480429
            ],
            [
              73.0735583,
              19.0481125
            ]
          ]
        ]
      }
    },
    {
      "type": "Feature",
      "properties": {
        "osm_way_id": 353768713,
        "building_type": "yes",
        "name": "S",
        "height_m": 6.0,
        "height_source": "display fallback; OSM height unavailable",
        "building_levels": null,
        "source_dataset": "OpenStreetMap",
        "source_license": "ODbL 1.0",
        "source_extract": "https://api.openstreetmap.org/api/0.6/map?bbox=73.066,19.044,73.074,19.052"
      },
      "geometry": {
        "type": "Polygon",
        "coordinates": [
          [
            [
              73.0733096,
              19.049141
            ],
            [
              73.073517,
              19.0491193
            ],
            [
              73.0735094,
              19.0490548
            ],
            [
              73.073492,
              19.0490566
            ],
            [
              73.0734847,
              19.0489942
            ],
            [
              73.0735021,
              19.0489924
            ],
            [
              73.0734928,
              19.0489131
            ],
            [
              73.0732867,
              19.0489347
            ],
            [
              73.073295,
              19.0490059
            ],
            [
              73.0733043,
              19.0490049
            ],
            [
              73.073312,
              19.0490704
            ],
            [
              73.0733014,
              19.0490715
            ],
            [
              73.0733096,
              19.049141
            ]
          ]
        ]
      }
    },
    {
      "type": "Feature",
      "properties": {
        "osm_way_id": 353768714,
        "building_type": "yes",
        "name": "R",
        "height_m": 6.0,
        "height_source": "display fallback; OSM height unavailable",
        "building_levels": null,
        "source_dataset": "OpenStreetMap",
        "source_license": "ODbL 1.0",
        "source_extract": "https://api.openstreetmap.org/api/0.6/map?bbox=73.066,19.044,73.074,19.052"
      },
      "geometry": {
        "type": "Polygon",
        "coordinates": [
          [
            [
              73.0729463,
              19.049194
            ],
            [
              73.0731537,
              19.0491723
            ],
            [
              73.0731461,
              19.0491078
            ],
            [
              73.0731287,
              19.0491096
            ],
            [
              73.0731214,
              19.0490472
            ],
            [
              73.0731388,
              19.0490454
            ],
            [
              73.0731295,
              19.0489661
            ],
            [
              73.0729234,
              19.0489877
            ],
            [
              73.0729317,
              19.0490588
            ],
            [
              73.072941,
              19.0490579
            ],
            [
              73.0729487,
              19.0491234
            ],
            [
              73.0729381,
              19.0491245
            ],
            [
              73.0729463,
              19.049194
            ]
          ]
        ]
      }
    },
    {
      "type": "Feature",
      "properties": {
        "osm_way_id": 353768715,
        "building_type": "yes",
        "name": null,
        "height_m": 6.0,
        "height_source": "display fallback; OSM height unavailable",
        "building_levels": null,
        "source_dataset": "OpenStreetMap",
        "source_license": "ODbL 1.0",
        "source_extract": "https://api.openstreetmap.org/api/0.6/map?bbox=73.066,19.044,73.074,19.052"
      },
      "geometry": {
        "type": "Polygon",
        "coordinates": [
          [
            [
              73.0714146,
              19.0482476
            ],
            [
              73.0715527,
              19.0482374
            ],
            [
              73.0715515,
              19.0482226
            ],
            [
              73.0716197,
              19.0482176
            ],
            [
              73.0716099,
              19.0480978
            ],
            [
              73.0715771,
              19.0481002
            ],
            [
              73.0715756,
              19.0480827
            ],
            [
              73.0713945,
              19.048096
            ],
            [
              73.0713937,
              19.048096
            ],
            [
              73.0713966,
              19.0481316
            ],
            [
              73.0713709,
              19.0481334
            ],
            [
              73.0713787,
              19.0482278
            ],
            [
              73.0714127,
              19.0482253
            ],
            [
              73.0714146,
              19.0482476
            ]
          ]
        ]
      }
    },
    {
      "type": "Feature",
      "properties": {
        "osm_way_id": 353768716,
        "building_type": "yes",
        "name": null,
        "height_m": 6.0,
        "height_source": "display fallback; OSM height unavailable",
        "building_levels": null,
        "source_dataset": "OpenStreetMap",
        "source_license": "ODbL 1.0",
        "source_extract": "https://api.openstreetmap.org/api/0.6/map?bbox=73.066,19.044,73.074,19.052"
      },
      "geometry": {
        "type": "Polygon",
        "coordinates": [
          [
            [
              73.0705693,
              19.0487781
            ],
            [
              73.0706089,
              19.0487752
            ],
            [
              73.0706077,
              19.0487597
            ],
            [
              73.0707174,
              19.0487517
            ],
            [
              73.070715,
              19.0487228
            ],
            [
              73.0707253,
              19.0487221
            ],
            [
              73.0707203,
              19.0486605
            ],
            [
              73.0707522,
              19.0486582
            ],
            [
              73.0707493,
              19.0486219
            ],
            [
              73.0707331,
              19.0486231
            ],
            [
              73.0707295,
              19.0485794
            ],
            [
              73.0707404,
              19.0485786
            ],
            [
              73.0707367,
              19.0485331
            ],
            [
              73.0705505,
              19.0485466
            ],
            [
              73.0705693,
              19.0487781
            ]
          ]
        ]
      }
    },
    {
      "type": "Feature",
      "properties": {
        "osm_way_id": 353768718,
        "building_type": "yes",
        "name": null,
        "height_m": 6.0,
        "height_source": "display fallback; OSM height unavailable",
        "building_levels": null,
        "source_dataset": "OpenStreetMap",
        "source_license": "ODbL 1.0",
        "source_extract": "https://api.openstreetmap.org/api/0.6/map?bbox=73.066,19.044,73.074,19.052"
      },
      "geometry": {
        "type": "Polygon",
        "coordinates": [
          [
            [
              73.072943,
              19.0508349
            ],
            [
              73.0729202,
              19.0508675
            ],
            [
              73.072993,
              19.0509653
            ],
            [
              73.0730232,
              19.0509442
            ],
            [
              73.073049,
              19.0509725
            ],
            [
              73.0729679,
              19.0510221
            ],
            [
              73.073023,
              19.0510481
            ],
            [
              73.0730648,
              19.0510222
            ],
            [
              73.0730747,
              19.0509848
            ],
            [
              73.0730915,
              19.0509741
            ],
            [
              73.073172,
              19.0509867
            ],
            [
              73.0732473,
              19.0508818
            ],
            [
              73.0732831,
              19.0508175
            ],
            [
              73.0732539,
              19.0508078
            ],
            [
              73.0732699,
              19.0507718
            ],
            [
              73.0732035,
              19.0507377
            ],
            [
              73.0731892,
              19.0506626
            ],
            [
              73.0731735,
              19.0506625
            ],
            [
              73.0731715,
              19.0506527
            ],
            [
              73.0731434,
              19.0506534
            ],
            [
              73.0731431,
              19.0506324
            ],
            [
              73.0731144,
              19.0506352
            ],
            [
              73.0731132,
              19.0506523
            ],
            [
              73.0730006,
              19.0506557
            ],
            [
              73.0729992,
              19.0506865
            ],
            [
              73.0729554,
              19.0506882
            ],
            [
              73.0729615,
              19.0507676
            ],
            [
              73.0729075,
              19.050796
            ],
            [
              73.072943,
              19.0508349
            ]
          ]
        ]
      }
    },
    {
      "type": "Feature",
      "properties": {
        "osm_way_id": 353768719,
        "building_type": "yes",
        "name": null,
        "height_m": 6.0,
        "height_source": "display fallback; OSM height unavailable",
        "building_levels": null,
        "source_dataset": "OpenStreetMap",
        "source_license": "ODbL 1.0",
        "source_extract": "https://api.openstreetmap.org/api/0.6/map?bbox=73.066,19.044,73.074,19.052"
      },
      "geometry": {
        "type": "Polygon",
        "coordinates": [
          [
            [
              73.0708523,
              19.0487652
            ],
            [
              73.0710797,
              19.0487446
            ],
            [
              73.0710741,
              19.0486892
            ],
            [
              73.071046,
              19.0486917
            ],
            [
              73.0710445,
              19.048677
            ],
            [
              73.0710673,
              19.0486749
            ],
            [
              73.0710625,
              19.048627
            ],
            [
              73.0710231,
              19.0486306
            ],
            [
              73.071021,
              19.0486091
            ],
            [
              73.071074,
              19.0486043
            ],
            [
              73.0710737,
              19.0485215
            ],
            [
              73.0708723,
              19.0485339
            ],
            [
              73.0708788,
              19.0486175
            ],
            [
              73.0709444,
              19.0486192
            ],
            [
              73.0709516,
              19.0486844
            ],
            [
              73.0708452,
              19.0486949
            ],
            [
              73.0708523,
              19.0487652
            ]
          ]
        ]
      }
    },
    {
      "type": "Feature",
      "properties": {
        "osm_way_id": 353768720,
        "building_type": "yes",
        "name": null,
        "height_m": 6.0,
        "height_source": "display fallback; OSM height unavailable",
        "building_levels": null,
        "source_dataset": "OpenStreetMap",
        "source_license": "ODbL 1.0",
        "source_extract": "https://api.openstreetmap.org/api/0.6/map?bbox=73.066,19.044,73.074,19.052"
      },
      "geometry": {
        "type": "Polygon",
        "coordinates": [
          [
            [
              73.0717414,
              19.0481902
            ],
            [
              73.0717679,
              19.0481843
            ],
            [
              73.0718032,
              19.048186
            ],
            [
              73.07183,
              19.0481605
            ],
            [
              73.0718105,
              19.0481216
            ],
            [
              73.0718251,
              19.0481038
            ],
            [
              73.0718293,
              19.0480688
            ],
            [
              73.0718049,
              19.0480563
            ],
            [
              73.071793,
              19.0480444
            ],
            [
              73.0718077,
              19.0480253
            ],
            [
              73.0718111,
              19.0480199
            ],
            [
              73.0718053,
              19.0479946
            ],
            [
              73.0716977,
              19.0480018
            ],
            [
              73.0717072,
              19.0480932
            ],
            [
              73.071728,
              19.0481074
            ],
            [
              73.0717253,
              19.0481381
            ],
            [
              73.0717086,
              19.0481612
            ],
            [
              73.0717414,
              19.0481902
            ]
          ]
        ]
      }
    },
    {
      "type": "Feature",
      "properties": {
        "osm_way_id": 353768722,
        "building_type": "yes",
        "name": null,
        "height_m": 6.0,
        "height_source": "display fallback; OSM height unavailable",
        "building_levels": null,
        "source_dataset": "OpenStreetMap",
        "source_license": "ODbL 1.0",
        "source_extract": "https://api.openstreetmap.org/api/0.6/map?bbox=73.066,19.044,73.074,19.052"
      },
      "geometry": {
        "type": "Polygon",
        "coordinates": [
          [
            [
              73.0714898,
              19.0486105
            ],
            [
              73.0715546,
              19.0486013
            ],
            [
              73.0715497,
              19.0485702
            ],
            [
              73.0715999,
              19.048563
            ],
            [
              73.0716034,
              19.0485851
            ],
            [
              73.0716263,
              19.0485818
            ],
            [
              73.071628,
              19.0485927
            ],
            [
              73.0716663,
              19.0485876
            ],
            [
              73.0716424,
              19.0484089
            ],
            [
              73.071622,
              19.0484118
            ],
            [
              73.0716153,
              19.0483695
            ],
            [
              73.0715876,
              19.0483734
            ],
            [
              73.0715854,
              19.0483595
            ],
            [
              73.071485,
              19.0483738
            ],
            [
              73.0714968,
              19.0484477
            ],
            [
              73.0715386,
              19.0484417
            ],
            [
              73.0715447,
              19.0484801
            ],
            [
              73.0714708,
              19.0484906
            ],
            [
              73.0714898,
              19.0486105
            ]
          ]
        ]
      }
    },
    {
      "type": "Feature",
      "properties": {
        "osm_way_id": 353768725,
        "building_type": "yes",
        "name": null,
        "height_m": 6.0,
        "height_source": "display fallback; OSM height unavailable",
        "building_levels": null,
        "source_dataset": "OpenStreetMap",
        "source_license": "ODbL 1.0",
        "source_extract": "https://api.openstreetmap.org/api/0.6/map?bbox=73.066,19.044,73.074,19.052"
      },
      "geometry": {
        "type": "Polygon",
        "coordinates": [
          [
            [
              73.0730089,
              19.0513059
            ],
            [
              73.0730175,
              19.0513675
            ],
            [
              73.0730801,
              19.051368
            ],
            [
              73.0730794,
              19.0514067
            ],
            [
              73.0730374,
              19.0514062
            ],
            [
              73.0730405,
              19.0514248
            ],
            [
              73.0731513,
              19.05144
            ],
            [
              73.0732145,
              19.0513995
            ],
            [
              73.0732125,
              19.0513489
            ],
            [
              73.0732635,
              19.0513494
            ],
            [
              73.0732637,
              19.0513159
            ],
            [
              73.073254,
              19.0513167
            ],
            [
              73.0732501,
              19.0512844
            ],
            [
              73.073291,
              19.0512524
            ],
            [
              73.0732642,
              19.0512223
            ],
            [
              73.0733031,
              19.0511827
            ],
            [
              73.0732102,
              19.0510695
            ],
            [
              73.0731848,
              19.0510935
            ],
            [
              73.0731642,
              19.0510695
            ],
            [
              73.0731238,
              19.0510757
            ],
            [
              73.0731056,
              19.0511061
            ],
            [
              73.0730591,
              19.0510855
            ],
            [
              73.0730379,
              19.051129
            ],
            [
              73.0730171,
              19.0511262
            ],
            [
              73.0730186,
              19.0511146
            ],
            [
              73.073008,
              19.0511146
            ],
            [
              73.0730081,
              19.0511001
            ],
            [
              73.0729804,
              19.0511005
            ],
            [
              73.0729793,
              19.0511224
            ],
            [
              73.0729914,
              19.0511211
            ],
            [
              73.0729425,
              19.051236
            ],
            [
              73.0729789,
              19.0512462
            ],
            [
              73.07296,
              19.051303
            ],
            [
              73.0730089,
              19.0513059
            ]
          ]
        ]
      }
    },
    {
      "type": "Feature",
      "properties": {
        "osm_way_id": 353768728,
        "building_type": "yes",
        "name": null,
        "height_m": 6.0,
        "height_source": "display fallback; OSM height unavailable",
        "building_levels": null,
        "source_dataset": "OpenStreetMap",
        "source_license": "ODbL 1.0",
        "source_extract": "https://api.openstreetmap.org/api/0.6/map?bbox=73.066,19.044,73.074,19.052"
      },
      "geometry": {
        "type": "Polygon",
        "coordinates": [
          [
            [
              73.0717899,
              19.0486608
            ],
            [
              73.0719161,
              19.0486503
            ],
            [
              73.0719076,
              19.0485589
            ],
            [
              73.0718812,
              19.0485611
            ],
            [
              73.0718762,
              19.0485076
            ],
            [
              73.0719051,
              19.0485052
            ],
            [
              73.071901,
              19.0484611
            ],
            [
              73.0718792,
              19.0484629
            ],
            [
              73.0718697,
              19.0483612
            ],
            [
              73.0718823,
              19.0483601
            ],
            [
              73.0718766,
              19.0482991
            ],
            [
              73.0717332,
              19.0483111
            ],
            [
              73.0717386,
              19.0483692
            ],
            [
              73.0717583,
              19.0483675
            ],
            [
              73.071762,
              19.0484069
            ],
            [
              73.0717271,
              19.0484098
            ],
            [
              73.0717375,
              19.0485209
            ],
            [
              73.0717535,
              19.0485196
            ],
            [
              73.0717559,
              19.0485449
            ],
            [
              73.0717729,
              19.0485434
            ],
            [
              73.0717758,
              19.0485742
            ],
            [
              73.0717578,
              19.0485757
            ],
            [
              73.0717643,
              19.0486448
            ],
            [
              73.0717882,
              19.0486428
            ],
            [
              73.0717899,
              19.0486608
            ]
          ]
        ]
      }
    },
    {
      "type": "Feature",
      "properties": {
        "osm_way_id": 353768729,
        "building_type": "yes",
        "name": null,
        "height_m": 6.0,
        "height_source": "display fallback; OSM height unavailable",
        "building_levels": null,
        "source_dataset": "OpenStreetMap",
        "source_license": "ODbL 1.0",
        "source_extract": "https://api.openstreetmap.org/api/0.6/map?bbox=73.066,19.044,73.074,19.052"
      },
      "geometry": {
        "type": "Polygon",
        "coordinates": [
          [
            [
              73.0720463,
              19.0485929
            ],
            [
              73.0721725,
              19.0485824
            ],
            [
              73.072164,
              19.0484909
            ],
            [
              73.0721375,
              19.0484932
            ],
            [
              73.0721325,
              19.0484397
            ],
            [
              73.0721615,
              19.0484373
            ],
            [
              73.0721574,
              19.0483932
            ],
            [
              73.0721355,
              19.048395
            ],
            [
              73.072126,
              19.0482933
            ],
            [
              73.0721386,
              19.0482922
            ],
            [
              73.0721329,
              19.0482312
            ],
            [
              73.0719895,
              19.0482432
            ],
            [
              73.071995,
              19.0483013
            ],
            [
              73.0720147,
              19.0482996
            ],
            [
              73.0720183,
              19.048339
            ],
            [
              73.0719834,
              19.0483419
            ],
            [
              73.0719938,
              19.048453
            ],
            [
              73.0720099,
              19.0484517
            ],
            [
              73.0720123,
              19.0484769
            ],
            [
              73.0720293,
              19.0484755
            ],
            [
              73.0720321,
              19.0485063
            ],
            [
              73.0720142,
              19.0485078
            ],
            [
              73.0720207,
              19.0485769
            ],
            [
              73.0720446,
              19.0485749
            ],
            [
              73.0720463,
              19.0485929
            ]
          ]
        ]
      }
    },
    {
      "type": "Feature",
      "properties": {
        "osm_way_id": 353768730,
        "building_type": "yes",
        "name": null,
        "height_m": 6.0,
        "height_source": "display fallback; OSM height unavailable",
        "building_levels": null,
        "source_dataset": "OpenStreetMap",
        "source_license": "ODbL 1.0",
        "source_extract": "https://api.openstreetmap.org/api/0.6/map?bbox=73.066,19.044,73.074,19.052"
      },
      "geometry": {
        "type": "Polygon",
        "coordinates": [
          [
            [
              73.0705566,
              19.0497372
            ],
            [
              73.070624,
              19.0497828
            ],
            [
              73.0706406,
              19.0497608
            ],
            [
              73.0706924,
              19.0497958
            ],
            [
              73.0706758,
              19.0498178
            ],
            [
              73.0707467,
              19.0498658
            ],
            [
              73.0707671,
              19.0498388
            ],
            [
              73.0707479,
              19.0498258
            ],
            [
              73.070764,
              19.0498045
            ],
            [
              73.0707433,
              19.0497905
            ],
            [
              73.0707772,
              19.0497457
            ],
            [
              73.0707979,
              19.0497597
            ],
            [
              73.0708081,
              19.0497464
            ],
            [
              73.0708272,
              19.0497593
            ],
            [
              73.0708542,
              19.0497238
            ],
            [
              73.0707785,
              19.0496726
            ],
            [
              73.070772,
              19.0496812
            ],
            [
              73.0707469,
              19.049655
            ],
            [
              73.0707266,
              19.0496337
            ],
            [
              73.070666,
              19.0495927
            ],
            [
              73.0706464,
              19.0496186
            ],
            [
              73.0706721,
              19.049636
            ],
            [
              73.0706589,
              19.0496535
            ],
            [
              73.070687,
              19.0496725
            ],
            [
              73.0706521,
              19.0497186
            ],
            [
              73.0706186,
              19.049696
            ],
            [
              73.0706069,
              19.0497114
            ],
            [
              73.0705866,
              19.0496977
            ],
            [
              73.0705566,
              19.0497372
            ]
          ]
        ]
      }
    },
    {
      "type": "Feature",
      "properties": {
        "osm_way_id": 353768731,
        "building_type": "yes",
        "name": null,
        "height_m": 6.0,
        "height_source": "display fallback; OSM height unavailable",
        "building_levels": null,
        "source_dataset": "OpenStreetMap",
        "source_license": "ODbL 1.0",
        "source_extract": "https://api.openstreetmap.org/api/0.6/map?bbox=73.066,19.044,73.074,19.052"
      },
      "geometry": {
        "type": "Polygon",
        "coordinates": [
          [
            [
              73.0703494,
              19.0484747
            ],
            [
              73.0703777,
              19.0484723
            ],
            [
              73.0703787,
              19.048484
            ],
            [
              73.0704275,
              19.0484799
            ],
            [
              73.0704267,
              19.0484715
            ],
            [
              73.0705243,
              19.0484633
            ],
            [
              73.0705256,
              19.0484779
            ],
            [
              73.0706627,
              19.0484664
            ],
            [
              73.0706615,
              19.0484536
            ],
            [
              73.0706796,
              19.0484521
            ],
            [
              73.0706784,
              19.0484401
            ],
            [
              73.0706928,
              19.0484389
            ],
            [
              73.0706879,
              19.0483866
            ],
            [
              73.0706604,
              19.0483889
            ],
            [
              73.0706543,
              19.0483243
            ],
            [
              73.0706843,
              19.0483217
            ],
            [
              73.0706812,
              19.0482881
            ],
            [
              73.0706546,
              19.0482903
            ],
            [
              73.070653,
              19.0482738
            ],
            [
              73.0704326,
              19.0482923
            ],
            [
              73.0704337,
              19.0483045
            ],
            [
              73.070399,
              19.0483075
            ],
            [
              73.0703979,
              19.0482952
            ],
            [
              73.0703569,
              19.0482986
            ],
            [
              73.070358,
              19.0483102
            ],
            [
              73.0703342,
              19.0483122
            ],
            [
              73.0703403,
              19.0483771
            ],
            [
              73.0703617,
              19.0483753
            ],
            [
              73.0703655,
              19.0484158
            ],
            [
              73.0703441,
              19.0484176
            ],
            [
              73.0703494,
              19.0484747
            ]
          ]
        ]
      }
    },
    {
      "type": "Feature",
      "properties": {
        "osm_way_id": 353768732,
        "building_type": "yes",
        "name": null,
        "height_m": 6.0,
        "height_source": "display fallback; OSM height unavailable",
        "building_levels": null,
        "source_dataset": "OpenStreetMap",
        "source_license": "ODbL 1.0",
        "source_extract": "https://api.openstreetmap.org/api/0.6/map?bbox=73.066,19.044,73.074,19.052"
      },
      "geometry": {
        "type": "Polygon",
        "coordinates": [
          [
            [
              73.0702898,
              19.0481499
            ],
            [
              73.070318,
              19.0481476
            ],
            [
              73.0703191,
              19.0481593
            ],
            [
              73.0703679,
              19.0481552
            ],
            [
              73.0703671,
              19.0481468
            ],
            [
              73.0704646,
              19.0481386
            ],
            [
              73.070466,
              19.0481532
            ],
            [
              73.070603,
              19.0481416
            ],
            [
              73.0706019,
              19.0481289
            ],
            [
              73.0706199,
              19.0481274
            ],
            [
              73.0706188,
              19.0481154
            ],
            [
              73.0706332,
              19.0481142
            ],
            [
              73.0706282,
              19.0480619
            ],
            [
              73.0706007,
              19.0480642
            ],
            [
              73.0705947,
              19.0479995
            ],
            [
              73.0706247,
              19.047997
            ],
            [
              73.0706215,
              19.0479633
            ],
            [
              73.0705949,
              19.0479656
            ],
            [
              73.0705933,
              19.0479491
            ],
            [
              73.0703729,
              19.0479676
            ],
            [
              73.070374,
              19.0479798
            ],
            [
              73.0703394,
              19.0479827
            ],
            [
              73.0703382,
              19.0479705
            ],
            [
              73.0702972,
              19.0479739
            ],
            [
              73.0702983,
              19.0479855
            ],
            [
              73.0702745,
              19.0479875
            ],
            [
              73.0702806,
              19.0480524
            ],
            [
              73.070302,
              19.0480506
            ],
            [
              73.0703058,
              19.0480911
            ],
            [
              73.0702844,
              19.0480929
            ],
            [
              73.0702898,
              19.0481499
            ]
          ]
        ]
      }
    },
    {
      "type": "Feature",
      "properties": {
        "osm_way_id": 353768733,
        "building_type": "yes",
        "name": null,
        "height_m": 6.0,
        "height_source": "display fallback; OSM height unavailable",
        "building_levels": null,
        "source_dataset": "OpenStreetMap",
        "source_license": "ODbL 1.0",
        "source_extract": "https://api.openstreetmap.org/api/0.6/map?bbox=73.066,19.044,73.074,19.052"
      },
      "geometry": {
        "type": "Polygon",
        "coordinates": [
          [
            [
              73.0711611,
              19.0486518
            ],
            [
              73.0711719,
              19.0486682
            ],
            [
              73.071178,
              19.048693
            ],
            [
              73.0711964,
              19.0486878
            ],
            [
              73.0712103,
              19.0487026
            ],
            [
              73.0712599,
              19.0486799
            ],
            [
              73.0712945,
              19.0486828
            ],
            [
              73.0713255,
              19.0486812
            ],
            [
              73.0713451,
              19.0486825
            ],
            [
              73.071359,
              19.0486647
            ],
            [
              73.0713706,
              19.0486707
            ],
            [
              73.0713744,
              19.0486343
            ],
            [
              73.071386,
              19.0486234
            ],
            [
              73.0713744,
              19.0486017
            ],
            [
              73.0713797,
              19.0485733
            ],
            [
              73.0713572,
              19.048555
            ],
            [
              73.0713314,
              19.0485434
            ],
            [
              73.0713551,
              19.0485075
            ],
            [
              73.0713516,
              19.0484599
            ],
            [
              73.071322,
              19.048444
            ],
            [
              73.071375,
              19.0483932
            ],
            [
              73.071362,
              19.0483847
            ],
            [
              73.0713709,
              19.0483707
            ],
            [
              73.0713635,
              19.048346
            ],
            [
              73.0713541,
              19.0483362
            ],
            [
              73.0713452,
              19.0483227
            ],
            [
              73.0713274,
              19.0483101
            ],
            [
              73.0712813,
              19.0482939
            ],
            [
              73.0711324,
              19.0483554
            ],
            [
              73.0711472,
              19.0483633
            ],
            [
              73.071125,
              19.0483777
            ],
            [
              73.0711408,
              19.0484076
            ],
            [
              73.0711244,
              19.0484182
            ],
            [
              73.0711861,
              19.0484617
            ],
            [
              73.0711453,
              19.0484767
            ],
            [
              73.0711645,
              19.0484939
            ],
            [
              73.0711606,
              19.0485732
            ],
            [
              73.0711426,
              19.0485749
            ],
            [
              73.0711512,
              19.048621
            ],
            [
              73.0711611,
              19.0486518
            ]
          ]
        ]
      }
    },
    {
      "type": "Feature",
      "properties": {
        "osm_way_id": 353768741,
        "building_type": "yes",
        "name": null,
        "height_m": 6.0,
        "height_source": "display fallback; OSM height unavailable",
        "building_levels": null,
        "source_dataset": "OpenStreetMap",
        "source_license": "ODbL 1.0",
        "source_extract": "https://api.openstreetmap.org/api/0.6/map?bbox=73.066,19.044,73.074,19.052"
      },
      "geometry": {
        "type": "Polygon",
        "coordinates": [
          [
            [
              73.07111,
              19.0482432
            ],
            [
              73.0713718,
              19.0482095
            ],
            [
              73.0713428,
              19.0480078
            ],
            [
              73.071081,
              19.0480414
            ],
            [
              73.07111,
              19.0482432
            ]
          ]
        ]
      }
    },
    {
      "type": "Feature",
      "properties": {
        "osm_way_id": 353768752,
        "building_type": "yes",
        "name": null,
        "height_m": 6.0,
        "height_source": "display fallback; OSM height unavailable",
        "building_levels": null,
        "source_dataset": "OpenStreetMap",
        "source_license": "ODbL 1.0",
        "source_extract": "https://api.openstreetmap.org/api/0.6/map?bbox=73.066,19.044,73.074,19.052"
      },
      "geometry": {
        "type": "Polygon",
        "coordinates": [
          [
            [
              73.0719849,
              19.0481615
            ],
            [
              73.0719602,
              19.0479418
            ],
            [
              73.0718539,
              19.0479524
            ],
            [
              73.0718786,
              19.0481722
            ],
            [
              73.0719849,
              19.0481615
            ]
          ]
        ]
      }
    },
    {
      "type": "Feature",
      "properties": {
        "osm_way_id": 353768756,
        "building_type": "yes",
        "name": null,
        "height_m": 6.0,
        "height_source": "display fallback; OSM height unavailable",
        "building_levels": null,
        "source_dataset": "OpenStreetMap",
        "source_license": "ODbL 1.0",
        "source_extract": "https://api.openstreetmap.org/api/0.6/map?bbox=73.066,19.044,73.074,19.052"
      },
      "geometry": {
        "type": "Polygon",
        "coordinates": [
          [
            [
              73.0708212,
              19.0483422
            ],
            [
              73.0710111,
              19.0483158
            ],
            [
              73.0709977,
              19.04823
            ],
            [
              73.0708078,
              19.0482564
            ],
            [
              73.0708212,
              19.0483422
            ]
          ]
        ]
      }
    },
    {
      "type": "Feature",
      "properties": {
        "osm_way_id": 353768776,
        "building_type": "yes",
        "name": null,
        "height_m": 6.0,
        "height_source": "display fallback; OSM height unavailable",
        "building_levels": null,
        "source_dataset": "OpenStreetMap",
        "source_license": "ODbL 1.0",
        "source_extract": "https://api.openstreetmap.org/api/0.6/map?bbox=73.066,19.044,73.074,19.052"
      },
      "geometry": {
        "type": "Polygon",
        "coordinates": [
          [
            [
              73.0721285,
              19.0481501
            ],
            [
              73.0721128,
              19.0479341
            ],
            [
              73.0719989,
              19.0479415
            ],
            [
              73.0720147,
              19.0481576
            ],
            [
              73.0721285,
              19.0481501
            ]
          ]
        ]
      }
    },
    {
      "type": "Feature",
      "properties": {
        "osm_way_id": 353768780,
        "building_type": "yes",
        "name": null,
        "height_m": 6.0,
        "height_source": "display fallback; OSM height unavailable",
        "building_levels": null,
        "source_dataset": "OpenStreetMap",
        "source_license": "ODbL 1.0",
        "source_extract": "https://api.openstreetmap.org/api/0.6/map?bbox=73.066,19.044,73.074,19.052"
      },
      "geometry": {
        "type": "Polygon",
        "coordinates": [
          [
            [
              73.0705453,
              19.0487889
            ],
            [
              73.0705155,
              19.0485643
            ],
            [
              73.0703414,
              19.048585
            ],
            [
              73.070359,
              19.0487178
            ],
            [
              73.0703781,
              19.0487155
            ],
            [
              73.0703903,
              19.0488073
            ],
            [
              73.0705453,
              19.0487889
            ]
          ]
        ]
      }
    },
    {
      "type": "Feature",
      "properties": {
        "osm_way_id": 353768782,
        "building_type": "yes",
        "name": null,
        "height_m": 6.0,
        "height_source": "display fallback; OSM height unavailable",
        "building_levels": null,
        "source_dataset": "OpenStreetMap",
        "source_license": "ODbL 1.0",
        "source_extract": "https://api.openstreetmap.org/api/0.6/map?bbox=73.066,19.044,73.074,19.052"
      },
      "geometry": {
        "type": "Polygon",
        "coordinates": [
          [
            [
              73.0708118,
              19.0482229
            ],
            [
              73.0710289,
              19.0481972
            ],
            [
              73.0710101,
              19.048056
            ],
            [
              73.0708222,
              19.0480711
            ],
            [
              73.0708007,
              19.0480831
            ],
            [
              73.0707985,
              19.0481193
            ],
            [
              73.0708013,
              19.0481662
            ],
            [
              73.0708118,
              19.0482229
            ]
          ]
        ]
      }
    },
    {
      "type": "Feature",
      "properties": {
        "osm_way_id": 353768783,
        "building_type": "yes",
        "name": null,
        "height_m": 6.0,
        "height_source": "display fallback; OSM height unavailable",
        "building_levels": null,
        "source_dataset": "OpenStreetMap",
        "source_license": "ODbL 1.0",
        "source_extract": "https://api.openstreetmap.org/api/0.6/map?bbox=73.066,19.044,73.074,19.052"
      },
      "geometry": {
        "type": "Polygon",
        "coordinates": [
          [
            [
              73.0703417,
              19.0494685
            ],
            [
              73.0705946,
              19.0494435
            ],
            [
              73.070581,
              19.04932
            ],
            [
              73.0705364,
              19.0493244
            ],
            [
              73.070518,
              19.0491585
            ],
            [
              73.0705626,
              19.049154
            ],
            [
              73.0705492,
              19.049033
            ],
            [
              73.0702963,
              19.049058
            ],
            [
              73.0703417,
              19.0494685
            ]
          ]
        ]
      }
    },
    {
      "type": "Feature",
      "properties": {
        "osm_way_id": 353768785,
        "building_type": "yes",
        "name": null,
        "height_m": 6.0,
        "height_source": "display fallback; OSM height unavailable",
        "building_levels": null,
        "source_dataset": "OpenStreetMap",
        "source_license": "ODbL 1.0",
        "source_extract": "https://api.openstreetmap.org/api/0.6/map?bbox=73.066,19.044,73.074,19.052"
      },
      "geometry": {
        "type": "Polygon",
        "coordinates": [
          [
            [
              73.0708522,
              19.0484977
            ],
            [
              73.0710641,
              19.0484789
            ],
            [
              73.0710516,
              19.0483533
            ],
            [
              73.0708398,
              19.0483721
            ],
            [
              73.070847,
              19.0484447
            ],
            [
              73.0708344,
              19.0484458
            ],
            [
              73.0708377,
              19.0484798
            ],
            [
              73.0708504,
              19.0484787
            ],
            [
              73.0708522,
              19.0484977
            ]
          ]
        ]
      }
    },
    {
      "type": "Feature",
      "properties": {
        "osm_way_id": 353789795,
        "building_type": "yes",
        "name": null,
        "height_m": 6.0,
        "height_source": "display fallback; OSM height unavailable",
        "building_levels": null,
        "source_dataset": "OpenStreetMap",
        "source_license": "ODbL 1.0",
        "source_extract": "https://api.openstreetmap.org/api/0.6/map?bbox=73.066,19.044,73.074,19.052"
      },
      "geometry": {
        "type": "Polygon",
        "coordinates": [
          [
            [
              73.07422,
              19.0519129
            ],
            [
              73.0741759,
              19.0514793
            ],
            [
              73.0741456,
              19.0514798
            ],
            [
              73.0741417,
              19.0514411
            ],
            [
              73.0736196,
              19.0514964
            ],
            [
              73.0736407,
              19.0516112
            ],
            [
              73.0736921,
              19.051609
            ],
            [
              73.073688,
              19.0515941
            ],
            [
              73.0737252,
              19.0515894
            ],
            [
              73.0737274,
              19.0516053
            ],
            [
              73.0740248,
              19.0515683
            ],
            [
              73.0740521,
              19.0517649
            ],
            [
              73.0740752,
              19.0517621
            ],
            [
              73.0740811,
              19.0518041
            ],
            [
              73.0740567,
              19.0518071
            ],
            [
              73.074061,
              19.051838
            ],
            [
              73.0740716,
              19.0518367
            ],
            [
              73.0740784,
              19.0518855
            ],
            [
              73.0740688,
              19.0518867
            ],
            [
              73.0740755,
              19.0519348
            ],
            [
              73.07422,
              19.0519129
            ]
          ]
        ]
      }
    },
    {
      "type": "Feature",
      "properties": {
        "osm_way_id": 353789799,
        "building_type": "apartments",
        "name": null,
        "height_m": 6.0,
        "height_source": "display fallback; OSM height unavailable",
        "building_levels": null,
        "source_dataset": "OpenStreetMap",
        "source_license": "ODbL 1.0",
        "source_extract": "https://api.openstreetmap.org/api/0.6/map?bbox=73.066,19.044,73.074,19.052"
      },
      "geometry": {
        "type": "Polygon",
        "coordinates": [
          [
            [
              73.0739593,
              19.0512542
            ],
            [
              73.0739661,
              19.0513017
            ],
            [
              73.0742414,
              19.0512667
            ],
            [
              73.0742106,
              19.0510501
            ],
            [
              73.0740034,
              19.0510764
            ],
            [
              73.0740137,
              19.0511489
            ],
            [
              73.0738352,
              19.0511716
            ],
            [
              73.0738228,
              19.0510848
            ],
            [
              73.0736253,
              19.05111
            ],
            [
              73.0736371,
              19.0511932
            ],
            [
              73.0735531,
              19.0512039
            ],
            [
              73.0735674,
              19.051304
            ],
            [
              73.0739593,
              19.0512542
            ]
          ]
        ]
      }
    },
    {
      "type": "Feature",
      "properties": {
        "osm_way_id": 353789801,
        "building_type": "apartments",
        "name": null,
        "height_m": 6.0,
        "height_source": "display fallback; OSM height unavailable",
        "building_levels": null,
        "source_dataset": "OpenStreetMap",
        "source_license": "ODbL 1.0",
        "source_extract": "https://api.openstreetmap.org/api/0.6/map?bbox=73.066,19.044,73.074,19.052"
      },
      "geometry": {
        "type": "Polygon",
        "coordinates": [
          [
            [
              73.0737319,
              19.0510048
            ],
            [
              73.0737124,
              19.0508643
            ],
            [
              73.073681,
              19.0508682
            ],
            [
              73.0736743,
              19.050869
            ],
            [
              73.0736508,
              19.0506997
            ],
            [
              73.0736468,
              19.0506709
            ],
            [
              73.0736401,
              19.0506231
            ],
            [
              73.0736342,
              19.0505804
            ],
            [
              73.0736287,
              19.0505409
            ],
            [
              73.0734171,
              19.0505672
            ],
            [
              73.0734314,
              19.0506703
            ],
            [
              73.0734499,
              19.050668
            ],
            [
              73.0734591,
              19.0507344
            ],
            [
              73.0734444,
              19.0507362
            ],
            [
              73.0734507,
              19.0507812
            ],
            [
              73.0734736,
              19.0507784
            ],
            [
              73.0734793,
              19.0508194
            ],
            [
              73.0734588,
              19.0508219
            ],
            [
              73.0734661,
              19.0508745
            ],
            [
              73.0734806,
              19.0508727
            ],
            [
              73.0734878,
              19.0509247
            ],
            [
              73.0734766,
              19.0509261
            ],
            [
              73.0734895,
              19.0510184
            ],
            [
              73.0735221,
              19.0510143
            ],
            [
              73.0735244,
              19.0510306
            ],
            [
              73.0737319,
              19.0510048
            ]
          ]
        ]
      }
    },
    {
      "type": "Feature",
      "properties": {
        "osm_way_id": 353789804,
        "building_type": "apartments",
        "name": null,
        "height_m": 6.0,
        "height_source": "display fallback; OSM height unavailable",
        "building_levels": null,
        "source_dataset": "OpenStreetMap",
        "source_license": "ODbL 1.0",
        "source_extract": "https://api.openstreetmap.org/api/0.6/map?bbox=73.066,19.044,73.074,19.052"
      },
      "geometry": {
        "type": "Polygon",
        "coordinates": [
          [
            [
              73.0744633,
              19.0508117
            ],
            [
              73.0744915,
              19.0508082
            ],
            [
              73.0744954,
              19.0508364
            ],
            [
              73.0745434,
              19.0508304
            ],
            [
              73.0745404,
              19.0508093
            ],
            [
              73.0745959,
              19.0508024
            ],
            [
              73.0746012,
              19.0508404
            ],
            [
              73.0747023,
              19.0508278
            ],
            [
              73.0746859,
              19.0507101
            ],
            [
              73.0746701,
              19.0507121
            ],
            [
              73.0746621,
              19.0506547
            ],
            [
              73.074689,
              19.0506514
            ],
            [
              73.074667,
              19.0504935
            ],
            [
              73.0746463,
              19.0504961
            ],
            [
              73.0746377,
              19.0504638
            ],
            [
              73.0746621,
              19.0504592
            ],
            [
              73.0746614,
              19.0504219
            ],
            [
              73.0746174,
              19.0504386
            ],
            [
              73.0746108,
              19.050414
            ],
            [
              73.0744524,
              19.0504264
            ],
            [
              73.0744572,
              19.0504847
            ],
            [
              73.0737367,
              19.0505743
            ],
            [
              73.073746,
              19.0506412
            ],
            [
              73.0737687,
              19.0506384
            ],
            [
              73.0737761,
              19.0506916
            ],
            [
              73.0738119,
              19.0506872
            ],
            [
              73.0738153,
              19.0507115
            ],
            [
              73.0740194,
              19.0506861
            ],
            [
              73.0740153,
              19.0506565
            ],
            [
              73.0740828,
              19.0506481
            ],
            [
              73.0740871,
              19.0506793
            ],
            [
              73.0742725,
              19.0506563
            ],
            [
              73.0742682,
              19.0506257
            ],
            [
              73.0743309,
              19.0506179
            ],
            [
              73.0743353,
              19.0506489
            ],
            [
              73.0745397,
              19.0506235
            ],
            [
              73.0745493,
              19.0506921
            ],
            [
              73.0744484,
              19.0507047
            ],
            [
              73.0744633,
              19.0508117
            ]
          ]
        ]
      }
    },
    {
      "type": "Feature",
      "properties": {
        "osm_way_id": 353789836,
        "building_type": "yes",
        "name": null,
        "height_m": 6.0,
        "height_source": "display fallback; OSM height unavailable",
        "building_levels": null,
        "source_dataset": "OpenStreetMap",
        "source_license": "ODbL 1.0",
        "source_extract": "https://api.openstreetmap.org/api/0.6/map?bbox=73.066,19.044,73.074,19.052"
      },
      "geometry": {
        "type": "Polygon",
        "coordinates": [
          [
            [
              73.0734161,
              19.0516366
            ],
            [
              73.0733804,
              19.0516772
            ],
            [
              73.0733616,
              19.0516639
            ],
            [
              73.0732773,
              19.0517534
            ],
            [
              73.0733092,
              19.0517767
            ],
            [
              73.0733305,
              19.0517549
            ],
            [
              73.0733477,
              19.0517672
            ],
            [
              73.0733257,
              19.0517888
            ],
            [
              73.0733797,
              19.0518235
            ],
            [
              73.0733926,
              19.0518069
            ],
            [
              73.0734306,
              19.0518359
            ],
            [
              73.0734138,
              19.0518576
            ],
            [
              73.0735148,
              19.0519315
            ],
            [
              73.0735334,
              19.0519051
            ],
            [
              73.0735965,
              19.0519507
            ],
            [
              73.0735767,
              19.0519738
            ],
            [
              73.0736745,
              19.0520452
            ],
            [
              73.0736879,
              19.0520239
            ],
            [
              73.0737537,
              19.0520742
            ],
            [
              73.0737377,
              19.0520963
            ],
            [
              73.0738054,
              19.0521287
            ],
            [
              73.0738059,
              19.0521519
            ],
            [
              73.0738344,
              19.0521492
            ],
            [
              73.0738373,
              19.0521706
            ],
            [
              73.0742121,
              19.0521097
            ],
            [
              73.0742025,
              19.052011
            ],
            [
              73.0739102,
              19.0520391
            ],
            [
              73.0735174,
              19.0517334
            ],
            [
              73.0735047,
              19.0517442
            ],
            [
              73.0734821,
              19.0517274
            ],
            [
              73.0735039,
              19.0517038
            ],
            [
              73.0735144,
              19.0517112
            ],
            [
              73.0735574,
              19.0516633
            ],
            [
              73.0735071,
              19.0516284
            ],
            [
              73.0734796,
              19.0516595
            ],
            [
              73.0734568,
              19.0516425
            ],
            [
              73.0734877,
              19.0516121
            ],
            [
              73.0734347,
              19.0515714
            ],
            [
              73.0733913,
              19.0516193
            ],
            [
              73.0734161,
              19.0516366
            ]
          ]
        ]
      }
    },
    {
      "type": "Feature",
      "properties": {
        "osm_way_id": 353803609,
        "building_type": "yes",
        "name": null,
        "height_m": 6.0,
        "height_source": "display fallback; OSM height unavailable",
        "building_levels": null,
        "source_dataset": "OpenStreetMap",
        "source_license": "ODbL 1.0",
        "source_extract": "https://api.openstreetmap.org/api/0.6/map?bbox=73.066,19.044,73.074,19.052"
      },
      "geometry": {
        "type": "Polygon",
        "coordinates": [
          [
            [
              73.0679656,
              19.0441325
            ],
            [
              73.0679899,
              19.0441054
            ],
            [
              73.0680169,
              19.0441271
            ],
            [
              73.0681074,
              19.0440264
            ],
            [
              73.0680909,
              19.0440131
            ],
            [
              73.0681109,
              19.0439908
            ],
            [
              73.0680829,
              19.0439684
            ],
            [
              73.0681041,
              19.0439449
            ],
            [
              73.0680771,
              19.0439232
            ],
            [
              73.0679212,
              19.0440967
            ],
            [
              73.0679656,
              19.0441325
            ]
          ]
        ]
      }
    },
    {
      "type": "Feature",
      "properties": {
        "osm_way_id": 353803610,
        "building_type": "yes",
        "name": null,
        "height_m": 6.0,
        "height_source": "display fallback; OSM height unavailable",
        "building_levels": null,
        "source_dataset": "OpenStreetMap",
        "source_license": "ODbL 1.0",
        "source_extract": "https://api.openstreetmap.org/api/0.6/map?bbox=73.066,19.044,73.074,19.052"
      },
      "geometry": {
        "type": "Polygon",
        "coordinates": [
          [
            [
              73.0680237,
              19.0455569
            ],
            [
              73.0682265,
              19.0455391
            ],
            [
              73.0682209,
              19.045482
            ],
            [
              73.0682532,
              19.0454792
            ],
            [
              73.0682457,
              19.0454034
            ],
            [
              73.0680107,
              19.045424
            ],
            [
              73.0680135,
              19.0454526
            ],
            [
              73.0680748,
              19.0454473
            ],
            [
              73.0680801,
              19.0455012
            ],
            [
              73.0680188,
              19.0455066
            ],
            [
              73.0680237,
              19.0455569
            ]
          ]
        ]
      }
    },
    {
      "type": "Feature",
      "properties": {
        "osm_way_id": 353803619,
        "building_type": "yes",
        "name": null,
        "height_m": 6.0,
        "height_source": "display fallback; OSM height unavailable",
        "building_levels": null,
        "source_dataset": "OpenStreetMap",
        "source_license": "ODbL 1.0",
        "source_extract": "https://api.openstreetmap.org/api/0.6/map?bbox=73.066,19.044,73.074,19.052"
      },
      "geometry": {
        "type": "Polygon",
        "coordinates": [
          [
            [
              73.0678354,
              19.0453005
            ],
            [
              73.0680158,
              19.0452846
            ],
            [
              73.0680122,
              19.0452475
            ],
            [
              73.0679876,
              19.0452497
            ],
            [
              73.0679818,
              19.0451901
            ],
            [
              73.0680525,
              19.0451839
            ],
            [
              73.0680516,
              19.0451751
            ],
            [
              73.0680714,
              19.0451734
            ],
            [
              73.0680723,
              19.0451822
            ],
            [
              73.0681296,
              19.0451771
            ],
            [
              73.0681286,
              19.0451669
            ],
            [
              73.0681466,
              19.0451653
            ],
            [
              73.0681476,
              19.0451756
            ],
            [
              73.0681995,
              19.045171
            ],
            [
              73.0682083,
              19.0452608
            ],
            [
              73.0683431,
              19.0452489
            ],
            [
              73.0683391,
              19.0452075
            ],
            [
              73.0683182,
              19.0452094
            ],
            [
              73.0683123,
              19.0451491
            ],
            [
              73.0683332,
              19.0451472
            ],
            [
              73.0683284,
              19.0450986
            ],
            [
              73.0681926,
              19.0451105
            ],
            [
              73.0681842,
              19.045025
            ],
            [
              73.0679711,
              19.0450436
            ],
            [
              73.0679804,
              19.0451386
            ],
            [
              73.0678209,
              19.0451526
            ],
            [
              73.0678256,
              19.0452007
            ],
            [
              73.0678611,
              19.0451975
            ],
            [
              73.0678671,
              19.0452578
            ],
            [
              73.0678315,
              19.045261
            ],
            [
              73.0678354,
              19.0453005
            ]
          ]
        ]
      }
    },
    {
      "type": "Feature",
      "properties": {
        "osm_way_id": 353803624,
        "building_type": "yes",
        "name": null,
        "height_m": 6.0,
        "height_source": "display fallback; OSM height unavailable",
        "building_levels": null,
        "source_dataset": "OpenStreetMap",
        "source_license": "ODbL 1.0",
        "source_extract": "https://api.openstreetmap.org/api/0.6/map?bbox=73.066,19.044,73.074,19.052"
      },
      "geometry": {
        "type": "Polygon",
        "coordinates": [
          [
            [
              73.0671473,
              19.0447074
            ],
            [
              73.0672672,
              19.0446962
            ],
            [
              73.0672587,
              19.0446145
            ],
            [
              73.0671388,
              19.0446257
            ],
            [
              73.0671473,
              19.0447074
            ]
          ]
        ]
      }
    },
    {
      "type": "Feature",
      "properties": {
        "osm_way_id": 353803630,
        "building_type": "yes",
        "name": null,
        "height_m": 6.0,
        "height_source": "display fallback; OSM height unavailable",
        "building_levels": null,
        "source_dataset": "OpenStreetMap",
        "source_license": "ODbL 1.0",
        "source_extract": "https://api.openstreetmap.org/api/0.6/map?bbox=73.066,19.044,73.074,19.052"
      },
      "geometry": {
        "type": "Polygon",
        "coordinates": [
          [
            [
              73.0657993,
              19.0446158
            ],
            [
              73.0661003,
              19.0445878
            ],
            [
              73.0660929,
              19.0445169
            ],
            [
              73.0657919,
              19.0445449
            ],
            [
              73.0657993,
              19.0446158
            ]
          ]
        ]
      }
    },
    {
      "type": "Feature",
      "properties": {
        "osm_way_id": 353803637,
        "building_type": "yes",
        "name": null,
        "height_m": 6.0,
        "height_source": "display fallback; OSM height unavailable",
        "building_levels": null,
        "source_dataset": "OpenStreetMap",
        "source_license": "ODbL 1.0",
        "source_extract": "https://api.openstreetmap.org/api/0.6/map?bbox=73.066,19.044,73.074,19.052"
      },
      "geometry": {
        "type": "Polygon",
        "coordinates": [
          [
            [
              73.0662145,
              19.0440336
            ],
            [
              73.0665822,
              19.0439994
            ],
            [
              73.0665721,
              19.0439028
            ],
            [
              73.0662045,
              19.043937
            ],
            [
              73.0662145,
              19.0440336
            ]
          ]
        ]
      }
    },
    {
      "type": "Feature",
      "properties": {
        "osm_way_id": 353803641,
        "building_type": "yes",
        "name": null,
        "height_m": 6.0,
        "height_source": "display fallback; OSM height unavailable",
        "building_levels": null,
        "source_dataset": "OpenStreetMap",
        "source_license": "ODbL 1.0",
        "source_extract": "https://api.openstreetmap.org/api/0.6/map?bbox=73.066,19.044,73.074,19.052"
      },
      "geometry": {
        "type": "Polygon",
        "coordinates": [
          [
            [
              73.0664017,
              19.0444406
            ],
            [
              73.0666758,
              19.0444151
            ],
            [
              73.066668,
              19.0443397
            ],
            [
              73.0663939,
              19.0443652
            ],
            [
              73.0664017,
              19.0444406
            ]
          ]
        ]
      }
    },
    {
      "type": "Feature",
      "properties": {
        "osm_way_id": 353803651,
        "building_type": "yes",
        "name": null,
        "height_m": 6.0,
        "height_source": "display fallback; OSM height unavailable",
        "building_levels": null,
        "source_dataset": "OpenStreetMap",
        "source_license": "ODbL 1.0",
        "source_extract": "https://api.openstreetmap.org/api/0.6/map?bbox=73.066,19.044,73.074,19.052"
      },
      "geometry": {
        "type": "Polygon",
        "coordinates": [
          [
            [
              73.065834,
              19.0447505
            ],
            [
              73.0661501,
              19.0447211
            ],
            [
              73.0661425,
              19.0446487
            ],
            [
              73.0658265,
              19.0446782
            ],
            [
              73.065834,
              19.0447505
            ]
          ]
        ]
      }
    },
    {
      "type": "Feature",
      "properties": {
        "osm_way_id": 353803657,
        "building_type": "yes",
        "name": null,
        "height_m": 6.0,
        "height_source": "display fallback; OSM height unavailable",
        "building_levels": null,
        "source_dataset": "OpenStreetMap",
        "source_license": "ODbL 1.0",
        "source_extract": "https://api.openstreetmap.org/api/0.6/map?bbox=73.066,19.044,73.074,19.052"
      },
      "geometry": {
        "type": "Polygon",
        "coordinates": [
          [
            [
              73.0687888,
              19.0439695
            ],
            [
              73.0688503,
              19.0440137
            ],
            [
              73.0689281,
              19.0439168
            ],
            [
              73.0688666,
              19.0438726
            ],
            [
              73.0687888,
              19.0439695
            ]
          ]
        ]
      }
    },
    {
      "type": "Feature",
      "properties": {
        "osm_way_id": 353803659,
        "building_type": "yes",
        "name": null,
        "height_m": 6.0,
        "height_source": "display fallback; OSM height unavailable",
        "building_levels": null,
        "source_dataset": "OpenStreetMap",
        "source_license": "ODbL 1.0",
        "source_extract": "https://api.openstreetmap.org/api/0.6/map?bbox=73.066,19.044,73.074,19.052"
      },
      "geometry": {
        "type": "Polygon",
        "coordinates": [
          [
            [
              73.0663212,
              19.0441127
            ],
            [
              73.0665726,
              19.0440893
            ],
            [
              73.0665644,
              19.0440109
            ],
            [
              73.0663131,
              19.0440343
            ],
            [
              73.0663212,
              19.0441127
            ]
          ]
        ]
      }
    },
    {
      "type": "Feature",
      "properties": {
        "osm_way_id": 353803666,
        "building_type": "yes",
        "name": null,
        "height_m": 6.0,
        "height_source": "display fallback; OSM height unavailable",
        "building_levels": null,
        "source_dataset": "OpenStreetMap",
        "source_license": "ODbL 1.0",
        "source_extract": "https://api.openstreetmap.org/api/0.6/map?bbox=73.066,19.044,73.074,19.052"
      },
      "geometry": {
        "type": "Polygon",
        "coordinates": [
          [
            [
              73.0669752,
              19.0446148
            ],
            [
              73.0673053,
              19.0445781
            ],
            [
              73.0672962,
              19.0445048
            ],
            [
              73.066966,
              19.0445416
            ],
            [
              73.0669752,
              19.0446148
            ]
          ]
        ]
      }
    },
    {
      "type": "Feature",
      "properties": {
        "osm_way_id": 353803669,
        "building_type": "yes",
        "name": null,
        "height_m": 6.0,
        "height_source": "display fallback; OSM height unavailable",
        "building_levels": null,
        "source_dataset": "OpenStreetMap",
        "source_license": "ODbL 1.0",
        "source_extract": "https://api.openstreetmap.org/api/0.6/map?bbox=73.066,19.044,73.074,19.052"
      },
      "geometry": {
        "type": "Polygon",
        "coordinates": [
          [
            [
              73.0669454,
              19.0442595
            ],
            [
              73.0672571,
              19.0442268
            ],
            [
              73.0672481,
              19.0441505
            ],
            [
              73.0669364,
              19.0441833
            ],
            [
              73.0669454,
              19.0442595
            ]
          ]
        ]
      }
    },
    {
      "type": "Feature",
      "properties": {
        "osm_way_id": 353803679,
        "building_type": "yes",
        "name": null,
        "height_m": 6.0,
        "height_source": "display fallback; OSM height unavailable",
        "building_levels": null,
        "source_dataset": "OpenStreetMap",
        "source_license": "ODbL 1.0",
        "source_extract": "https://api.openstreetmap.org/api/0.6/map?bbox=73.066,19.044,73.074,19.052"
      },
      "geometry": {
        "type": "Polygon",
        "coordinates": [
          [
            [
              73.0669156,
              19.0441649
            ],
            [
              73.0672509,
              19.0441297
            ],
            [
              73.0672418,
              19.0440519
            ],
            [
              73.0669064,
              19.0440871
            ],
            [
              73.0669156,
              19.0441649
            ]
          ]
        ]
      }
    },
    {
      "type": "Feature",
      "properties": {
        "osm_way_id": 353803681,
        "building_type": "yes",
        "name": null,
        "height_m": 6.0,
        "height_source": "display fallback; OSM height unavailable",
        "building_levels": null,
        "source_dataset": "OpenStreetMap",
        "source_license": "ODbL 1.0",
        "source_extract": "https://api.openstreetmap.org/api/0.6/map?bbox=73.066,19.044,73.074,19.052"
      },
      "geometry": {
        "type": "Polygon",
        "coordinates": [
          [
            [
              73.0673213,
              19.0446951
            ],
            [
              73.0674616,
              19.0446795
            ],
            [
              73.067452,
              19.0446025
            ],
            [
              73.0673117,
              19.0446181
            ],
            [
              73.0673213,
              19.0446951
            ]
          ]
        ]
      }
    },
    {
      "type": "Feature",
      "properties": {
        "osm_way_id": 353803682,
        "building_type": "yes",
        "name": null,
        "height_m": 6.0,
        "height_source": "display fallback; OSM height unavailable",
        "building_levels": null,
        "source_dataset": "OpenStreetMap",
        "source_license": "ODbL 1.0",
        "source_extract": "https://api.openstreetmap.org/api/0.6/map?bbox=73.066,19.044,73.074,19.052"
      },
      "geometry": {
        "type": "Polygon",
        "coordinates": [
          [
            [
              73.0662029,
              19.0441162
            ],
            [
              73.0662945,
              19.0441077
            ],
            [
              73.0662875,
              19.0440408
            ],
            [
              73.066196,
              19.0440493
            ],
            [
              73.0662029,
              19.0441162
            ]
          ]
        ]
      }
    },
    {
      "type": "Feature",
      "properties": {
        "osm_way_id": 353803684,
        "building_type": "yes",
        "name": null,
        "height_m": 6.0,
        "height_source": "display fallback; OSM height unavailable",
        "building_levels": null,
        "source_dataset": "OpenStreetMap",
        "source_license": "ODbL 1.0",
        "source_extract": "https://api.openstreetmap.org/api/0.6/map?bbox=73.066,19.044,73.074,19.052"
      },
      "geometry": {
        "type": "Polygon",
        "coordinates": [
          [
            [
              73.0662197,
              19.0446599
            ],
            [
              73.0662997,
              19.0446525
            ],
            [
              73.0662813,
              19.0444755
            ],
            [
              73.0662013,
              19.044483
            ],
            [
              73.0662197,
              19.0446599
            ]
          ]
        ]
      }
    },
    {
      "type": "Feature",
      "properties": {
        "osm_way_id": 353803688,
        "building_type": "yes",
        "name": null,
        "height_m": 6.0,
        "height_source": "display fallback; OSM height unavailable",
        "building_levels": null,
        "source_dataset": "OpenStreetMap",
        "source_license": "ODbL 1.0",
        "source_extract": "https://api.openstreetmap.org/api/0.6/map?bbox=73.066,19.044,73.074,19.052"
      },
      "geometry": {
        "type": "Polygon",
        "coordinates": [
          [
            [
              73.0668695,
              19.0444958
            ],
            [
              73.0669515,
              19.0444881
            ],
            [
              73.0669387,
              19.0443658
            ],
            [
              73.0668568,
              19.0443735
            ],
            [
              73.0668695,
              19.0444958
            ]
          ]
        ]
      }
    },
    {
      "type": "Feature",
      "properties": {
        "osm_way_id": 353803695,
        "building_type": "yes",
        "name": null,
        "height_m": 6.0,
        "height_source": "display fallback; OSM height unavailable",
        "building_levels": null,
        "source_dataset": "OpenStreetMap",
        "source_license": "ODbL 1.0",
        "source_extract": "https://api.openstreetmap.org/api/0.6/map?bbox=73.066,19.044,73.074,19.052"
      },
      "geometry": {
        "type": "Polygon",
        "coordinates": [
          [
            [
              73.0657789,
              19.0443833
            ],
            [
              73.0661086,
              19.0443526
            ],
            [
              73.0661024,
              19.0442933
            ],
            [
              73.0657727,
              19.044324
            ],
            [
              73.0657789,
              19.0443833
            ]
          ]
        ]
      }
    },
    {
      "type": "Feature",
      "properties": {
        "osm_way_id": 353803697,
        "building_type": "yes",
        "name": null,
        "height_m": 6.0,
        "height_source": "display fallback; OSM height unavailable",
        "building_levels": null,
        "source_dataset": "OpenStreetMap",
        "source_license": "ODbL 1.0",
        "source_extract": "https://api.openstreetmap.org/api/0.6/map?bbox=73.066,19.044,73.074,19.052"
      },
      "geometry": {
        "type": "Polygon",
        "coordinates": [
          [
            [
              73.0688811,
              19.0440695
            ],
            [
              73.0689764,
              19.0441379
            ],
            [
              73.0690272,
              19.0440747
            ],
            [
              73.0689319,
              19.0440063
            ],
            [
              73.0688811,
              19.0440695
            ]
          ]
        ]
      }
    },
    {
      "type": "Feature",
      "properties": {
        "osm_way_id": 353803699,
        "building_type": "yes",
        "name": null,
        "height_m": 6.0,
        "height_source": "display fallback; OSM height unavailable",
        "building_levels": null,
        "source_dataset": "OpenStreetMap",
        "source_license": "ODbL 1.0",
        "source_extract": "https://api.openstreetmap.org/api/0.6/map?bbox=73.066,19.044,73.074,19.052"
      },
      "geometry": {
        "type": "Polygon",
        "coordinates": [
          [
            [
              73.0663818,
              19.0446742
            ],
            [
              73.0667153,
              19.0446431
            ],
            [
              73.0667086,
              19.0445788
            ],
            [
              73.0663751,
              19.0446098
            ],
            [
              73.0663818,
              19.0446742
            ]
          ]
        ]
      }
    },
    {
      "type": "Feature",
      "properties": {
        "osm_way_id": 353803709,
        "building_type": "yes",
        "name": null,
        "height_m": 6.0,
        "height_source": "display fallback; OSM height unavailable",
        "building_levels": null,
        "source_dataset": "OpenStreetMap",
        "source_license": "ODbL 1.0",
        "source_extract": "https://api.openstreetmap.org/api/0.6/map?bbox=73.066,19.044,73.074,19.052"
      },
      "geometry": {
        "type": "Polygon",
        "coordinates": [
          [
            [
              73.0670121,
              19.0447096
            ],
            [
              73.0670941,
              19.0447019
            ],
            [
              73.0670861,
              19.0446251
            ],
            [
              73.0670041,
              19.0446327
            ],
            [
              73.0670121,
              19.0447096
            ]
          ]
        ]
      }
    },
    {
      "type": "Feature",
      "properties": {
        "osm_way_id": 353803714,
        "building_type": "yes",
        "name": null,
        "height_m": 6.0,
        "height_source": "display fallback; OSM height unavailable",
        "building_levels": null,
        "source_dataset": "OpenStreetMap",
        "source_license": "ODbL 1.0",
        "source_extract": "https://api.openstreetmap.org/api/0.6/map?bbox=73.066,19.044,73.074,19.052"
      },
      "geometry": {
        "type": "Polygon",
        "coordinates": [
          [
            [
              73.0673235,
              19.0444315
            ],
            [
              73.0674151,
              19.0444239
            ],
            [
              73.0674089,
              19.0443574
            ],
            [
              73.0673173,
              19.0443651
            ],
            [
              73.0673235,
              19.0444315
            ]
          ]
        ]
      }
    },
    {
      "type": "Feature",
      "properties": {
        "osm_way_id": 353803715,
        "building_type": "yes",
        "name": null,
        "height_m": 6.0,
        "height_source": "display fallback; OSM height unavailable",
        "building_levels": null,
        "source_dataset": "OpenStreetMap",
        "source_license": "ODbL 1.0",
        "source_extract": "https://api.openstreetmap.org/api/0.6/map?bbox=73.066,19.044,73.074,19.052"
      },
      "geometry": {
        "type": "Polygon",
        "coordinates": [
          [
            [
              73.0685295,
              19.0440247
            ],
            [
              73.0686114,
              19.0440834
            ],
            [
              73.0686564,
              19.0440274
            ],
            [
              73.0685746,
              19.0439686
            ],
            [
              73.0685295,
              19.0440247
            ]
          ]
        ]
      }
    },
    {
      "type": "Feature",
      "properties": {
        "osm_way_id": 353803731,
        "building_type": "yes",
        "name": null,
        "height_m": 6.0,
        "height_source": "display fallback; OSM height unavailable",
        "building_levels": null,
        "source_dataset": "OpenStreetMap",
        "source_license": "ODbL 1.0",
        "source_extract": "https://api.openstreetmap.org/api/0.6/map?bbox=73.066,19.044,73.074,19.052"
      },
      "geometry": {
        "type": "Polygon",
        "coordinates": [
          [
            [
              73.0674783,
              19.0446669
            ],
            [
              73.0675553,
              19.0446605
            ],
            [
              73.0675495,
              19.0445978
            ],
            [
              73.0674725,
              19.0446042
            ],
            [
              73.0674783,
              19.0446669
            ]
          ]
        ]
      }
    },
    {
      "type": "Feature",
      "properties": {
        "osm_way_id": 353803734,
        "building_type": "yes",
        "name": null,
        "height_m": 6.0,
        "height_source": "display fallback; OSM height unavailable",
        "building_levels": null,
        "source_dataset": "OpenStreetMap",
        "source_license": "ODbL 1.0",
        "source_extract": "https://api.openstreetmap.org/api/0.6/map?bbox=73.066,19.044,73.074,19.052"
      },
      "geometry": {
        "type": "Polygon",
        "coordinates": [
          [
            [
              73.0673082,
              19.0443476
            ],
            [
              73.067387,
              19.044341
            ],
            [
              73.0673697,
              19.044155
            ],
            [
              73.0672909,
              19.0441615
            ],
            [
              73.0673082,
              19.0443476
            ]
          ]
        ]
      }
    },
    {
      "type": "Feature",
      "properties": {
        "osm_way_id": 353803748,
        "building_type": "yes",
        "name": null,
        "height_m": 6.0,
        "height_source": "display fallback; OSM height unavailable",
        "building_levels": null,
        "source_dataset": "OpenStreetMap",
        "source_license": "ODbL 1.0",
        "source_extract": "https://api.openstreetmap.org/api/0.6/map?bbox=73.066,19.044,73.074,19.052"
      },
      "geometry": {
        "type": "Polygon",
        "coordinates": [
          [
            [
              73.0663488,
              19.0443147
            ],
            [
              73.0666676,
              19.044285
            ],
            [
              73.0666592,
              19.0442048
            ],
            [
              73.0663404,
              19.0442344
            ],
            [
              73.0663488,
              19.0443147
            ]
          ]
        ]
      }
    },
    {
      "type": "Feature",
      "properties": {
        "osm_way_id": 353803750,
        "building_type": "yes",
        "name": null,
        "height_m": 6.0,
        "height_source": "display fallback; OSM height unavailable",
        "building_levels": null,
        "source_dataset": "OpenStreetMap",
        "source_license": "ODbL 1.0",
        "source_extract": "https://api.openstreetmap.org/api/0.6/map?bbox=73.066,19.044,73.074,19.052"
      },
      "geometry": {
        "type": "Polygon",
        "coordinates": [
          [
            [
              73.0687448,
              19.0440528
            ],
            [
              73.0688086,
              19.0440986
            ],
            [
              73.0688534,
              19.0440428
            ],
            [
              73.0687897,
              19.0439971
            ],
            [
              73.0687448,
              19.0440528
            ]
          ]
        ]
      }
    },
    {
      "type": "Feature",
      "properties": {
        "osm_way_id": 353803755,
        "building_type": "yes",
        "name": null,
        "height_m": 6.0,
        "height_source": "display fallback; OSM height unavailable",
        "building_levels": null,
        "source_dataset": "OpenStreetMap",
        "source_license": "ODbL 1.0",
        "source_extract": "https://api.openstreetmap.org/api/0.6/map?bbox=73.066,19.044,73.074,19.052"
      },
      "geometry": {
        "type": "Polygon",
        "coordinates": [
          [
            [
              73.065787,
              19.0445259
            ],
            [
              73.0661137,
              19.0444955
            ],
            [
              73.0661065,
              19.0444257
            ],
            [
              73.0657798,
              19.044456
            ],
            [
              73.065787,
              19.0445259
            ]
          ]
        ]
      }
    },
    {
      "type": "Feature",
      "properties": {
        "osm_way_id": 353803758,
        "building_type": "yes",
        "name": null,
        "height_m": 6.0,
        "height_source": "display fallback; OSM height unavailable",
        "building_levels": null,
        "source_dataset": "OpenStreetMap",
        "source_license": "ODbL 1.0",
        "source_extract": "https://api.openstreetmap.org/api/0.6/map?bbox=73.066,19.044,73.074,19.052"
      },
      "geometry": {
        "type": "Polygon",
        "coordinates": [
          [
            [
              73.0661526,
              19.0447043
            ],
            [
              73.0662151,
              19.0446985
            ],
            [
              73.0661744,
              19.0443073
            ],
            [
              73.0661119,
              19.0443131
            ],
            [
              73.0661526,
              19.0447043
            ]
          ]
        ]
      }
    },
    {
      "type": "Feature",
      "properties": {
        "osm_way_id": 353803761,
        "building_type": "yes",
        "name": null,
        "height_m": 6.0,
        "height_source": "display fallback; OSM height unavailable",
        "building_levels": null,
        "source_dataset": "OpenStreetMap",
        "source_license": "ODbL 1.0",
        "source_extract": "https://api.openstreetmap.org/api/0.6/map?bbox=73.066,19.044,73.074,19.052"
      },
      "geometry": {
        "type": "Polygon",
        "coordinates": [
          [
            [
              73.0663411,
              19.0442166
            ],
            [
              73.0666529,
              19.0441876
            ],
            [
              73.0666448,
              19.0441103
            ],
            [
              73.066333,
              19.0441393
            ],
            [
              73.0663411,
              19.0442166
            ]
          ]
        ]
      }
    },
    {
      "type": "Feature",
      "properties": {
        "osm_way_id": 353803769,
        "building_type": "yes",
        "name": null,
        "height_m": 6.0,
        "height_source": "display fallback; OSM height unavailable",
        "building_levels": null,
        "source_dataset": "OpenStreetMap",
        "source_license": "ODbL 1.0",
        "source_extract": "https://api.openstreetmap.org/api/0.6/map?bbox=73.066,19.044,73.074,19.052"
      },
      "geometry": {
        "type": "Polygon",
        "coordinates": [
          [
            [
              73.0669559,
              19.0443858
            ],
            [
              73.0672674,
              19.0443513
            ],
            [
              73.0672587,
              19.0442818
            ],
            [
              73.0669473,
              19.0443163
            ],
            [
              73.0669559,
              19.0443858
            ]
          ]
        ]
      }
    },
    {
      "type": "Feature",
      "properties": {
        "osm_way_id": 353803780,
        "building_type": "yes",
        "name": null,
        "height_m": 6.0,
        "height_source": "display fallback; OSM height unavailable",
        "building_levels": null,
        "source_dataset": "OpenStreetMap",
        "source_license": "ODbL 1.0",
        "source_extract": "https://api.openstreetmap.org/api/0.6/map?bbox=73.066,19.044,73.074,19.052"
      },
      "geometry": {
        "type": "Polygon",
        "coordinates": [
          [
            [
              73.0666868,
              19.0447645
            ],
            [
              73.0667677,
              19.044757
            ],
            [
              73.0667602,
              19.0446849
            ],
            [
              73.0666793,
              19.0446924
            ],
            [
              73.0666868,
              19.0447645
            ]
          ]
        ]
      }
    },
    {
      "type": "Feature",
      "properties": {
        "osm_way_id": 353803788,
        "building_type": "yes",
        "name": null,
        "height_m": 6.0,
        "height_source": "display fallback; OSM height unavailable",
        "building_levels": null,
        "source_dataset": "OpenStreetMap",
        "source_license": "ODbL 1.0",
        "source_extract": "https://api.openstreetmap.org/api/0.6/map?bbox=73.066,19.044,73.074,19.052"
      },
      "geometry": {
        "type": "Polygon",
        "coordinates": [
          [
            [
              73.0685857,
              19.0439501
            ],
            [
              73.0687194,
              19.0440461
            ],
            [
              73.0687703,
              19.0439828
            ],
            [
              73.0686366,
              19.0438868
            ],
            [
              73.0685857,
              19.0439501
            ]
          ]
        ]
      }
    },
    {
      "type": "Feature",
      "properties": {
        "osm_way_id": 353803800,
        "building_type": "yes",
        "name": null,
        "height_m": 6.0,
        "height_source": "display fallback; OSM height unavailable",
        "building_levels": null,
        "source_dataset": "OpenStreetMap",
        "source_license": "ODbL 1.0",
        "source_extract": "https://api.openstreetmap.org/api/0.6/map?bbox=73.066,19.044,73.074,19.052"
      },
      "geometry": {
        "type": "Polygon",
        "coordinates": [
          [
            [
              73.0673308,
              19.0445823
            ],
            [
              73.067418,
              19.0445726
            ],
            [
              73.0674104,
              19.0445109
            ],
            [
              73.0673232,
              19.0445206
            ],
            [
              73.0673308,
              19.0445823
            ]
          ]
        ]
      }
    },
    {
      "type": "Feature",
      "properties": {
        "osm_way_id": 353803805,
        "building_type": "yes",
        "name": null,
        "height_m": 6.0,
        "height_source": "display fallback; OSM height unavailable",
        "building_levels": null,
        "source_dataset": "OpenStreetMap",
        "source_license": "ODbL 1.0",
        "source_extract": "https://api.openstreetmap.org/api/0.6/map?bbox=73.066,19.044,73.074,19.052"
      },
      "geometry": {
        "type": "Polygon",
        "coordinates": [
          [
            [
              73.0669607,
              19.0444767
            ],
            [
              73.0672712,
              19.0444422
            ],
            [
              73.0672623,
              19.0443703
            ],
            [
              73.0669518,
              19.0444048
            ],
            [
              73.0669607,
              19.0444767
            ]
          ]
        ]
      }
    },
    {
      "type": "Feature",
      "properties": {
        "osm_way_id": 353803809,
        "building_type": "yes",
        "name": null,
        "height_m": 6.0,
        "height_source": "display fallback; OSM height unavailable",
        "building_levels": null,
        "source_dataset": "OpenStreetMap",
        "source_license": "ODbL 1.0",
        "source_extract": "https://api.openstreetmap.org/api/0.6/map?bbox=73.066,19.044,73.074,19.052"
      },
      "geometry": {
        "type": "Polygon",
        "coordinates": [
          [
            [
              73.0661994,
              19.0444647
            ],
            [
              73.0662878,
              19.0444565
            ],
            [
              73.0662724,
              19.0443085
            ],
            [
              73.066184,
              19.0443167
            ],
            [
              73.0661994,
              19.0444647
            ]
          ]
        ]
      }
    },
    {
      "type": "Feature",
      "properties": {
        "osm_way_id": 353803814,
        "building_type": "yes",
        "name": null,
        "height_m": 6.0,
        "height_source": "display fallback; OSM height unavailable",
        "building_levels": null,
        "source_dataset": "OpenStreetMap",
        "source_license": "ODbL 1.0",
        "source_extract": "https://api.openstreetmap.org/api/0.6/map?bbox=73.066,19.044,73.074,19.052"
      },
      "geometry": {
        "type": "Polygon",
        "coordinates": [
          [
            [
              73.0668491,
              19.0442711
            ],
            [
              73.0669297,
              19.0442637
            ],
            [
              73.0669239,
              19.0442075
            ],
            [
              73.0668433,
              19.044215
            ],
            [
              73.0668491,
              19.0442711
            ]
          ]
        ]
      }
    },
    {
      "type": "Feature",
      "properties": {
        "osm_way_id": 353803822,
        "building_type": "yes",
        "name": null,
        "height_m": 6.0,
        "height_source": "display fallback; OSM height unavailable",
        "building_levels": null,
        "source_dataset": "OpenStreetMap",
        "source_license": "ODbL 1.0",
        "source_extract": "https://api.openstreetmap.org/api/0.6/map?bbox=73.066,19.044,73.074,19.052"
      },
      "geometry": {
        "type": "Polygon",
        "coordinates": [
          [
            [
              73.0669142,
              19.0440403
            ],
            [
              73.0672323,
              19.0440069
            ],
            [
              73.0672242,
              19.0439381
            ],
            [
              73.0669061,
              19.0439715
            ],
            [
              73.0669142,
              19.0440403
            ]
          ]
        ]
      }
    },
    {
      "type": "Feature",
      "properties": {
        "osm_way_id": 353803827,
        "building_type": "yes",
        "name": null,
        "height_m": 6.0,
        "height_source": "display fallback; OSM height unavailable",
        "building_levels": null,
        "source_dataset": "OpenStreetMap",
        "source_license": "ODbL 1.0",
        "source_extract": "https://api.openstreetmap.org/api/0.6/map?bbox=73.066,19.044,73.074,19.052"
      },
      "geometry": {
        "type": "Polygon",
        "coordinates": [
          [
            [
              73.0657762,
              19.044301
            ],
            [
              73.0660765,
              19.0442731
            ],
            [
              73.0660684,
              19.0441957
            ],
            [
              73.0657681,
              19.0442236
            ],
            [
              73.0657762,
              19.044301
            ]
          ]
        ]
      }
    },
    {
      "type": "Feature",
      "properties": {
        "osm_way_id": 353803828,
        "building_type": "yes",
        "name": null,
        "height_m": 6.0,
        "height_source": "display fallback; OSM height unavailable",
        "building_levels": null,
        "source_dataset": "OpenStreetMap",
        "source_license": "ODbL 1.0",
        "source_extract": "https://api.openstreetmap.org/api/0.6/map?bbox=73.066,19.044,73.074,19.052"
      },
      "geometry": {
        "type": "Polygon",
        "coordinates": [
          [
            [
              73.066127,
              19.0442734
            ],
            [
              73.0662045,
              19.0442662
            ],
            [
              73.0661808,
              19.044039
            ],
            [
              73.0661034,
              19.0440462
            ],
            [
              73.066127,
              19.0442734
            ]
          ]
        ]
      }
    },
    {
      "type": "Feature",
      "properties": {
        "osm_way_id": 353803830,
        "building_type": "yes",
        "name": null,
        "height_m": 6.0,
        "height_source": "display fallback; OSM height unavailable",
        "building_levels": null,
        "source_dataset": "OpenStreetMap",
        "source_license": "ODbL 1.0",
        "source_extract": "https://api.openstreetmap.org/api/0.6/map?bbox=73.066,19.044,73.074,19.052"
      },
      "geometry": {
        "type": "Polygon",
        "coordinates": [
          [
            [
              73.0687581,
              19.0441826
            ],
            [
              73.0688081,
              19.0442185
            ],
            [
              73.0688566,
              19.0441582
            ],
            [
              73.0688066,
              19.0441223
            ],
            [
              73.0687581,
              19.0441826
            ]
          ]
        ]
      }
    },
    {
      "type": "Feature",
      "properties": {
        "osm_way_id": 353803831,
        "building_type": "yes",
        "name": null,
        "height_m": 6.0,
        "height_source": "display fallback; OSM height unavailable",
        "building_levels": null,
        "source_dataset": "OpenStreetMap",
        "source_license": "ODbL 1.0",
        "source_extract": "https://api.openstreetmap.org/api/0.6/map?bbox=73.066,19.044,73.074,19.052"
      },
      "geometry": {
        "type": "Polygon",
        "coordinates": [
          [
            [
              73.0663799,
              19.0445379
            ],
            [
              73.0666932,
              19.0445087
            ],
            [
              73.0666855,
              19.0444352
            ],
            [
              73.0663722,
              19.0444644
            ],
            [
              73.0663799,
              19.0445379
            ]
          ]
        ]
      }
    },
    {
      "type": "Feature",
      "properties": {
        "osm_way_id": 353803835,
        "building_type": "yes",
        "name": null,
        "height_m": 6.0,
        "height_source": "display fallback; OSM height unavailable",
        "building_levels": null,
        "source_dataset": "OpenStreetMap",
        "source_license": "ODbL 1.0",
        "source_extract": "https://api.openstreetmap.org/api/0.6/map?bbox=73.066,19.044,73.074,19.052"
      },
      "geometry": {
        "type": "Polygon",
        "coordinates": [
          [
            [
              73.0668355,
              19.0442018
            ],
            [
              73.066923,
              19.0441936
            ],
            [
              73.0669205,
              19.0441696
            ],
            [
              73.066833,
              19.0441778
            ],
            [
              73.0668355,
              19.0442018
            ]
          ]
        ]
      }
    },
    {
      "type": "Feature",
      "properties": {
        "osm_way_id": 353803848,
        "building_type": "yes",
        "name": null,
        "height_m": 6.0,
        "height_source": "display fallback; OSM height unavailable",
        "building_levels": null,
        "source_dataset": "OpenStreetMap",
        "source_license": "ODbL 1.0",
        "source_extract": "https://api.openstreetmap.org/api/0.6/map?bbox=73.066,19.044,73.074,19.052"
      },
      "geometry": {
        "type": "Polygon",
        "coordinates": [
          [
            [
              73.0658815,
              19.0441457
            ],
            [
              73.0660786,
              19.0441274
            ],
            [
              73.0660718,
              19.0440622
            ],
            [
              73.0658747,
              19.0440805
            ],
            [
              73.0658815,
              19.0441457
            ]
          ]
        ]
      }
    },
    {
      "type": "Feature",
      "properties": {
        "osm_way_id": 353803851,
        "building_type": "yes",
        "name": null,
        "height_m": 6.0,
        "height_source": "display fallback; OSM height unavailable",
        "building_levels": null,
        "source_dataset": "OpenStreetMap",
        "source_license": "ODbL 1.0",
        "source_extract": "https://api.openstreetmap.org/api/0.6/map?bbox=73.066,19.044,73.074,19.052"
      },
      "geometry": {
        "type": "Polygon",
        "coordinates": [
          [
            [
              73.0688287,
              19.044119
            ],
            [
              73.0689133,
              19.0441797
            ],
            [
              73.0689518,
              19.0441318
            ],
            [
              73.0688672,
              19.0440711
            ],
            [
              73.0688287,
              19.044119
            ]
          ]
        ]
      }
    },
    {
      "type": "Feature",
      "properties": {
        "osm_way_id": 353803865,
        "building_type": "yes",
        "name": null,
        "height_m": 6.0,
        "height_source": "display fallback; OSM height unavailable",
        "building_levels": null,
        "source_dataset": "OpenStreetMap",
        "source_license": "ODbL 1.0",
        "source_extract": "https://api.openstreetmap.org/api/0.6/map?bbox=73.066,19.044,73.074,19.052"
      },
      "geometry": {
        "type": "Polygon",
        "coordinates": [
          [
            [
              73.0667745,
              19.044735
            ],
            [
              73.0668275,
              19.04473
            ],
            [
              73.06682,
              19.0446585
            ],
            [
              73.066767,
              19.0446634
            ],
            [
              73.0667745,
              19.044735
            ]
          ]
        ]
      }
    },
    {
      "type": "Feature",
      "properties": {
        "osm_way_id": 353803888,
        "building_type": "yes",
        "name": null,
        "height_m": 6.0,
        "height_source": "display fallback; OSM height unavailable",
        "building_levels": null,
        "source_dataset": "OpenStreetMap",
        "source_license": "ODbL 1.0",
        "source_extract": "https://api.openstreetmap.org/api/0.6/map?bbox=73.066,19.044,73.074,19.052"
      },
      "geometry": {
        "type": "Polygon",
        "coordinates": [
          [
            [
              73.0672794,
              19.0441314
            ],
            [
              73.0673633,
              19.0441244
            ],
            [
              73.0673438,
              19.0439142
            ],
            [
              73.0672598,
              19.0439212
            ],
            [
              73.0672794,
              19.0441314
            ]
          ]
        ]
      }
    },
    {
      "type": "Feature",
      "properties": {
        "osm_way_id": 353803895,
        "building_type": "yes",
        "name": null,
        "height_m": 6.0,
        "height_source": "display fallback; OSM height unavailable",
        "building_levels": null,
        "source_dataset": "OpenStreetMap",
        "source_license": "ODbL 1.0",
        "source_extract": "https://api.openstreetmap.org/api/0.6/map?bbox=73.066,19.044,73.074,19.052"
      },
      "geometry": {
        "type": "Polygon",
        "coordinates": [
          [
            [
              73.0673261,
              19.0444885
            ],
            [
              73.0674083,
              19.0444793
            ],
            [
              73.0674029,
              19.0444358
            ],
            [
              73.0673207,
              19.0444449
            ],
            [
              73.0673261,
              19.0444885
            ]
          ]
        ]
      }
    },
    {
      "type": "Feature",
      "properties": {
        "osm_way_id": 353803913,
        "building_type": "yes",
        "name": null,
        "height_m": 6.0,
        "height_source": "display fallback; OSM height unavailable",
        "building_levels": null,
        "source_dataset": "OpenStreetMap",
        "source_license": "ODbL 1.0",
        "source_extract": "https://api.openstreetmap.org/api/0.6/map?bbox=73.066,19.044,73.074,19.052"
      },
      "geometry": {
        "type": "Polygon",
        "coordinates": [
          [
            [
              73.0676961,
              19.0444975
            ],
            [
              73.0679059,
              19.0442415
            ],
            [
              73.0678134,
              19.0441737
            ],
            [
              73.0676035,
              19.0444297
            ],
            [
              73.0676961,
              19.0444975
            ]
          ]
        ]
      }
    },
    {
      "type": "Feature",
      "properties": {
        "osm_way_id": 353813096,
        "building_type": "yes",
        "name": null,
        "height_m": 6.0,
        "height_source": "display fallback; OSM height unavailable",
        "building_levels": null,
        "source_dataset": "OpenStreetMap",
        "source_license": "ODbL 1.0",
        "source_extract": "https://api.openstreetmap.org/api/0.6/map?bbox=73.066,19.044,73.074,19.052"
      },
      "geometry": {
        "type": "Polygon",
        "coordinates": [
          [
            [
              73.0698935,
              19.0463339
            ],
            [
              73.069929,
              19.0463299
            ],
            [
              73.0699336,
              19.0463656
            ],
            [
              73.070164,
              19.0463393
            ],
            [
              73.0701369,
              19.0461277
            ],
            [
              73.0698688,
              19.0461584
            ],
            [
              73.0698771,
              19.0462234
            ],
            [
              73.0699013,
              19.0462206
            ],
            [
              73.06991,
              19.0462885
            ],
            [
              73.069888,
              19.046291
            ],
            [
              73.0698935,
              19.0463339
            ]
          ]
        ]
      }
    },
    {
      "type": "Feature",
      "properties": {
        "osm_way_id": 353813097,
        "building_type": "yes",
        "name": null,
        "height_m": 6.0,
        "height_source": "display fallback; OSM height unavailable",
        "building_levels": null,
        "source_dataset": "OpenStreetMap",
        "source_license": "ODbL 1.0",
        "source_extract": "https://api.openstreetmap.org/api/0.6/map?bbox=73.066,19.044,73.074,19.052"
      },
      "geometry": {
        "type": "Polygon",
        "coordinates": [
          [
            [
              73.0661731,
              19.0462035
            ],
            [
              73.066209,
              19.0461993
            ],
            [
              73.066205,
              19.0461691
            ],
            [
              73.0662229,
              19.046167
            ],
            [
              73.0662269,
              19.0461972
            ],
            [
              73.0662724,
              19.0461919
            ],
            [
              73.0662452,
              19.0459838
            ],
            [
              73.0662035,
              19.0459887
            ],
            [
              73.0662078,
              19.0460222
            ],
            [
              73.0661887,
              19.0460244
            ],
            [
              73.0661844,
              19.0459909
            ],
            [
              73.0661459,
              19.0459954
            ],
            [
              73.0661731,
              19.0462035
            ]
          ]
        ]
      }
    },
    {
      "type": "Feature",
      "properties": {
        "osm_way_id": 353813099,
        "building_type": "yes",
        "name": null,
        "height_m": 6.0,
        "height_source": "display fallback; OSM height unavailable",
        "building_levels": null,
        "source_dataset": "OpenStreetMap",
        "source_license": "ODbL 1.0",
        "source_extract": "https://api.openstreetmap.org/api/0.6/map?bbox=73.066,19.044,73.074,19.052"
      },
      "geometry": {
        "type": "Polygon",
        "coordinates": [
          [
            [
              73.0659937,
              19.0470943
            ],
            [
              73.0660883,
              19.0470838
            ],
            [
              73.0660667,
              19.0469089
            ],
            [
              73.0659722,
              19.0469193
            ],
            [
              73.0659804,
              19.0469864
            ],
            [
              73.0660003,
              19.0469842
            ],
            [
              73.0660048,
              19.047021
            ],
            [
              73.0660268,
              19.0470186
            ],
            [
              73.0660281,
              19.0470289
            ],
            [
              73.0660061,
              19.0470313
            ],
            [
              73.066008,
              19.0470469
            ],
            [
              73.0659881,
              19.047049
            ],
            [
              73.0659937,
              19.0470943
            ]
          ]
        ]
      }
    },
    {
      "type": "Feature",
      "properties": {
        "osm_way_id": 353813100,
        "building_type": "yes",
        "name": null,
        "height_m": 6.0,
        "height_source": "display fallback; OSM height unavailable",
        "building_levels": null,
        "source_dataset": "OpenStreetMap",
        "source_license": "ODbL 1.0",
        "source_extract": "https://api.openstreetmap.org/api/0.6/map?bbox=73.066,19.044,73.074,19.052"
      },
      "geometry": {
        "type": "Polygon",
        "coordinates": [
          [
            [
              73.0673647,
              19.046009
            ],
            [
              73.0674558,
              19.0459984
            ],
            [
              73.0674513,
              19.0459647
            ],
            [
              73.0674369,
              19.0459663
            ],
            [
              73.0674281,
              19.0458987
            ],
            [
              73.0674474,
              19.0458965
            ],
            [
              73.0674431,
              19.0458629
            ],
            [
              73.067351,
              19.0458737
            ],
            [
              73.0673578,
              19.0459251
            ],
            [
              73.0673948,
              19.0459208
            ],
            [
              73.0673985,
              19.0459492
            ],
            [
              73.0673575,
              19.045954
            ],
            [
              73.0673647,
              19.046009
            ]
          ]
        ]
      }
    },
    {
      "type": "Feature",
      "properties": {
        "osm_way_id": 353813101,
        "building_type": "yes",
        "name": null,
        "height_m": 6.0,
        "height_source": "display fallback; OSM height unavailable",
        "building_levels": null,
        "source_dataset": "OpenStreetMap",
        "source_license": "ODbL 1.0",
        "source_extract": "https://api.openstreetmap.org/api/0.6/map?bbox=73.066,19.044,73.074,19.052"
      },
      "geometry": {
        "type": "Polygon",
        "coordinates": [
          [
            [
              73.0675105,
              19.0459968
            ],
            [
              73.0675294,
              19.0459949
            ],
            [
              73.0675311,
              19.0460103
            ],
            [
              73.0676738,
              19.0459965
            ],
            [
              73.067671,
              19.045971
            ],
            [
              73.0676891,
              19.0459692
            ],
            [
              73.0676875,
              19.0459551
            ],
            [
              73.0676751,
              19.0459563
            ],
            [
              73.0676676,
              19.0458875
            ],
            [
              73.0676801,
              19.0458863
            ],
            [
              73.0676759,
              19.045848
            ],
            [
              73.0674963,
              19.0458653
            ],
            [
              73.0675105,
              19.0459968
            ]
          ]
        ]
      }
    },
    {
      "type": "Feature",
      "properties": {
        "osm_way_id": 353813106,
        "building_type": "yes",
        "name": null,
        "height_m": 6.0,
        "height_source": "display fallback; OSM height unavailable",
        "building_levels": null,
        "source_dataset": "OpenStreetMap",
        "source_license": "ODbL 1.0",
        "source_extract": "https://api.openstreetmap.org/api/0.6/map?bbox=73.066,19.044,73.074,19.052"
      },
      "geometry": {
        "type": "Polygon",
        "coordinates": [
          [
            [
              73.0698728,
              19.0459983
            ],
            [
              73.0701145,
              19.0459776
            ],
            [
              73.0700979,
              19.0458026
            ],
            [
              73.0698539,
              19.0458198
            ],
            [
              73.0698728,
              19.0459983
            ]
          ]
        ]
      }
    },
    {
      "type": "Feature",
      "properties": {
        "osm_way_id": 353813107,
        "building_type": "yes",
        "name": null,
        "height_m": 6.0,
        "height_source": "display fallback; OSM height unavailable",
        "building_levels": null,
        "source_dataset": "OpenStreetMap",
        "source_license": "ODbL 1.0",
        "source_extract": "https://api.openstreetmap.org/api/0.6/map?bbox=73.066,19.044,73.074,19.052"
      },
      "geometry": {
        "type": "Polygon",
        "coordinates": [
          [
            [
              73.067716,
              19.0459548
            ],
            [
              73.0677399,
              19.045952
            ],
            [
              73.0677433,
              19.0459778
            ],
            [
              73.0677911,
              19.0459722
            ],
            [
              73.0677841,
              19.0459183
            ],
            [
              73.0677461,
              19.0459227
            ],
            [
              73.0677415,
              19.0458878
            ],
            [
              73.0677795,
              19.0458834
            ],
            [
              73.067771,
              19.0458187
            ],
            [
              73.0677209,
              19.0458246
            ],
            [
              73.0677247,
              19.0458537
            ],
            [
              73.0677031,
              19.0458562
            ],
            [
              73.067716,
              19.0459548
            ]
          ]
        ]
      }
    },
    {
      "type": "Feature",
      "properties": {
        "osm_way_id": 353813108,
        "building_type": "yes",
        "name": null,
        "height_m": 6.0,
        "height_source": "display fallback; OSM height unavailable",
        "building_levels": null,
        "source_dataset": "OpenStreetMap",
        "source_license": "ODbL 1.0",
        "source_extract": "https://api.openstreetmap.org/api/0.6/map?bbox=73.066,19.044,73.074,19.052"
      },
      "geometry": {
        "type": "Polygon",
        "coordinates": [
          [
            [
              73.0663411,
              19.0461524
            ],
            [
              73.0663734,
              19.0461494
            ],
            [
              73.0663714,
              19.0461292
            ],
            [
              73.0664074,
              19.0461259
            ],
            [
              73.0664037,
              19.0460893
            ],
            [
              73.0663719,
              19.0460922
            ],
            [
              73.0663691,
              19.046064
            ],
            [
              73.0663974,
              19.0460615
            ],
            [
              73.0663871,
              19.045961
            ],
            [
              73.0663183,
              19.0459673
            ],
            [
              73.0663216,
              19.0459996
            ],
            [
              73.0662964,
              19.0460019
            ],
            [
              73.066308,
              19.0461158
            ],
            [
              73.0663371,
              19.0461132
            ],
            [
              73.0663411,
              19.0461524
            ]
          ]
        ]
      }
    },
    {
      "type": "Feature",
      "properties": {
        "osm_way_id": 353813109,
        "building_type": "yes",
        "name": null,
        "height_m": 6.0,
        "height_source": "display fallback; OSM height unavailable",
        "building_levels": null,
        "source_dataset": "OpenStreetMap",
        "source_license": "ODbL 1.0",
        "source_extract": "https://api.openstreetmap.org/api/0.6/map?bbox=73.066,19.044,73.074,19.052"
      },
      "geometry": {
        "type": "Polygon",
        "coordinates": [
          [
            [
              73.0670278,
              19.0460281
            ],
            [
              73.0671312,
              19.046016
            ],
            [
              73.0671272,
              19.0459857
            ],
            [
              73.0671193,
              19.0459866
            ],
            [
              73.0671176,
              19.0459732
            ],
            [
              73.0671255,
              19.0459723
            ],
            [
              73.0671213,
              19.0459406
            ],
            [
              73.0671061,
              19.0459423
            ],
            [
              73.0671038,
              19.0459242
            ],
            [
              73.0671189,
              19.0459224
            ],
            [
              73.0671148,
              19.0458906
            ],
            [
              73.0670114,
              19.0459027
            ],
            [
              73.0670189,
              19.0459604
            ],
            [
              73.0670359,
              19.0459584
            ],
            [
              73.0670403,
              19.0460002
            ],
            [
              73.0670244,
              19.046002
            ],
            [
              73.0670278,
              19.0460281
            ]
          ]
        ]
      }
    },
    {
      "type": "Feature",
      "properties": {
        "osm_way_id": 353813111,
        "building_type": "yes",
        "name": null,
        "height_m": 6.0,
        "height_source": "display fallback; OSM height unavailable",
        "building_levels": null,
        "source_dataset": "OpenStreetMap",
        "source_license": "ODbL 1.0",
        "source_extract": "https://api.openstreetmap.org/api/0.6/map?bbox=73.066,19.044,73.074,19.052"
      },
      "geometry": {
        "type": "Polygon",
        "coordinates": [
          [
            [
              73.0671678,
              19.0469778
            ],
            [
              73.0671988,
              19.0469085
            ],
            [
              73.0671857,
              19.0469014
            ],
            [
              73.0672106,
              19.0468645
            ],
            [
              73.0672255,
              19.0468693
            ],
            [
              73.0672738,
              19.0468149
            ],
            [
              73.0672064,
              19.0467706
            ],
            [
              73.0672462,
              19.0467033
            ],
            [
              73.06714,
              19.0466804
            ],
            [
              73.067131,
              19.0466557
            ],
            [
              73.0670718,
              19.0466112
            ],
            [
              73.0670221,
              19.0466903
            ],
            [
              73.0670485,
              19.046722
            ],
            [
              73.067078,
              19.0467648
            ],
            [
              73.067051,
              19.0467968
            ],
            [
              73.0670756,
              19.0468442
            ],
            [
              73.0671406,
              19.0468671
            ],
            [
              73.0670667,
              19.0469258
            ],
            [
              73.0671678,
              19.0469778
            ]
          ]
        ]
      }
    },
    {
      "type": "Feature",
      "properties": {
        "osm_way_id": 353813112,
        "building_type": "yes",
        "name": null,
        "height_m": 6.0,
        "height_source": "display fallback; OSM height unavailable",
        "building_levels": null,
        "source_dataset": "OpenStreetMap",
        "source_license": "ODbL 1.0",
        "source_extract": "https://api.openstreetmap.org/api/0.6/map?bbox=73.066,19.044,73.074,19.052"
      },
      "geometry": {
        "type": "Polygon",
        "coordinates": [
          [
            [
              73.0675204,
              19.0454356
            ],
            [
              73.0675836,
              19.0454543
            ],
            [
              73.067661,
              19.0454342
            ],
            [
              73.0676509,
              19.0453978
            ],
            [
              73.067642,
              19.0453753
            ],
            [
              73.0676352,
              19.0453477
            ],
            [
              73.0676522,
              19.0453425
            ],
            [
              73.0676456,
              19.0453086
            ],
            [
              73.0675951,
              19.0453079
            ],
            [
              73.067587,
              19.0453233
            ],
            [
              73.0675605,
              19.0453258
            ],
            [
              73.0675503,
              19.0453156
            ],
            [
              73.0675143,
              19.0453246
            ],
            [
              73.0674991,
              19.0453263
            ],
            [
              73.0675026,
              19.0453565
            ],
            [
              73.0675225,
              19.0453544
            ],
            [
              73.0675289,
              19.045401
            ],
            [
              73.0675085,
              19.0454049
            ],
            [
              73.0675204,
              19.0454356
            ]
          ]
        ]
      }
    },
    {
      "type": "Feature",
      "properties": {
        "osm_way_id": 353813113,
        "building_type": "yes",
        "name": null,
        "height_m": 6.0,
        "height_source": "display fallback; OSM height unavailable",
        "building_levels": null,
        "source_dataset": "OpenStreetMap",
        "source_license": "ODbL 1.0",
        "source_extract": "https://api.openstreetmap.org/api/0.6/map?bbox=73.066,19.044,73.074,19.052"
      },
      "geometry": {
        "type": "Polygon",
        "coordinates": [
          [
            [
              73.0660351,
              19.046199
            ],
            [
              73.0660624,
              19.0461958
            ],
            [
              73.0660586,
              19.046167
            ],
            [
              73.0660818,
              19.0461643
            ],
            [
              73.0660856,
              19.0461931
            ],
            [
              73.0661398,
              19.0461868
            ],
            [
              73.0661341,
              19.0461429
            ],
            [
              73.0661234,
              19.0461442
            ],
            [
              73.0661188,
              19.0461095
            ],
            [
              73.0661295,
              19.0461082
            ],
            [
              73.0661208,
              19.0460416
            ],
            [
              73.0661053,
              19.0460434
            ],
            [
              73.066102,
              19.0460183
            ],
            [
              73.0661175,
              19.0460165
            ],
            [
              73.0661126,
              19.0459788
            ],
            [
              73.0660609,
              19.0459849
            ],
            [
              73.0660652,
              19.0460172
            ],
            [
              73.0660476,
              19.0460192
            ],
            [
              73.0660434,
              19.0459869
            ],
            [
              73.066008,
              19.045991
            ],
            [
              73.0660351,
              19.046199
            ]
          ]
        ]
      }
    },
    {
      "type": "Feature",
      "properties": {
        "osm_way_id": 353813117,
        "building_type": "yes",
        "name": null,
        "height_m": 6.0,
        "height_source": "display fallback; OSM height unavailable",
        "building_levels": null,
        "source_dataset": "OpenStreetMap",
        "source_license": "ODbL 1.0",
        "source_extract": "https://api.openstreetmap.org/api/0.6/map?bbox=73.066,19.044,73.074,19.052"
      },
      "geometry": {
        "type": "Polygon",
        "coordinates": [
          [
            [
              73.0676018,
              19.0469264
            ],
            [
              73.0676697,
              19.0468648
            ],
            [
              73.0676516,
              19.0468371
            ],
            [
              73.0676813,
              19.046805
            ],
            [
              73.067699,
              19.0468172
            ],
            [
              73.0677465,
              19.0467703
            ],
            [
              73.0676962,
              19.0467222
            ],
            [
              73.0677381,
              19.0466706
            ],
            [
              73.0675865,
              19.0465521
            ],
            [
              73.0674927,
              19.0466314
            ],
            [
              73.0675375,
              19.0466674
            ],
            [
              73.067624,
              19.0466774
            ],
            [
              73.0675529,
              19.0466956
            ],
            [
              73.067574,
              19.046712
            ],
            [
              73.0675413,
              19.0467556
            ],
            [
              73.0675903,
              19.0467819
            ],
            [
              73.0676499,
              19.0467874
            ],
            [
              73.0676346,
              19.0468064
            ],
            [
              73.0676134,
              19.0468037
            ],
            [
              73.0676019,
              19.0468355
            ],
            [
              73.0675827,
              19.0468501
            ],
            [
              73.067549,
              19.0468264
            ],
            [
              73.067509,
              19.0468569
            ],
            [
              73.0676018,
              19.0469264
            ]
          ]
        ]
      }
    },
    {
      "type": "Feature",
      "properties": {
        "osm_way_id": 353813119,
        "building_type": "yes",
        "name": null,
        "height_m": 6.0,
        "height_source": "display fallback; OSM height unavailable",
        "building_levels": null,
        "source_dataset": "OpenStreetMap",
        "source_license": "ODbL 1.0",
        "source_extract": "https://api.openstreetmap.org/api/0.6/map?bbox=73.066,19.044,73.074,19.052"
      },
      "geometry": {
        "type": "Polygon",
        "coordinates": [
          [
            [
              73.0698506,
              19.0457515
            ],
            [
              73.0699048,
              19.0457453
            ],
            [
              73.0699011,
              19.0457163
            ],
            [
              73.0699523,
              19.0457105
            ],
            [
              73.069956,
              19.0457394
            ],
            [
              73.0700302,
              19.0457309
            ],
            [
              73.0700266,
              19.0457023
            ],
            [
              73.0700488,
              19.0456998
            ],
            [
              73.0700432,
              19.0456567
            ],
            [
              73.0699971,
              19.0456619
            ],
            [
              73.0699879,
              19.0455898
            ],
            [
              73.0700191,
              19.0455862
            ],
            [
              73.0700134,
              19.0455417
            ],
            [
              73.0700283,
              19.04554
            ],
            [
              73.070016,
              19.0454443
            ],
            [
              73.0699821,
              19.0454482
            ],
            [
              73.069977,
              19.0454086
            ],
            [
              73.0699551,
              19.0454111
            ],
            [
              73.0699502,
              19.0453732
            ],
            [
              73.0699909,
              19.0453685
            ],
            [
              73.0699869,
              19.0453375
            ],
            [
              73.0699637,
              19.0453401
            ],
            [
              73.0699617,
              19.0453242
            ],
            [
              73.0698961,
              19.0453317
            ],
            [
              73.0698981,
              19.0453478
            ],
            [
              73.0698644,
              19.0453516
            ],
            [
              73.0698623,
              19.0453355
            ],
            [
              73.0697983,
              19.0453428
            ],
            [
              73.0698506,
              19.0457515
            ]
          ]
        ]
      }
    },
    {
      "type": "Feature",
      "properties": {
        "osm_way_id": 353813122,
        "building_type": "yes",
        "name": null,
        "height_m": 6.0,
        "height_source": "display fallback; OSM height unavailable",
        "building_levels": null,
        "source_dataset": "OpenStreetMap",
        "source_license": "ODbL 1.0",
        "source_extract": "https://api.openstreetmap.org/api/0.6/map?bbox=73.066,19.044,73.074,19.052"
      },
      "geometry": {
        "type": "Polygon",
        "coordinates": [
          [
            [
              73.0662187,
              19.0474131
            ],
            [
              73.0662957,
              19.0474033
            ],
            [
              73.0662944,
              19.0473925
            ],
            [
              73.0663442,
              19.0473871
            ],
            [
              73.0663407,
              19.0473585
            ],
            [
              73.0663779,
              19.0473544
            ],
            [
              73.0663796,
              19.047368
            ],
            [
              73.0665549,
              19.0473487
            ],
            [
              73.0665528,
              19.0473322
            ],
            [
              73.0666715,
              19.0473191
            ],
            [
              73.0666731,
              19.047332
            ],
            [
              73.0668431,
              19.0473133
            ],
            [
              73.066842,
              19.0473038
            ],
            [
              73.066872,
              19.0473005
            ],
            [
              73.0668758,
              19.0473316
            ],
            [
              73.0669927,
              19.0473187
            ],
            [
              73.0669868,
              19.047271
            ],
            [
              73.0669717,
              19.0472726
            ],
            [
              73.0669627,
              19.0472
            ],
            [
              73.0669851,
              19.0471975
            ],
            [
              73.0669769,
              19.0471307
            ],
            [
              73.0668636,
              19.0471432
            ],
            [
              73.0668707,
              19.0472006
            ],
            [
              73.0667612,
              19.0472127
            ],
            [
              73.0667657,
              19.047249
            ],
            [
              73.0667181,
              19.0472542
            ],
            [
              73.0667137,
              19.0472179
            ],
            [
              73.0664822,
              19.0472434
            ],
            [
              73.066488,
              19.0472904
            ],
            [
              73.066429,
              19.0472969
            ],
            [
              73.0664196,
              19.0472212
            ],
            [
              73.0662756,
              19.047237
            ],
            [
              73.0662714,
              19.0472034
            ],
            [
              73.0661907,
              19.0472123
            ],
            [
              73.0662187,
              19.0474131
            ]
          ]
        ]
      }
    },
    {
      "type": "Feature",
      "properties": {
        "osm_way_id": 353813124,
        "building_type": "yes",
        "name": null,
        "height_m": 6.0,
        "height_source": "display fallback; OSM height unavailable",
        "building_levels": null,
        "source_dataset": "OpenStreetMap",
        "source_license": "ODbL 1.0",
        "source_extract": "https://api.openstreetmap.org/api/0.6/map?bbox=73.066,19.044,73.074,19.052"
      },
      "geometry": {
        "type": "Polygon",
        "coordinates": [
          [
            [
              73.0672696,
              19.0449512
            ],
            [
              73.0673501,
              19.0449414
            ],
            [
              73.0673369,
              19.0448449
            ],
            [
              73.0672563,
              19.0448548
            ],
            [
              73.0672696,
              19.0449512
            ]
          ]
        ]
      }
    },
    {
      "type": "Feature",
      "properties": {
        "osm_way_id": 353813125,
        "building_type": "yes",
        "name": null,
        "height_m": 6.0,
        "height_source": "display fallback; OSM height unavailable",
        "building_levels": null,
        "source_dataset": "OpenStreetMap",
        "source_license": "ODbL 1.0",
        "source_extract": "https://api.openstreetmap.org/api/0.6/map?bbox=73.066,19.044,73.074,19.052"
      },
      "geometry": {
        "type": "Polygon",
        "coordinates": [
          [
            [
              73.0668134,
              19.0452244
            ],
            [
              73.0668997,
              19.0452143
            ],
            [
              73.0668894,
              19.0451354
            ],
            [
              73.066803,
              19.0451455
            ],
            [
              73.0668134,
              19.0452244
            ]
          ]
        ]
      }
    },
    {
      "type": "Feature",
      "properties": {
        "osm_way_id": 353813126,
        "building_type": "yes",
        "name": null,
        "height_m": 6.0,
        "height_source": "display fallback; OSM height unavailable",
        "building_levels": null,
        "source_dataset": "OpenStreetMap",
        "source_license": "ODbL 1.0",
        "source_extract": "https://api.openstreetmap.org/api/0.6/map?bbox=73.066,19.044,73.074,19.052"
      },
      "geometry": {
        "type": "Polygon",
        "coordinates": [
          [
            [
              73.0665409,
              19.0450311
            ],
            [
              73.0666216,
              19.0450216
            ],
            [
              73.0666102,
              19.0449354
            ],
            [
              73.0665295,
              19.0449449
            ],
            [
              73.0665409,
              19.0450311
            ]
          ]
        ]
      }
    },
    {
      "type": "Feature",
      "properties": {
        "osm_way_id": 353813128,
        "building_type": "yes",
        "name": null,
        "height_m": 6.0,
        "height_source": "display fallback; OSM height unavailable",
        "building_levels": null,
        "source_dataset": "OpenStreetMap",
        "source_license": "ODbL 1.0",
        "source_extract": "https://api.openstreetmap.org/api/0.6/map?bbox=73.066,19.044,73.074,19.052"
      },
      "geometry": {
        "type": "Polygon",
        "coordinates": [
          [
            [
              73.0704992,
              19.0456316
            ],
            [
              73.070584,
              19.0456219
            ],
            [
              73.0705671,
              19.0454903
            ],
            [
              73.0704823,
              19.0455
            ],
            [
              73.0704992,
              19.0456316
            ]
          ]
        ]
      }
    },
    {
      "type": "Feature",
      "properties": {
        "osm_way_id": 353813132,
        "building_type": "yes",
        "name": null,
        "height_m": 6.0,
        "height_source": "display fallback; OSM height unavailable",
        "building_levels": null,
        "source_dataset": "OpenStreetMap",
        "source_license": "ODbL 1.0",
        "source_extract": "https://api.openstreetmap.org/api/0.6/map?bbox=73.066,19.044,73.074,19.052"
      },
      "geometry": {
        "type": "Polygon",
        "coordinates": [
          [
            [
              73.0665848,
              19.0463534
            ],
            [
              73.0666651,
              19.046344
            ],
            [
              73.0666511,
              19.0462371
            ],
            [
              73.0665708,
              19.0462465
            ],
            [
              73.0665848,
              19.0463534
            ]
          ]
        ]
      }
    },
    {
      "type": "Feature",
      "properties": {
        "osm_way_id": 353813134,
        "building_type": "yes",
        "name": null,
        "height_m": 6.0,
        "height_source": "display fallback; OSM height unavailable",
        "building_levels": null,
        "source_dataset": "OpenStreetMap",
        "source_license": "ODbL 1.0",
        "source_extract": "https://api.openstreetmap.org/api/0.6/map?bbox=73.066,19.044,73.074,19.052"
      },
      "geometry": {
        "type": "Polygon",
        "coordinates": [
          [
            [
              73.0674139,
              19.0453737
            ],
            [
              73.0674814,
              19.0453654
            ],
            [
              73.0674639,
              19.0452374
            ],
            [
              73.0673963,
              19.0452457
            ],
            [
              73.0674139,
              19.0453737
            ]
          ]
        ]
      }
    },
    {
      "type": "Feature",
      "properties": {
        "osm_way_id": 353813136,
        "building_type": "yes",
        "name": null,
        "height_m": 6.0,
        "height_source": "display fallback; OSM height unavailable",
        "building_levels": null,
        "source_dataset": "OpenStreetMap",
        "source_license": "ODbL 1.0",
        "source_extract": "https://api.openstreetmap.org/api/0.6/map?bbox=73.066,19.044,73.074,19.052"
      },
      "geometry": {
        "type": "Polygon",
        "coordinates": [
          [
            [
              73.066332,
              19.0453906
            ],
            [
              73.0663982,
              19.0453828
            ],
            [
              73.0663891,
              19.0453135
            ],
            [
              73.0663229,
              19.0453213
            ],
            [
              73.066332,
              19.0453906
            ]
          ]
        ]
      }
    },
    {
      "type": "Feature",
      "properties": {
        "osm_way_id": 353813138,
        "building_type": "yes",
        "name": null,
        "height_m": 6.0,
        "height_source": "display fallback; OSM height unavailable",
        "building_levels": null,
        "source_dataset": "OpenStreetMap",
        "source_license": "ODbL 1.0",
        "source_extract": "https://api.openstreetmap.org/api/0.6/map?bbox=73.066,19.044,73.074,19.052"
      },
      "geometry": {
        "type": "Polygon",
        "coordinates": [
          [
            [
              73.0671494,
              19.0451956
            ],
            [
              73.0673698,
              19.0451686
            ],
            [
              73.067359,
              19.0450893
            ],
            [
              73.0671386,
              19.0451163
            ],
            [
              73.0671494,
              19.0451956
            ]
          ]
        ]
      }
    },
    {
      "type": "Feature",
      "properties": {
        "osm_way_id": 353813142,
        "building_type": "yes",
        "name": null,
        "height_m": 6.0,
        "height_source": "display fallback; OSM height unavailable",
        "building_levels": null,
        "source_dataset": "OpenStreetMap",
        "source_license": "ODbL 1.0",
        "source_extract": "https://api.openstreetmap.org/api/0.6/map?bbox=73.066,19.044,73.074,19.052"
      },
      "geometry": {
        "type": "Polygon",
        "coordinates": [
          [
            [
              73.0673749,
              19.0450925
            ],
            [
              73.0674633,
              19.0450817
            ],
            [
              73.067445,
              19.0449481
            ],
            [
              73.0673566,
              19.0449589
            ],
            [
              73.0673749,
              19.0450925
            ]
          ]
        ]
      }
    },
    {
      "type": "Feature",
      "properties": {
        "osm_way_id": 353813144,
        "building_type": "yes",
        "name": null,
        "height_m": 6.0,
        "height_source": "display fallback; OSM height unavailable",
        "building_levels": null,
        "source_dataset": "OpenStreetMap",
        "source_license": "ODbL 1.0",
        "source_extract": "https://api.openstreetmap.org/api/0.6/map?bbox=73.066,19.044,73.074,19.052"
      },
      "geometry": {
        "type": "Polygon",
        "coordinates": [
          [
            [
              73.0668202,
              19.0453371
            ],
            [
              73.0669068,
              19.0453269
            ],
            [
              73.0668961,
              19.0452453
            ],
            [
              73.0668094,
              19.0452555
            ],
            [
              73.0668202,
              19.0453371
            ]
          ]
        ]
      }
    },
    {
      "type": "Feature",
      "properties": {
        "osm_way_id": 353813148,
        "building_type": "yes",
        "name": null,
        "height_m": 6.0,
        "height_source": "display fallback; OSM height unavailable",
        "building_levels": null,
        "source_dataset": "OpenStreetMap",
        "source_license": "ODbL 1.0",
        "source_extract": "https://api.openstreetmap.org/api/0.6/map?bbox=73.066,19.044,73.074,19.052"
      },
      "geometry": {
        "type": "Polygon",
        "coordinates": [
          [
            [
              73.0665071,
              19.0454843
            ],
            [
              73.0666333,
              19.0454688
            ],
            [
              73.066624,
              19.0454008
            ],
            [
              73.0664978,
              19.0454162
            ],
            [
              73.0665071,
              19.0454843
            ]
          ]
        ]
      }
    },
    {
      "type": "Feature",
      "properties": {
        "osm_way_id": 353813153,
        "building_type": "yes",
        "name": null,
        "height_m": 6.0,
        "height_source": "display fallback; OSM height unavailable",
        "building_levels": null,
        "source_dataset": "OpenStreetMap",
        "source_license": "ODbL 1.0",
        "source_extract": "https://api.openstreetmap.org/api/0.6/map?bbox=73.066,19.044,73.074,19.052"
      },
      "geometry": {
        "type": "Polygon",
        "coordinates": [
          [
            [
              73.0669466,
              19.0450939
            ],
            [
              73.0670185,
              19.0450851
            ],
            [
              73.0670072,
              19.0450021
            ],
            [
              73.0669353,
              19.0450109
            ],
            [
              73.0669466,
              19.0450939
            ]
          ]
        ]
      }
    },
    {
      "type": "Feature",
      "properties": {
        "osm_way_id": 353813155,
        "building_type": "yes",
        "name": null,
        "height_m": 6.0,
        "height_source": "display fallback; OSM height unavailable",
        "building_levels": null,
        "source_dataset": "OpenStreetMap",
        "source_license": "ODbL 1.0",
        "source_extract": "https://api.openstreetmap.org/api/0.6/map?bbox=73.066,19.044,73.074,19.052"
      },
      "geometry": {
        "type": "Polygon",
        "coordinates": [
          [
            [
              73.0662627,
              19.0453186
            ],
            [
              73.0663392,
              19.0453096
            ],
            [
              73.0663205,
              19.0451676
            ],
            [
              73.066244,
              19.0451766
            ],
            [
              73.0662627,
              19.0453186
            ]
          ]
        ]
      }
    },
    {
      "type": "Feature",
      "properties": {
        "osm_way_id": 353813156,
        "building_type": "yes",
        "name": null,
        "height_m": 6.0,
        "height_source": "display fallback; OSM height unavailable",
        "building_levels": null,
        "source_dataset": "OpenStreetMap",
        "source_license": "ODbL 1.0",
        "source_extract": "https://api.openstreetmap.org/api/0.6/map?bbox=73.066,19.044,73.074,19.052"
      },
      "geometry": {
        "type": "Polygon",
        "coordinates": [
          [
            [
              73.0670668,
              19.0452828
            ],
            [
              73.0673591,
              19.045247
            ],
            [
              73.0673513,
              19.0451902
            ],
            [
              73.067059,
              19.045226
            ],
            [
              73.0670668,
              19.0452828
            ]
          ]
        ]
      }
    },
    {
      "type": "Feature",
      "properties": {
        "osm_way_id": 353813157,
        "building_type": "yes",
        "name": null,
        "height_m": 6.0,
        "height_source": "display fallback; OSM height unavailable",
        "building_levels": null,
        "source_dataset": "OpenStreetMap",
        "source_license": "ODbL 1.0",
        "source_extract": "https://api.openstreetmap.org/api/0.6/map?bbox=73.066,19.044,73.074,19.052"
      },
      "geometry": {
        "type": "Polygon",
        "coordinates": [
          [
            [
              73.0672148,
              19.0457533
            ],
            [
              73.0673514,
              19.0457365
            ],
            [
              73.0673379,
              19.0456379
            ],
            [
              73.0672013,
              19.0456546
            ],
            [
              73.0672148,
              19.0457533
            ]
          ]
        ]
      }
    },
    {
      "type": "Feature",
      "properties": {
        "osm_way_id": 353813158,
        "building_type": "yes",
        "name": null,
        "height_m": 6.0,
        "height_source": "display fallback; OSM height unavailable",
        "building_levels": null,
        "source_dataset": "OpenStreetMap",
        "source_license": "ODbL 1.0",
        "source_extract": "https://api.openstreetmap.org/api/0.6/map?bbox=73.066,19.044,73.074,19.052"
      },
      "geometry": {
        "type": "Polygon",
        "coordinates": [
          [
            [
              73.0666403,
              19.0454798
            ],
            [
              73.0667195,
              19.0454701
            ],
            [
              73.0667089,
              19.0453931
            ],
            [
              73.0666297,
              19.0454028
            ],
            [
              73.0666403,
              19.0454798
            ]
          ]
        ]
      }
    },
    {
      "type": "Feature",
      "properties": {
        "osm_way_id": 353813161,
        "building_type": "yes",
        "name": null,
        "height_m": 6.0,
        "height_source": "display fallback; OSM height unavailable",
        "building_levels": null,
        "source_dataset": "OpenStreetMap",
        "source_license": "ODbL 1.0",
        "source_extract": "https://api.openstreetmap.org/api/0.6/map?bbox=73.066,19.044,73.074,19.052"
      },
      "geometry": {
        "type": "Polygon",
        "coordinates": [
          [
            [
              73.0666434,
              19.0461343
            ],
            [
              73.066767,
              19.0461235
            ],
            [
              73.0667491,
              19.0459417
            ],
            [
              73.0666256,
              19.0459525
            ],
            [
              73.0666434,
              19.0461343
            ]
          ]
        ]
      }
    },
    {
      "type": "Feature",
      "properties": {
        "osm_way_id": 353813165,
        "building_type": "yes",
        "name": null,
        "height_m": 6.0,
        "height_source": "display fallback; OSM height unavailable",
        "building_levels": null,
        "source_dataset": "OpenStreetMap",
        "source_license": "ODbL 1.0",
        "source_extract": "https://api.openstreetmap.org/api/0.6/map?bbox=73.066,19.044,73.074,19.052"
      },
      "geometry": {
        "type": "Polygon",
        "coordinates": [
          [
            [
              73.0670447,
              19.0450639
            ],
            [
              73.067358,
              19.0450255
            ],
            [
              73.0673493,
              19.0449621
            ],
            [
              73.067036,
              19.0450005
            ],
            [
              73.0670447,
              19.0450639
            ]
          ]
        ]
      }
    },
    {
      "type": "Feature",
      "properties": {
        "osm_way_id": 353813167,
        "building_type": "yes",
        "name": null,
        "height_m": 6.0,
        "height_source": "display fallback; OSM height unavailable",
        "building_levels": null,
        "source_dataset": "OpenStreetMap",
        "source_license": "ODbL 1.0",
        "source_extract": "https://api.openstreetmap.org/api/0.6/map?bbox=73.066,19.044,73.074,19.052"
      },
      "geometry": {
        "type": "Polygon",
        "coordinates": [
          [
            [
              73.0662937,
              19.0450452
            ],
            [
              73.0663626,
              19.0450371
            ],
            [
              73.0663528,
              19.044963
            ],
            [
              73.0662839,
              19.0449711
            ],
            [
              73.0662937,
              19.0450452
            ]
          ]
        ]
      }
    },
    {
      "type": "Feature",
      "properties": {
        "osm_way_id": 353813177,
        "building_type": "yes",
        "name": null,
        "height_m": 6.0,
        "height_source": "display fallback; OSM height unavailable",
        "building_levels": null,
        "source_dataset": "OpenStreetMap",
        "source_license": "ODbL 1.0",
        "source_extract": "https://api.openstreetmap.org/api/0.6/map?bbox=73.066,19.044,73.074,19.052"
      },
      "geometry": {
        "type": "Polygon",
        "coordinates": [
          [
            [
              73.0668494,
              19.0461043
            ],
            [
              73.0669704,
              19.0460901
            ],
            [
              73.0669481,
              19.0459195
            ],
            [
              73.0668271,
              19.0459336
            ],
            [
              73.0668494,
              19.0461043
            ]
          ]
        ]
      }
    },
    {
      "type": "Feature",
      "properties": {
        "osm_way_id": 353813179,
        "building_type": "yes",
        "name": null,
        "height_m": 6.0,
        "height_source": "display fallback; OSM height unavailable",
        "building_levels": null,
        "source_dataset": "OpenStreetMap",
        "source_license": "ODbL 1.0",
        "source_extract": "https://api.openstreetmap.org/api/0.6/map?bbox=73.066,19.044,73.074,19.052"
      },
      "geometry": {
        "type": "Polygon",
        "coordinates": [
          [
            [
              73.0665126,
              19.0455789
            ],
            [
              73.0666272,
              19.0455654
            ],
            [
              73.066618,
              19.0454954
            ],
            [
              73.0665034,
              19.0455089
            ],
            [
              73.0665126,
              19.0455789
            ]
          ]
        ]
      }
    },
    {
      "type": "Feature",
      "properties": {
        "osm_way_id": 353813181,
        "building_type": "yes",
        "name": null,
        "height_m": 6.0,
        "height_source": "display fallback; OSM height unavailable",
        "building_levels": null,
        "source_dataset": "OpenStreetMap",
        "source_license": "ODbL 1.0",
        "source_extract": "https://api.openstreetmap.org/api/0.6/map?bbox=73.066,19.044,73.074,19.052"
      },
      "geometry": {
        "type": "Polygon",
        "coordinates": [
          [
            [
              73.0674386,
              19.0456111
            ],
            [
              73.0675314,
              19.0455997
            ],
            [
              73.0675135,
              19.0454693
            ],
            [
              73.0674207,
              19.0454807
            ],
            [
              73.0674386,
              19.0456111
            ]
          ]
        ]
      }
    },
    {
      "type": "Feature",
      "properties": {
        "osm_way_id": 353813183,
        "building_type": "yes",
        "name": null,
        "height_m": 6.0,
        "height_source": "display fallback; OSM height unavailable",
        "building_levels": null,
        "source_dataset": "OpenStreetMap",
        "source_license": "ODbL 1.0",
        "source_extract": "https://api.openstreetmap.org/api/0.6/map?bbox=73.066,19.044,73.074,19.052"
      },
      "geometry": {
        "type": "Polygon",
        "coordinates": [
          [
            [
              73.0663712,
              19.0450369
            ],
            [
              73.0664307,
              19.0450299
            ],
            [
              73.0664208,
              19.0449547
            ],
            [
              73.0663612,
              19.0449617
            ],
            [
              73.0663712,
              19.0450369
            ]
          ]
        ]
      }
    },
    {
      "type": "Feature",
      "properties": {
        "osm_way_id": 353813185,
        "building_type": "yes",
        "name": null,
        "height_m": 6.0,
        "height_source": "display fallback; OSM height unavailable",
        "building_levels": null,
        "source_dataset": "OpenStreetMap",
        "source_license": "ODbL 1.0",
        "source_extract": "https://api.openstreetmap.org/api/0.6/map?bbox=73.066,19.044,73.074,19.052"
      },
      "geometry": {
        "type": "Polygon",
        "coordinates": [
          [
            [
              73.0663073,
              19.0457146
            ],
            [
              73.0664039,
              19.0457027
            ],
            [
              73.0663794,
              19.0455238
            ],
            [
              73.0662828,
              19.0455356
            ],
            [
              73.0662934,
              19.045634
            ],
            [
              73.0663073,
              19.0457146
            ]
          ]
        ]
      }
    },
    {
      "type": "Feature",
      "properties": {
        "osm_way_id": 353813186,
        "building_type": "yes",
        "name": null,
        "height_m": 6.0,
        "height_source": "display fallback; OSM height unavailable",
        "building_levels": null,
        "source_dataset": "OpenStreetMap",
        "source_license": "ODbL 1.0",
        "source_extract": "https://api.openstreetmap.org/api/0.6/map?bbox=73.066,19.044,73.074,19.052"
      },
      "geometry": {
        "type": "Polygon",
        "coordinates": [
          [
            [
              73.0673993,
              19.0452391
            ],
            [
              73.0674729,
              19.0452301
            ],
            [
              73.0674579,
              19.045121
            ],
            [
              73.0673843,
              19.04513
            ],
            [
              73.0673993,
              19.0452391
            ]
          ]
        ]
      }
    },
    {
      "type": "Feature",
      "properties": {
        "osm_way_id": 353813189,
        "building_type": "yes",
        "name": null,
        "height_m": 6.0,
        "height_source": "display fallback; OSM height unavailable",
        "building_levels": null,
        "source_dataset": "OpenStreetMap",
        "source_license": "ODbL 1.0",
        "source_extract": "https://api.openstreetmap.org/api/0.6/map?bbox=73.066,19.044,73.074,19.052"
      },
      "geometry": {
        "type": "Polygon",
        "coordinates": [
          [
            [
              73.0661159,
              19.0458784
            ],
            [
              73.066185,
              19.0458703
            ],
            [
              73.0661744,
              19.0457894
            ],
            [
              73.0661053,
              19.0457975
            ],
            [
              73.0661159,
              19.0458784
            ]
          ]
        ]
      }
    },
    {
      "type": "Feature",
      "properties": {
        "osm_way_id": 353813190,
        "building_type": "yes",
        "name": null,
        "height_m": 6.0,
        "height_source": "display fallback; OSM height unavailable",
        "building_levels": null,
        "source_dataset": "OpenStreetMap",
        "source_license": "ODbL 1.0",
        "source_extract": "https://api.openstreetmap.org/api/0.6/map?bbox=73.066,19.044,73.074,19.052"
      },
      "geometry": {
        "type": "Polygon",
        "coordinates": [
          [
            [
              73.0670908,
              19.0454128
            ],
            [
              73.0673825,
              19.045377
            ],
            [
              73.0673734,
              19.0453101
            ],
            [
              73.0670816,
              19.0453458
            ],
            [
              73.0670908,
              19.0454128
            ]
          ]
        ]
      }
    },
    {
      "type": "Feature",
      "properties": {
        "osm_way_id": 353813191,
        "building_type": "yes",
        "name": null,
        "height_m": 6.0,
        "height_source": "display fallback; OSM height unavailable",
        "building_levels": null,
        "source_dataset": "OpenStreetMap",
        "source_license": "ODbL 1.0",
        "source_extract": "https://api.openstreetmap.org/api/0.6/map?bbox=73.066,19.044,73.074,19.052"
      },
      "geometry": {
        "type": "Polygon",
        "coordinates": [
          [
            [
              73.0662605,
              19.0458526
            ],
            [
              73.0663479,
              19.0458423
            ],
            [
              73.0663386,
              19.0457723
            ],
            [
              73.0662513,
              19.0457825
            ],
            [
              73.0662605,
              19.0458526
            ]
          ]
        ]
      }
    },
    {
      "type": "Feature",
      "properties": {
        "osm_way_id": 353813193,
        "building_type": "yes",
        "name": null,
        "height_m": 6.0,
        "height_source": "display fallback; OSM height unavailable",
        "building_levels": null,
        "source_dataset": "OpenStreetMap",
        "source_license": "ODbL 1.0",
        "source_extract": "https://api.openstreetmap.org/api/0.6/map?bbox=73.066,19.044,73.074,19.052"
      },
      "geometry": {
        "type": "Polygon",
        "coordinates": [
          [
            [
              73.0664134,
              19.0457029
            ],
            [
              73.0664906,
              19.0456938
            ],
            [
              73.0664814,
              19.0456239
            ],
            [
              73.0664042,
              19.0456329
            ],
            [
              73.0664134,
              19.0457029
            ]
          ]
        ]
      }
    },
    {
      "type": "Feature",
      "properties": {
        "osm_way_id": 353813194,
        "building_type": "yes",
        "name": null,
        "height_m": 6.0,
        "height_source": "display fallback; OSM height unavailable",
        "building_levels": null,
        "source_dataset": "OpenStreetMap",
        "source_license": "ODbL 1.0",
        "source_extract": "https://api.openstreetmap.org/api/0.6/map?bbox=73.066,19.044,73.074,19.052"
      },
      "geometry": {
        "type": "Polygon",
        "coordinates": [
          [
            [
              73.0674137,
              19.0454538
            ],
            [
              73.0674947,
              19.0454441
            ],
            [
              73.0674874,
              19.0453871
            ],
            [
              73.0674058,
              19.0453967
            ],
            [
              73.0674137,
              19.0454538
            ]
          ]
        ]
      }
    },
    {
      "type": "Feature",
      "properties": {
        "osm_way_id": 353813195,
        "building_type": "yes",
        "name": null,
        "height_m": 6.0,
        "height_source": "display fallback; OSM height unavailable",
        "building_levels": null,
        "source_dataset": "OpenStreetMap",
        "source_license": "ODbL 1.0",
        "source_extract": "https://api.openstreetmap.org/api/0.6/map?bbox=73.066,19.044,73.074,19.052"
      },
      "geometry": {
        "type": "Polygon",
        "coordinates": [
          [
            [
              73.0664332,
              19.0451367
            ],
            [
              73.0667654,
              19.0450961
            ],
            [
              73.0667571,
              19.0450359
            ],
            [
              73.066425,
              19.0450766
            ],
            [
              73.0664332,
              19.0451367
            ]
          ]
        ]
      }
    },
    {
      "type": "Feature",
      "properties": {
        "osm_way_id": 353813197,
        "building_type": "yes",
        "name": null,
        "height_m": 6.0,
        "height_source": "display fallback; OSM height unavailable",
        "building_levels": null,
        "source_dataset": "OpenStreetMap",
        "source_license": "ODbL 1.0",
        "source_extract": "https://api.openstreetmap.org/api/0.6/map?bbox=73.066,19.044,73.074,19.052"
      },
      "geometry": {
        "type": "Polygon",
        "coordinates": [
          [
            [
              73.0664871,
              19.0453548
            ],
            [
              73.0666138,
              19.0453393
            ],
            [
              73.0666034,
              19.045263
            ],
            [
              73.0664766,
              19.0452785
            ],
            [
              73.0664871,
              19.0453548
            ]
          ]
        ]
      }
    },
    {
      "type": "Feature",
      "properties": {
        "osm_way_id": 353813200,
        "building_type": "yes",
        "name": null,
        "height_m": 6.0,
        "height_source": "display fallback; OSM height unavailable",
        "building_levels": null,
        "source_dataset": "OpenStreetMap",
        "source_license": "ODbL 1.0",
        "source_extract": "https://api.openstreetmap.org/api/0.6/map?bbox=73.066,19.044,73.074,19.052"
      },
      "geometry": {
        "type": "Polygon",
        "coordinates": [
          [
            [
              73.0668545,
              19.0455481
            ],
            [
              73.066941,
              19.0455379
            ],
            [
              73.0669272,
              19.0454331
            ],
            [
              73.0668407,
              19.0454433
            ],
            [
              73.0668545,
              19.0455481
            ]
          ]
        ]
      }
    },
    {
      "type": "Feature",
      "properties": {
        "osm_way_id": 353813202,
        "building_type": "yes",
        "name": null,
        "height_m": 6.0,
        "height_source": "display fallback; OSM height unavailable",
        "building_levels": null,
        "source_dataset": "OpenStreetMap",
        "source_license": "ODbL 1.0",
        "source_extract": "https://api.openstreetmap.org/api/0.6/map?bbox=73.066,19.044,73.074,19.052"
      },
      "geometry": {
        "type": "Polygon",
        "coordinates": [
          [
            [
              73.0670004,
              19.0454718
            ],
            [
              73.0670644,
              19.045464
            ],
            [
              73.0670475,
              19.045341
            ],
            [
              73.0669836,
              19.0453488
            ],
            [
              73.0670004,
              19.0454718
            ]
          ]
        ]
      }
    },
    {
      "type": "Feature",
      "properties": {
        "osm_way_id": 353813203,
        "building_type": "yes",
        "name": null,
        "height_m": 6.0,
        "height_source": "display fallback; OSM height unavailable",
        "building_levels": null,
        "source_dataset": "OpenStreetMap",
        "source_license": "ODbL 1.0",
        "source_extract": "https://api.openstreetmap.org/api/0.6/map?bbox=73.066,19.044,73.074,19.052"
      },
      "geometry": {
        "type": "Polygon",
        "coordinates": [
          [
            [
              73.0660235,
              19.045546
            ],
            [
              73.0662483,
              19.0455185
            ],
            [
              73.0662386,
              19.0454472
            ],
            [
              73.0660137,
              19.0454748
            ],
            [
              73.0660235,
              19.045546
            ]
          ]
        ]
      }
    },
    {
      "type": "Feature",
      "properties": {
        "osm_way_id": 353813204,
        "building_type": "yes",
        "name": null,
        "height_m": 6.0,
        "height_source": "display fallback; OSM height unavailable",
        "building_levels": null,
        "source_dataset": "OpenStreetMap",
        "source_license": "ODbL 1.0",
        "source_extract": "https://api.openstreetmap.org/api/0.6/map?bbox=73.066,19.044,73.074,19.052"
      },
      "geometry": {
        "type": "Polygon",
        "coordinates": [
          [
            [
              73.0666601,
              19.045814
            ],
            [
              73.0667354,
              19.0458052
            ],
            [
              73.0667247,
              19.0457241
            ],
            [
              73.0666494,
              19.0457329
            ],
            [
              73.0666601,
              19.045814
            ]
          ]
        ]
      }
    },
    {
      "type": "Feature",
      "properties": {
        "osm_way_id": 353813205,
        "building_type": "yes",
        "name": null,
        "height_m": 6.0,
        "height_source": "display fallback; OSM height unavailable",
        "building_levels": null,
        "source_dataset": "OpenStreetMap",
        "source_license": "ODbL 1.0",
        "source_extract": "https://api.openstreetmap.org/api/0.6/map?bbox=73.066,19.044,73.074,19.052"
      },
      "geometry": {
        "type": "Polygon",
        "coordinates": [
          [
            [
              73.0659659,
              19.0457962
            ],
            [
              73.0661055,
              19.0457798
            ],
            [
              73.0660926,
              19.0456818
            ],
            [
              73.065953,
              19.0456982
            ],
            [
              73.0659659,
              19.0457962
            ]
          ]
        ]
      }
    },
    {
      "type": "Feature",
      "properties": {
        "osm_way_id": 353813206,
        "building_type": "yes",
        "name": null,
        "height_m": 6.0,
        "height_source": "display fallback; OSM height unavailable",
        "building_levels": null,
        "source_dataset": "OpenStreetMap",
        "source_license": "ODbL 1.0",
        "source_extract": "https://api.openstreetmap.org/api/0.6/map?bbox=73.066,19.044,73.074,19.052"
      },
      "geometry": {
        "type": "Polygon",
        "coordinates": [
          [
            [
              73.0659015,
              19.0452021
            ],
            [
              73.0662094,
              19.0451644
            ],
            [
              73.0661985,
              19.0450849
            ],
            [
              73.0658906,
              19.0451226
            ],
            [
              73.0659015,
              19.0452021
            ]
          ]
        ]
      }
    },
    {
      "type": "Feature",
      "properties": {
        "osm_way_id": 353813209,
        "building_type": "yes",
        "name": null,
        "height_m": 6.0,
        "height_source": "display fallback; OSM height unavailable",
        "building_levels": null,
        "source_dataset": "OpenStreetMap",
        "source_license": "ODbL 1.0",
        "source_extract": "https://api.openstreetmap.org/api/0.6/map?bbox=73.066,19.044,73.074,19.052"
      },
      "geometry": {
        "type": "Polygon",
        "coordinates": [
          [
            [
              73.0669918,
              19.0449431
            ],
            [
              73.0671027,
              19.0449295
            ],
            [
              73.0670908,
              19.0448431
            ],
            [
              73.06698,
              19.0448567
            ],
            [
              73.0669918,
              19.0449431
            ]
          ]
        ]
      }
    },
    {
      "type": "Feature",
      "properties": {
        "osm_way_id": 353813210,
        "building_type": "yes",
        "name": null,
        "height_m": 6.0,
        "height_source": "display fallback; OSM height unavailable",
        "building_levels": null,
        "source_dataset": "OpenStreetMap",
        "source_license": "ODbL 1.0",
        "source_extract": "https://api.openstreetmap.org/api/0.6/map?bbox=73.066,19.044,73.074,19.052"
      },
      "geometry": {
        "type": "Polygon",
        "coordinates": [
          [
            [
              73.0667049,
              19.0449764
            ],
            [
              73.0668138,
              19.0449635
            ],
            [
              73.0668039,
              19.0448882
            ],
            [
              73.0666949,
              19.044901
            ],
            [
              73.0667049,
              19.0449764
            ]
          ]
        ]
      }
    },
    {
      "type": "Feature",
      "properties": {
        "osm_way_id": 353813211,
        "building_type": "yes",
        "name": null,
        "height_m": 6.0,
        "height_source": "display fallback; OSM height unavailable",
        "building_levels": null,
        "source_dataset": "OpenStreetMap",
        "source_license": "ODbL 1.0",
        "source_extract": "https://api.openstreetmap.org/api/0.6/map?bbox=73.066,19.044,73.074,19.052"
      },
      "geometry": {
        "type": "Polygon",
        "coordinates": [
          [
            [
              73.0668395,
              19.0454074
            ],
            [
              73.0669315,
              19.0453965
            ],
            [
              73.0669265,
              19.0453585
            ],
            [
              73.0668345,
              19.0453694
            ],
            [
              73.0668395,
              19.0454074
            ]
          ]
        ]
      }
    },
    {
      "type": "Feature",
      "properties": {
        "osm_way_id": 353813212,
        "building_type": "yes",
        "name": null,
        "height_m": 6.0,
        "height_source": "display fallback; OSM height unavailable",
        "building_levels": null,
        "source_dataset": "OpenStreetMap",
        "source_license": "ODbL 1.0",
        "source_extract": "https://api.openstreetmap.org/api/0.6/map?bbox=73.066,19.044,73.074,19.052"
      },
      "geometry": {
        "type": "Polygon",
        "coordinates": [
          [
            [
              73.065935,
              19.0456417
            ],
            [
              73.0660226,
              19.0456314
            ],
            [
              73.0660128,
              19.0455572
            ],
            [
              73.0659252,
              19.0455675
            ],
            [
              73.065935,
              19.0456417
            ]
          ]
        ]
      }
    },
    {
      "type": "Feature",
      "properties": {
        "osm_way_id": 353813213,
        "building_type": "yes",
        "name": null,
        "height_m": 6.0,
        "height_source": "display fallback; OSM height unavailable",
        "building_levels": null,
        "source_dataset": "OpenStreetMap",
        "source_license": "ODbL 1.0",
        "source_extract": "https://api.openstreetmap.org/api/0.6/map?bbox=73.066,19.044,73.074,19.052"
      },
      "geometry": {
        "type": "Polygon",
        "coordinates": [
          [
            [
              73.0663465,
              19.0452866
            ],
            [
              73.0664357,
              19.0452757
            ],
            [
              73.0664099,
              19.0450876
            ],
            [
              73.0663207,
              19.0450986
            ],
            [
              73.0663465,
              19.0452866
            ]
          ]
        ]
      }
    },
    {
      "type": "Feature",
      "properties": {
        "osm_way_id": 353813215,
        "building_type": "yes",
        "name": null,
        "height_m": 6.0,
        "height_source": "display fallback; OSM height unavailable",
        "building_levels": null,
        "source_dataset": "OpenStreetMap",
        "source_license": "ODbL 1.0",
        "source_extract": "https://api.openstreetmap.org/api/0.6/map?bbox=73.066,19.044,73.074,19.052"
      },
      "geometry": {
        "type": "Polygon",
        "coordinates": [
          [
            [
              73.0665361,
              19.0461398
            ],
            [
              73.0666136,
              19.0461307
            ],
            [
              73.0665976,
              19.0460089
            ],
            [
              73.0665202,
              19.046018
            ],
            [
              73.0665361,
              19.0461398
            ]
          ]
        ]
      }
    },
    {
      "type": "Feature",
      "properties": {
        "osm_way_id": 353813217,
        "building_type": "yes",
        "name": null,
        "height_m": 6.0,
        "height_source": "display fallback; OSM height unavailable",
        "building_levels": null,
        "source_dataset": "OpenStreetMap",
        "source_license": "ODbL 1.0",
        "source_extract": "https://api.openstreetmap.org/api/0.6/map?bbox=73.066,19.044,73.074,19.052"
      },
      "geometry": {
        "type": "Polygon",
        "coordinates": [
          [
            [
              73.0673734,
              19.0449329
            ],
            [
              73.0674492,
              19.0449236
            ],
            [
              73.0674387,
              19.0448475
            ],
            [
              73.0673629,
              19.0448568
            ],
            [
              73.0673734,
              19.0449329
            ]
          ]
        ]
      }
    },
    {
      "type": "Feature",
      "properties": {
        "osm_way_id": 353813219,
        "building_type": "yes",
        "name": null,
        "height_m": 6.0,
        "height_source": "display fallback; OSM height unavailable",
        "building_levels": null,
        "source_dataset": "OpenStreetMap",
        "source_license": "ODbL 1.0",
        "source_extract": "https://api.openstreetmap.org/api/0.6/map?bbox=73.066,19.044,73.074,19.052"
      },
      "geometry": {
        "type": "Polygon",
        "coordinates": [
          [
            [
              73.0671552,
              19.0449585
            ],
            [
              73.0672532,
              19.0449465
            ],
            [
              73.0672407,
              19.0448558
            ],
            [
              73.0671428,
              19.0448678
            ],
            [
              73.0671552,
              19.0449585
            ]
          ]
        ]
      }
    },
    {
      "type": "Feature",
      "properties": {
        "osm_way_id": 353813220,
        "building_type": "yes",
        "name": null,
        "height_m": 6.0,
        "height_source": "display fallback; OSM height unavailable",
        "building_levels": null,
        "source_dataset": "OpenStreetMap",
        "source_license": "ODbL 1.0",
        "source_extract": "https://api.openstreetmap.org/api/0.6/map?bbox=73.066,19.044,73.074,19.052"
      },
      "geometry": {
        "type": "Polygon",
        "coordinates": [
          [
            [
              73.0697704,
              19.0452952
            ],
            [
              73.0699493,
              19.0452747
            ],
            [
              73.0699349,
              19.0451615
            ],
            [
              73.0697559,
              19.045182
            ],
            [
              73.0697704,
              19.0452952
            ]
          ]
        ]
      }
    },
    {
      "type": "Feature",
      "properties": {
        "osm_way_id": 353813221,
        "building_type": "yes",
        "name": null,
        "height_m": 6.0,
        "height_source": "display fallback; OSM height unavailable",
        "building_levels": null,
        "source_dataset": "OpenStreetMap",
        "source_license": "ODbL 1.0",
        "source_extract": "https://api.openstreetmap.org/api/0.6/map?bbox=73.066,19.044,73.074,19.052"
      },
      "geometry": {
        "type": "Polygon",
        "coordinates": [
          [
            [
              73.0667904,
              19.0451172
            ],
            [
              73.0668763,
              19.0451071
            ],
            [
              73.0668644,
              19.0450164
            ],
            [
              73.0667784,
              19.0450265
            ],
            [
              73.0667904,
              19.0451172
            ]
          ]
        ]
      }
    },
    {
      "type": "Feature",
      "properties": {
        "osm_way_id": 353813222,
        "building_type": "yes",
        "name": null,
        "height_m": 6.0,
        "height_source": "display fallback; OSM height unavailable",
        "building_levels": null,
        "source_dataset": "OpenStreetMap",
        "source_license": "ODbL 1.0",
        "source_extract": "https://api.openstreetmap.org/api/0.6/map?bbox=73.066,19.044,73.074,19.052"
      },
      "geometry": {
        "type": "Polygon",
        "coordinates": [
          [
            [
              73.0704975,
              19.0458242
            ],
            [
              73.070601,
              19.0458124
            ],
            [
              73.0705818,
              19.0456623
            ],
            [
              73.0704783,
              19.0456741
            ],
            [
              73.0704975,
              19.0458242
            ]
          ]
        ]
      }
    },
    {
      "type": "Feature",
      "properties": {
        "osm_way_id": 353813223,
        "building_type": "yes",
        "name": null,
        "height_m": 6.0,
        "height_source": "display fallback; OSM height unavailable",
        "building_levels": null,
        "source_dataset": "OpenStreetMap",
        "source_license": "ODbL 1.0",
        "source_extract": "https://api.openstreetmap.org/api/0.6/map?bbox=73.066,19.044,73.074,19.052"
      },
      "geometry": {
        "type": "Polygon",
        "coordinates": [
          [
            [
              73.0662389,
              19.0451502
            ],
            [
              73.0663166,
              19.0451411
            ],
            [
              73.0663103,
              19.0450931
            ],
            [
              73.0662326,
              19.0451022
            ],
            [
              73.0662389,
              19.0451502
            ]
          ]
        ]
      }
    },
    {
      "type": "Feature",
      "properties": {
        "osm_way_id": 353813224,
        "building_type": "yes",
        "name": null,
        "height_m": 6.0,
        "height_source": "display fallback; OSM height unavailable",
        "building_levels": null,
        "source_dataset": "OpenStreetMap",
        "source_license": "ODbL 1.0",
        "source_extract": "https://api.openstreetmap.org/api/0.6/map?bbox=73.066,19.044,73.074,19.052"
      },
      "geometry": {
        "type": "Polygon",
        "coordinates": [
          [
            [
              73.0669697,
              19.0453201
            ],
            [
              73.0670585,
              19.0453092
            ],
            [
              73.0670523,
              19.0452647
            ],
            [
              73.0669636,
              19.0452755
            ],
            [
              73.0669697,
              19.0453201
            ]
          ]
        ]
      }
    },
    {
      "type": "Feature",
      "properties": {
        "osm_way_id": 353813225,
        "building_type": "yes",
        "name": null,
        "height_m": 6.0,
        "height_source": "display fallback; OSM height unavailable",
        "building_levels": null,
        "source_dataset": "OpenStreetMap",
        "source_license": "ODbL 1.0",
        "source_extract": "https://api.openstreetmap.org/api/0.6/map?bbox=73.066,19.044,73.074,19.052"
      },
      "geometry": {
        "type": "Polygon",
        "coordinates": [
          [
            [
              73.0674985,
              19.0452466
            ],
            [
              73.0676351,
              19.0452299
            ],
            [
              73.0676129,
              19.0450677
            ],
            [
              73.0674763,
              19.0450844
            ],
            [
              73.0674985,
              19.0452466
            ]
          ]
        ]
      }
    },
    {
      "type": "Feature",
      "properties": {
        "osm_way_id": 353813226,
        "building_type": "yes",
        "name": null,
        "height_m": 6.0,
        "height_source": "display fallback; OSM height unavailable",
        "building_levels": null,
        "source_dataset": "OpenStreetMap",
        "source_license": "ODbL 1.0",
        "source_extract": "https://api.openstreetmap.org/api/0.6/map?bbox=73.066,19.044,73.074,19.052"
      },
      "geometry": {
        "type": "Polygon",
        "coordinates": [
          [
            [
              73.0661883,
              19.0458466
            ],
            [
              73.0662485,
              19.0458395
            ],
            [
              73.0662399,
              19.0457747
            ],
            [
              73.0661797,
              19.0457817
            ],
            [
              73.0661883,
              19.0458466
            ]
          ]
        ]
      }
    },
    {
      "type": "Feature",
      "properties": {
        "osm_way_id": 353813228,
        "building_type": "yes",
        "name": null,
        "height_m": 6.0,
        "height_source": "display fallback; OSM height unavailable",
        "building_levels": null,
        "source_dataset": "OpenStreetMap",
        "source_license": "ODbL 1.0",
        "source_extract": "https://api.openstreetmap.org/api/0.6/map?bbox=73.066,19.044,73.074,19.052"
      },
      "geometry": {
        "type": "Polygon",
        "coordinates": [
          [
            [
              73.0661232,
              19.0457608
            ],
            [
              73.0662429,
              19.0457467
            ],
            [
              73.0662326,
              19.0456683
            ],
            [
              73.0661129,
              19.0456824
            ],
            [
              73.0661232,
              19.0457608
            ]
          ]
        ]
      }
    },
    {
      "type": "Feature",
      "properties": {
        "osm_way_id": 353813229,
        "building_type": "yes",
        "name": null,
        "height_m": 6.0,
        "height_source": "display fallback; OSM height unavailable",
        "building_levels": null,
        "source_dataset": "OpenStreetMap",
        "source_license": "ODbL 1.0",
        "source_extract": "https://api.openstreetmap.org/api/0.6/map?bbox=73.066,19.044,73.074,19.052"
      },
      "geometry": {
        "type": "Polygon",
        "coordinates": [
          [
            [
              73.067028,
              19.0456622
            ],
            [
              73.0673568,
              19.0456219
            ],
            [
              73.0673432,
              19.0455232
            ],
            [
              73.0670145,
              19.0455634
            ],
            [
              73.067028,
              19.0456622
            ]
          ]
        ]
      }
    },
    {
      "type": "Feature",
      "properties": {
        "osm_way_id": 353813230,
        "building_type": "yes",
        "name": null,
        "height_m": 6.0,
        "height_source": "display fallback; OSM height unavailable",
        "building_levels": null,
        "source_dataset": "OpenStreetMap",
        "source_license": "ODbL 1.0",
        "source_extract": "https://api.openstreetmap.org/api/0.6/map?bbox=73.066,19.044,73.074,19.052"
      },
      "geometry": {
        "type": "Polygon",
        "coordinates": [
          [
            [
              73.0665197,
              19.0457164
            ],
            [
              73.0668548,
              19.0456753
            ],
            [
              73.0668437,
              19.0455937
            ],
            [
              73.0665086,
              19.0456348
            ],
            [
              73.0665197,
              19.0457164
            ]
          ]
        ]
      }
    },
    {
      "type": "Feature",
      "properties": {
        "osm_way_id": 353813235,
        "building_type": "yes",
        "name": null,
        "height_m": 6.0,
        "height_source": "display fallback; OSM height unavailable",
        "building_levels": null,
        "source_dataset": "OpenStreetMap",
        "source_license": "ODbL 1.0",
        "source_extract": "https://api.openstreetmap.org/api/0.6/map?bbox=73.066,19.044,73.074,19.052"
      },
      "geometry": {
        "type": "Polygon",
        "coordinates": [
          [
            [
              73.0669572,
              19.0452447
            ],
            [
              73.0670454,
              19.0452339
            ],
            [
              73.0670302,
              19.0451229
            ],
            [
              73.066942,
              19.0451337
            ],
            [
              73.0669572,
              19.0452447
            ]
          ]
        ]
      }
    },
    {
      "type": "Feature",
      "properties": {
        "osm_way_id": 353813236,
        "building_type": "yes",
        "name": null,
        "height_m": 6.0,
        "height_source": "display fallback; OSM height unavailable",
        "building_levels": null,
        "source_dataset": "OpenStreetMap",
        "source_license": "ODbL 1.0",
        "source_extract": "https://api.openstreetmap.org/api/0.6/map?bbox=73.066,19.044,73.074,19.052"
      },
      "geometry": {
        "type": "Polygon",
        "coordinates": [
          [
            [
              73.0660205,
              19.0450915
            ],
            [
              73.0660881,
              19.0450835
            ],
            [
              73.0660775,
              19.0450035
            ],
            [
              73.0660099,
              19.0450114
            ],
            [
              73.0660205,
              19.0450915
            ]
          ]
        ]
      }
    },
    {
      "type": "Feature",
      "properties": {
        "osm_way_id": 353813238,
        "building_type": "yes",
        "name": null,
        "height_m": 6.0,
        "height_source": "display fallback; OSM height unavailable",
        "building_levels": null,
        "source_dataset": "OpenStreetMap",
        "source_license": "ODbL 1.0",
        "source_extract": "https://api.openstreetmap.org/api/0.6/map?bbox=73.066,19.044,73.074,19.052"
      },
      "geometry": {
        "type": "Polygon",
        "coordinates": [
          [
            [
              73.0663638,
              19.0458474
            ],
            [
              73.066508,
              19.0458305
            ],
            [
              73.0664984,
              19.0457575
            ],
            [
              73.0663542,
              19.0457745
            ],
            [
              73.0663638,
              19.0458474
            ]
          ]
        ]
      }
    },
    {
      "type": "Feature",
      "properties": {
        "osm_way_id": 353813239,
        "building_type": "yes",
        "name": null,
        "height_m": 6.0,
        "height_source": "display fallback; OSM height unavailable",
        "building_levels": null,
        "source_dataset": "OpenStreetMap",
        "source_license": "ODbL 1.0",
        "source_extract": "https://api.openstreetmap.org/api/0.6/map?bbox=73.066,19.044,73.074,19.052"
      },
      "geometry": {
        "type": "Polygon",
        "coordinates": [
          [
            [
              73.0673598,
              19.04562
            ],
            [
              73.0674358,
              19.0456107
            ],
            [
              73.0674233,
              19.0455191
            ],
            [
              73.0673473,
              19.0455284
            ],
            [
              73.0673598,
              19.04562
            ]
          ]
        ]
      }
    },
    {
      "type": "Feature",
      "properties": {
        "osm_way_id": 353813242,
        "building_type": "yes",
        "name": null,
        "height_m": 6.0,
        "height_source": "display fallback; OSM height unavailable",
        "building_levels": null,
        "source_dataset": "OpenStreetMap",
        "source_license": "ODbL 1.0",
        "source_extract": "https://api.openstreetmap.org/api/0.6/map?bbox=73.066,19.044,73.074,19.052"
      },
      "geometry": {
        "type": "Polygon",
        "coordinates": [
          [
            [
              73.0664405,
              19.0450362
            ],
            [
              73.0665291,
              19.0450258
            ],
            [
              73.0665186,
              19.0449463
            ],
            [
              73.06643,
              19.0449567
            ],
            [
              73.0664405,
              19.0450362
            ]
          ]
        ]
      }
    },
    {
      "type": "Feature",
      "properties": {
        "osm_way_id": 353813244,
        "building_type": "yes",
        "name": null,
        "height_m": 6.0,
        "height_source": "display fallback; OSM height unavailable",
        "building_levels": null,
        "source_dataset": "OpenStreetMap",
        "source_license": "ODbL 1.0",
        "source_extract": "https://api.openstreetmap.org/api/0.6/map?bbox=73.066,19.044,73.074,19.052"
      },
      "geometry": {
        "type": "Polygon",
        "coordinates": [
          [
            [
              73.066637,
              19.0455725
            ],
            [
              73.0667422,
              19.0455601
            ],
            [
              73.0667321,
              19.0454838
            ],
            [
              73.066627,
              19.0454962
            ],
            [
              73.066637,
              19.0455725
            ]
          ]
        ]
      }
    },
    {
      "type": "Feature",
      "properties": {
        "osm_way_id": 353813245,
        "building_type": "yes",
        "name": null,
        "height_m": 6.0,
        "height_source": "display fallback; OSM height unavailable",
        "building_levels": null,
        "source_dataset": "OpenStreetMap",
        "source_license": "ODbL 1.0",
        "source_extract": "https://api.openstreetmap.org/api/0.6/map?bbox=73.066,19.044,73.074,19.052"
      },
      "geometry": {
        "type": "Polygon",
        "coordinates": [
          [
            [
              73.0660986,
              19.0450709
            ],
            [
              73.0662178,
              19.0450569
            ],
            [
              73.0662087,
              19.0449881
            ],
            [
              73.0660896,
              19.0450021
            ],
            [
              73.0660986,
              19.0450709
            ]
          ]
        ]
      }
    },
    {
      "type": "Feature",
      "properties": {
        "osm_way_id": 353813247,
        "building_type": "yes",
        "name": null,
        "height_m": 6.0,
        "height_source": "display fallback; OSM height unavailable",
        "building_levels": null,
        "source_dataset": "OpenStreetMap",
        "source_license": "ODbL 1.0",
        "source_extract": "https://api.openstreetmap.org/api/0.6/map?bbox=73.066,19.044,73.074,19.052"
      },
      "geometry": {
        "type": "Polygon",
        "coordinates": [
          [
            [
              73.0675564,
              19.0456612
            ],
            [
              73.0676883,
              19.045645
            ],
            [
              73.0676695,
              19.0455073
            ],
            [
              73.0675375,
              19.0455235
            ],
            [
              73.0675564,
              19.0456612
            ]
          ]
        ]
      }
    },
    {
      "type": "Feature",
      "properties": {
        "osm_way_id": 353813249,
        "building_type": "yes",
        "name": null,
        "height_m": 6.0,
        "height_source": "display fallback; OSM height unavailable",
        "building_levels": null,
        "source_dataset": "OpenStreetMap",
        "source_license": "ODbL 1.0",
        "source_extract": "https://api.openstreetmap.org/api/0.6/map?bbox=73.066,19.044,73.074,19.052"
      },
      "geometry": {
        "type": "Polygon",
        "coordinates": [
          [
            [
              73.0663998,
              19.0455757
            ],
            [
              73.066482,
              19.045566
            ],
            [
              73.0664739,
              19.0455044
            ],
            [
              73.0663917,
              19.045514
            ],
            [
              73.0663998,
              19.0455757
            ]
          ]
        ]
      }
    },
    {
      "type": "Feature",
      "properties": {
        "osm_way_id": 353813250,
        "building_type": "yes",
        "name": null,
        "height_m": 6.0,
        "height_source": "display fallback; OSM height unavailable",
        "building_levels": null,
        "source_dataset": "OpenStreetMap",
        "source_license": "ODbL 1.0",
        "source_extract": "https://api.openstreetmap.org/api/0.6/map?bbox=73.066,19.044,73.074,19.052"
      },
      "geometry": {
        "type": "Polygon",
        "coordinates": [
          [
            [
              73.0670812,
              19.0455154
            ],
            [
              73.0672896,
              19.0454899
            ],
            [
              73.0672792,
              19.0454137
            ],
            [
              73.0670707,
              19.0454392
            ],
            [
              73.0670812,
              19.0455154
            ]
          ]
        ]
      }
    },
    {
      "type": "Feature",
      "properties": {
        "osm_way_id": 353813251,
        "building_type": "yes",
        "name": null,
        "height_m": 6.0,
        "height_source": "display fallback; OSM height unavailable",
        "building_levels": null,
        "source_dataset": "OpenStreetMap",
        "source_license": "ODbL 1.0",
        "source_extract": "https://api.openstreetmap.org/api/0.6/map?bbox=73.066,19.044,73.074,19.052"
      },
      "geometry": {
        "type": "Polygon",
        "coordinates": [
          [
            [
              73.0667743,
              19.0455474
            ],
            [
              73.0668302,
              19.0455408
            ],
            [
              73.0668219,
              19.0454774
            ],
            [
              73.0667659,
              19.045484
            ],
            [
              73.0667743,
              19.0455474
            ]
          ]
        ]
      }
    },
    {
      "type": "Feature",
      "properties": {
        "osm_way_id": 353813252,
        "building_type": "yes",
        "name": null,
        "height_m": 6.0,
        "height_source": "display fallback; OSM height unavailable",
        "building_levels": null,
        "source_dataset": "OpenStreetMap",
        "source_license": "ODbL 1.0",
        "source_extract": "https://api.openstreetmap.org/api/0.6/map?bbox=73.066,19.044,73.074,19.052"
      },
      "geometry": {
        "type": "Polygon",
        "coordinates": [
          [
            [
              73.0673597,
              19.04572
            ],
            [
              73.067529,
              19.0456992
            ],
            [
              73.0675183,
              19.045621
            ],
            [
              73.0673489,
              19.0456417
            ],
            [
              73.0673597,
              19.04572
            ]
          ]
        ]
      }
    },
    {
      "type": "Feature",
      "properties": {
        "osm_way_id": 353813253,
        "building_type": "yes",
        "name": null,
        "height_m": 6.0,
        "height_source": "display fallback; OSM height unavailable",
        "building_levels": null,
        "source_dataset": "OpenStreetMap",
        "source_license": "ODbL 1.0",
        "source_extract": "https://api.openstreetmap.org/api/0.6/map?bbox=73.066,19.044,73.074,19.052"
      },
      "geometry": {
        "type": "Polygon",
        "coordinates": [
          [
            [
              73.0666341,
              19.0453493
            ],
            [
              73.066745,
              19.0453357
            ],
            [
              73.0667341,
              19.0452558
            ],
            [
              73.0666232,
              19.0452693
            ],
            [
              73.0666341,
              19.0453493
            ]
          ]
        ]
      }
    },
    {
      "type": "Feature",
      "properties": {
        "osm_way_id": 353813254,
        "building_type": "yes",
        "name": null,
        "height_m": 6.0,
        "height_source": "display fallback; OSM height unavailable",
        "building_levels": null,
        "source_dataset": "OpenStreetMap",
        "source_license": "ODbL 1.0",
        "source_extract": "https://api.openstreetmap.org/api/0.6/map?bbox=73.066,19.044,73.074,19.052"
      },
      "geometry": {
        "type": "Polygon",
        "coordinates": [
          [
            [
              73.0663833,
              19.0455029
            ],
            [
              73.0664594,
              19.0454935
            ],
            [
              73.0664448,
              19.0453866
            ],
            [
              73.0663686,
              19.0453959
            ],
            [
              73.0663833,
              19.0455029
            ]
          ]
        ]
      }
    },
    {
      "type": "Feature",
      "properties": {
        "osm_way_id": 353813256,
        "building_type": "yes",
        "name": null,
        "height_m": 6.0,
        "height_source": "display fallback; OSM height unavailable",
        "building_levels": null,
        "source_dataset": "OpenStreetMap",
        "source_license": "ODbL 1.0",
        "source_extract": "https://api.openstreetmap.org/api/0.6/map?bbox=73.066,19.044,73.074,19.052"
      },
      "geometry": {
        "type": "Polygon",
        "coordinates": [
          [
            [
              73.0667451,
              19.0458018
            ],
            [
              73.0668196,
              19.045793
            ],
            [
              73.0668096,
              19.045717
            ],
            [
              73.0667351,
              19.0457258
            ],
            [
              73.0667451,
              19.0458018
            ]
          ]
        ]
      }
    },
    {
      "type": "Feature",
      "properties": {
        "osm_way_id": 353813259,
        "building_type": "yes",
        "name": null,
        "height_m": 6.0,
        "height_source": "display fallback; OSM height unavailable",
        "building_levels": null,
        "source_dataset": "OpenStreetMap",
        "source_license": "ODbL 1.0",
        "source_extract": "https://api.openstreetmap.org/api/0.6/map?bbox=73.066,19.044,73.074,19.052"
      },
      "geometry": {
        "type": "Polygon",
        "coordinates": [
          [
            [
              73.0660061,
              19.0458712
            ],
            [
              73.0661099,
              19.045859
            ],
            [
              73.0661013,
              19.0457931
            ],
            [
              73.0659974,
              19.0458053
            ],
            [
              73.0660061,
              19.0458712
            ]
          ]
        ]
      }
    },
    {
      "type": "Feature",
      "properties": {
        "osm_way_id": 353813260,
        "building_type": "yes",
        "name": null,
        "height_m": 6.0,
        "height_source": "display fallback; OSM height unavailable",
        "building_levels": null,
        "source_dataset": "OpenStreetMap",
        "source_license": "ODbL 1.0",
        "source_extract": "https://api.openstreetmap.org/api/0.6/map?bbox=73.066,19.044,73.074,19.052"
      },
      "geometry": {
        "type": "Polygon",
        "coordinates": [
          [
            [
              73.0672994,
              19.0454809
            ],
            [
              73.0674124,
              19.0454671
            ],
            [
              73.0674032,
              19.0454
            ],
            [
              73.0672902,
              19.0454139
            ],
            [
              73.0672994,
              19.0454809
            ]
          ]
        ]
      }
    },
    {
      "type": "Feature",
      "properties": {
        "osm_way_id": 353813261,
        "building_type": "yes",
        "name": null,
        "height_m": 6.0,
        "height_source": "display fallback; OSM height unavailable",
        "building_levels": null,
        "source_dataset": "OpenStreetMap",
        "source_license": "ODbL 1.0",
        "source_extract": "https://api.openstreetmap.org/api/0.6/map?bbox=73.066,19.044,73.074,19.052"
      },
      "geometry": {
        "type": "Polygon",
        "coordinates": [
          [
            [
              73.0662548,
              19.0457462
            ],
            [
              73.0662962,
              19.0457414
            ],
            [
              73.066286,
              19.0456642
            ],
            [
              73.0662446,
              19.0456691
            ],
            [
              73.0662548,
              19.0457462
            ]
          ]
        ]
      }
    },
    {
      "type": "Feature",
      "properties": {
        "osm_way_id": 353813262,
        "building_type": "yes",
        "name": null,
        "height_m": 6.0,
        "height_source": "display fallback; OSM height unavailable",
        "building_levels": null,
        "source_dataset": "OpenStreetMap",
        "source_license": "ODbL 1.0",
        "source_extract": "https://api.openstreetmap.org/api/0.6/map?bbox=73.066,19.044,73.074,19.052"
      },
      "geometry": {
        "type": "Polygon",
        "coordinates": [
          [
            [
              73.066006,
              19.0453971
            ],
            [
              73.0661954,
              19.0453739
            ],
            [
              73.0661858,
              19.0453036
            ],
            [
              73.0659964,
              19.0453268
            ],
            [
              73.066006,
              19.0453971
            ]
          ]
        ]
      }
    },
    {
      "type": "Feature",
      "properties": {
        "osm_way_id": 353813263,
        "building_type": "yes",
        "name": null,
        "height_m": 6.0,
        "height_source": "display fallback; OSM height unavailable",
        "building_levels": null,
        "source_dataset": "OpenStreetMap",
        "source_license": "ODbL 1.0",
        "source_extract": "https://api.openstreetmap.org/api/0.6/map?bbox=73.066,19.044,73.074,19.052"
      },
      "geometry": {
        "type": "Polygon",
        "coordinates": [
          [
            [
              73.0664803,
              19.0452667
            ],
            [
              73.0667874,
              19.045229
            ],
            [
              73.0667773,
              19.0451558
            ],
            [
              73.0664703,
              19.0451934
            ],
            [
              73.0664803,
              19.0452667
            ]
          ]
        ]
      }
    },
    {
      "type": "Feature",
      "properties": {
        "osm_way_id": 353813266,
        "building_type": "yes",
        "name": null,
        "height_m": 6.0,
        "height_source": "display fallback; OSM height unavailable",
        "building_levels": null,
        "source_dataset": "OpenStreetMap",
        "source_license": "ODbL 1.0",
        "source_extract": "https://api.openstreetmap.org/api/0.6/map?bbox=73.066,19.044,73.074,19.052"
      },
      "geometry": {
        "type": "Polygon",
        "coordinates": [
          [
            [
              73.0668796,
              19.045683
            ],
            [
              73.0669723,
              19.0456721
            ],
            [
              73.0669598,
              19.0455776
            ],
            [
              73.0668672,
              19.0455885
            ],
            [
              73.0668796,
              19.045683
            ]
          ]
        ]
      }
    },
    {
      "type": "Feature",
      "properties": {
        "osm_way_id": 353813268,
        "building_type": "yes",
        "name": null,
        "height_m": 6.0,
        "height_source": "display fallback; OSM height unavailable",
        "building_levels": null,
        "source_dataset": "OpenStreetMap",
        "source_license": "ODbL 1.0",
        "source_extract": "https://api.openstreetmap.org/api/0.6/map?bbox=73.066,19.044,73.074,19.052"
      },
      "geometry": {
        "type": "Polygon",
        "coordinates": [
          [
            [
              73.0660416,
              19.0456373
            ],
            [
              73.0662465,
              19.0456132
            ],
            [
              73.0662358,
              19.0455319
            ],
            [
              73.0660309,
              19.045556
            ],
            [
              73.0660416,
              19.0456373
            ]
          ]
        ]
      }
    },
    {
      "type": "Feature",
      "properties": {
        "osm_way_id": 353813269,
        "building_type": "yes",
        "name": null,
        "height_m": 6.0,
        "height_source": "display fallback; OSM height unavailable",
        "building_levels": null,
        "source_dataset": "OpenStreetMap",
        "source_license": "ODbL 1.0",
        "source_extract": "https://api.openstreetmap.org/api/0.6/map?bbox=73.066,19.044,73.074,19.052"
      },
      "geometry": {
        "type": "Polygon",
        "coordinates": [
          [
            [
              73.0702648,
              19.0455141
            ],
            [
              73.0704335,
              19.0454948
            ],
            [
              73.0704214,
              19.0454006
            ],
            [
              73.0702527,
              19.0454199
            ],
            [
              73.0702648,
              19.0455141
            ]
          ]
        ]
      }
    },
    {
      "type": "Feature",
      "properties": {
        "osm_way_id": 353813270,
        "building_type": "yes",
        "name": null,
        "height_m": 6.0,
        "height_source": "display fallback; OSM height unavailable",
        "building_levels": null,
        "source_dataset": "OpenStreetMap",
        "source_license": "ODbL 1.0",
        "source_extract": "https://api.openstreetmap.org/api/0.6/map?bbox=73.066,19.044,73.074,19.052"
      },
      "geometry": {
        "type": "Polygon",
        "coordinates": [
          [
            [
              73.0662547,
              19.0454999
            ],
            [
              73.0663398,
              19.0454895
            ],
            [
              73.0663268,
              19.0453945
            ],
            [
              73.0662417,
              19.0454049
            ],
            [
              73.0662547,
              19.0454999
            ]
          ]
        ]
      }
    },
    {
      "type": "Feature",
      "properties": {
        "osm_way_id": 353813271,
        "building_type": "yes",
        "name": null,
        "height_m": 6.0,
        "height_source": "display fallback; OSM height unavailable",
        "building_levels": null,
        "source_dataset": "OpenStreetMap",
        "source_license": "ODbL 1.0",
        "source_extract": "https://api.openstreetmap.org/api/0.6/map?bbox=73.066,19.044,73.074,19.052"
      },
      "geometry": {
        "type": "Polygon",
        "coordinates": [
          [
            [
              73.0658683,
              19.0453151
            ],
            [
              73.0661495,
              19.0452807
            ],
            [
              73.0661403,
              19.0452134
            ],
            [
              73.0658591,
              19.0452478
            ],
            [
              73.0658683,
              19.0453151
            ]
          ]
        ]
      }
    },
    {
      "type": "Feature",
      "properties": {
        "osm_way_id": 353813273,
        "building_type": "yes",
        "name": null,
        "height_m": 6.0,
        "height_source": "display fallback; OSM height unavailable",
        "building_levels": null,
        "source_dataset": "OpenStreetMap",
        "source_license": "ODbL 1.0",
        "source_extract": "https://api.openstreetmap.org/api/0.6/map?bbox=73.066,19.044,73.074,19.052"
      },
      "geometry": {
        "type": "Polygon",
        "coordinates": [
          [
            [
              73.0670017,
              19.0465078
            ],
            [
              73.0671219,
              19.046494
            ],
            [
              73.0671053,
              19.0463641
            ],
            [
              73.0671852,
              19.046355
            ],
            [
              73.0671761,
              19.0462842
            ],
            [
              73.0672115,
              19.0462802
            ],
            [
              73.0672197,
              19.0463437
            ],
            [
              73.0672492,
              19.0463403
            ],
            [
              73.0672517,
              19.0463592
            ],
            [
              73.0672894,
              19.0463549
            ],
            [
              73.0672855,
              19.0463249
            ],
            [
              73.0673393,
              19.0463188
            ],
            [
              73.0673434,
              19.0463507
            ],
            [
              73.0673861,
              19.0463458
            ],
            [
              73.0673796,
              19.0462952
            ],
            [
              73.0674525,
              19.0462869
            ],
            [
              73.067459,
              19.0463375
            ],
            [
              73.0675118,
              19.0463314
            ],
            [
              73.067507,
              19.0462945
            ],
            [
              73.0675649,
              19.0462879
            ],
            [
              73.0675692,
              19.0463215
            ],
            [
              73.0677832,
              19.0462971
            ],
            [
              73.0677587,
              19.0461061
            ],
            [
              73.0676373,
              19.04612
            ],
            [
              73.0676434,
              19.0461673
            ],
            [
              73.0675541,
              19.0461775
            ],
            [
              73.0675481,
              19.0461302
            ],
            [
              73.0675173,
              19.0461338
            ],
            [
              73.0675198,
              19.0461529
            ],
            [
              73.0674845,
              19.046157
            ],
            [
              73.067482,
              19.0461378
            ],
            [
              73.0674204,
              19.0461448
            ],
            [
              73.0674237,
              19.0461711
            ],
            [
              73.0673875,
              19.0461753
            ],
            [
              73.0673841,
              19.046149
            ],
            [
              73.067205,
              19.0461695
            ],
            [
              73.0672077,
              19.0461911
            ],
            [
              73.0671604,
              19.0461965
            ],
            [
              73.0671576,
              19.0461749
            ],
            [
              73.0670554,
              19.0461866
            ],
            [
              73.0670775,
              19.046359
            ],
            [
              73.066984,
              19.0463697
            ],
            [
              73.0670017,
              19.0465078
            ]
          ]
        ]
      }
    },
    {
      "type": "Feature",
      "properties": {
        "osm_way_id": 353813274,
        "building_type": "yes",
        "name": null,
        "height_m": 6.0,
        "height_source": "display fallback; OSM height unavailable",
        "building_levels": null,
        "source_dataset": "OpenStreetMap",
        "source_license": "ODbL 1.0",
        "source_extract": "https://api.openstreetmap.org/api/0.6/map?bbox=73.066,19.044,73.074,19.052"
      },
      "geometry": {
        "type": "Polygon",
        "coordinates": [
          [
            [
              73.0669305,
              19.0467459
            ],
            [
              73.0668658,
              19.0467527
            ],
            [
              73.0668671,
              19.0467635
            ],
            [
              73.0668172,
              19.0467687
            ],
            [
              73.0668206,
              19.0467973
            ],
            [
              73.0667833,
              19.0468012
            ],
            [
              73.0667817,
              19.0467876
            ],
            [
              73.0666064,
              19.0468061
            ],
            [
              73.0666083,
              19.0468226
            ],
            [
              73.0664895,
              19.0468351
            ],
            [
              73.066488,
              19.0468222
            ],
            [
              73.0663179,
              19.0468401
            ],
            [
              73.066319,
              19.0468496
            ],
            [
              73.066289,
              19.0468528
            ],
            [
              73.0662853,
              19.0468216
            ],
            [
              73.0661541,
              19.0468355
            ],
            [
              73.0661597,
              19.0468832
            ],
            [
              73.0661738,
              19.0468818
            ],
            [
              73.0661823,
              19.0469544
            ],
            [
              73.0661697,
              19.0469557
            ],
            [
              73.0661763,
              19.0470112
            ],
            [
              73.0662682,
              19.0470015
            ],
            [
              73.0662619,
              19.0469478
            ],
            [
              73.0663031,
              19.0469434
            ],
            [
              73.0663074,
              19.0469799
            ],
            [
              73.066329,
              19.0469777
            ],
            [
              73.0663246,
              19.0469405
            ],
            [
              73.0663983,
              19.0469328
            ],
            [
              73.066395,
              19.0469048
            ],
            [
              73.0664426,
              19.0468998
            ],
            [
              73.0664469,
              19.0469361
            ],
            [
              73.0666784,
              19.0469117
            ],
            [
              73.0666729,
              19.0468647
            ],
            [
              73.0667181,
              19.0468599
            ],
            [
              73.0667217,
              19.0468905
            ],
            [
              73.0668218,
              19.04688
            ],
            [
              73.0668266,
              19.0469204
            ],
            [
              73.0668845,
              19.0469143
            ],
            [
              73.066886,
              19.0469269
            ],
            [
              73.066951,
              19.04692
            ],
            [
              73.0669449,
              19.0468684
            ],
            [
              73.0669273,
              19.0468702
            ],
            [
              73.0669192,
              19.0468018
            ],
            [
              73.0669368,
              19.0468
            ],
            [
              73.0669305,
              19.0467459
            ]
          ]
        ]
      }
    },
    {
      "type": "Feature",
      "properties": {
        "osm_way_id": 353813276,
        "building_type": "yes",
        "name": null,
        "height_m": 6.0,
        "height_source": "display fallback; OSM height unavailable",
        "building_levels": null,
        "source_dataset": "OpenStreetMap",
        "source_license": "ODbL 1.0",
        "source_extract": "https://api.openstreetmap.org/api/0.6/map?bbox=73.066,19.044,73.074,19.052"
      },
      "geometry": {
        "type": "Polygon",
        "coordinates": [
          [
            [
              73.0659802,
              19.0475286
            ],
            [
              73.0660775,
              19.0475179
            ],
            [
              73.0660719,
              19.0474726
            ],
            [
              73.0660972,
              19.0474698
            ],
            [
              73.066074,
              19.0472817
            ],
            [
              73.0660155,
              19.0472882
            ],
            [
              73.0660202,
              19.0473261
            ],
            [
              73.0659562,
              19.0473332
            ],
            [
              73.0659802,
              19.0475286
            ]
          ]
        ]
      }
    },
    {
      "type": "Feature",
      "properties": {
        "osm_way_id": 353813277,
        "building_type": "yes",
        "name": null,
        "height_m": 6.0,
        "height_source": "display fallback; OSM height unavailable",
        "building_levels": null,
        "source_dataset": "OpenStreetMap",
        "source_license": "ODbL 1.0",
        "source_extract": "https://api.openstreetmap.org/api/0.6/map?bbox=73.066,19.044,73.074,19.052"
      },
      "geometry": {
        "type": "Polygon",
        "coordinates": [
          [
            [
              73.0702265,
              19.0463686
            ],
            [
              73.0702685,
              19.0463638
            ],
            [
              73.0702662,
              19.0463458
            ],
            [
              73.0702828,
              19.0463439
            ],
            [
              73.0702851,
              19.0463619
            ],
            [
              73.0703309,
              19.0463567
            ],
            [
              73.0703101,
              19.0461942
            ],
            [
              73.0702651,
              19.0461993
            ],
            [
              73.0702678,
              19.0462202
            ],
            [
              73.0702456,
              19.0462227
            ],
            [
              73.0702429,
              19.0462018
            ],
            [
              73.0702057,
              19.0462061
            ],
            [
              73.0702265,
              19.0463686
            ]
          ]
        ]
      }
    },
    {
      "type": "Feature",
      "properties": {
        "osm_way_id": 353813279,
        "building_type": "yes",
        "name": null,
        "height_m": 6.0,
        "height_source": "display fallback; OSM height unavailable",
        "building_levels": null,
        "source_dataset": "OpenStreetMap",
        "source_license": "ODbL 1.0",
        "source_extract": "https://api.openstreetmap.org/api/0.6/map?bbox=73.066,19.044,73.074,19.052"
      },
      "geometry": {
        "type": "Polygon",
        "coordinates": [
          [
            [
              73.0667142,
              19.0463296
            ],
            [
              73.0669514,
              19.0463019
            ],
            [
              73.066933,
              19.0461612
            ],
            [
              73.0668501,
              19.0461709
            ],
            [
              73.0668533,
              19.0461951
            ],
            [
              73.0668285,
              19.0461979
            ],
            [
              73.0668253,
              19.0461738
            ],
            [
              73.0666958,
              19.046189
            ],
            [
              73.0667142,
              19.0463296
            ]
          ]
        ]
      }
    },
    {
      "type": "Feature",
      "properties": {
        "osm_way_id": 353813281,
        "building_type": "yes",
        "name": null,
        "height_m": 6.0,
        "height_source": "display fallback; OSM height unavailable",
        "building_levels": null,
        "source_dataset": "OpenStreetMap",
        "source_license": "ODbL 1.0",
        "source_extract": "https://api.openstreetmap.org/api/0.6/map?bbox=73.066,19.044,73.074,19.052"
      },
      "geometry": {
        "type": "Polygon",
        "coordinates": [
          [
            [
              73.0671987,
              19.0460339
            ],
            [
              73.0672829,
              19.0460241
            ],
            [
              73.067259,
              19.0458417
            ],
            [
              73.0671746,
              19.0458516
            ],
            [
              73.0671798,
              19.0458919
            ],
            [
              73.0671689,
              19.0458932
            ],
            [
              73.0671809,
              19.0459851
            ],
            [
              73.0671921,
              19.0459838
            ],
            [
              73.0671987,
              19.0460339
            ]
          ]
        ]
      }
    },
    {
      "type": "Feature",
      "properties": {
        "osm_way_id": 353826200,
        "building_type": "yes",
        "name": null,
        "height_m": 6.0,
        "height_source": "display fallback; OSM height unavailable",
        "building_levels": null,
        "source_dataset": "OpenStreetMap",
        "source_license": "ODbL 1.0",
        "source_extract": "https://api.openstreetmap.org/api/0.6/map?bbox=73.066,19.044,73.074,19.052"
      },
      "geometry": {
        "type": "Polygon",
        "coordinates": [
          [
            [
              73.0719768,
              19.0442799
            ],
            [
              73.0721554,
              19.0442616
            ],
            [
              73.0721493,
              19.044208
            ],
            [
              73.0721313,
              19.0442098
            ],
            [
              73.072128,
              19.0441809
            ],
            [
              73.0721396,
              19.0441797
            ],
            [
              73.0721335,
              19.0441264
            ],
            [
              73.0719878,
              19.0441413
            ],
            [
              73.0719929,
              19.044186
            ],
            [
              73.0719663,
              19.0441887
            ],
            [
              73.0719768,
              19.0442799
            ]
          ]
        ]
      }
    },
    {
      "type": "Feature",
      "properties": {
        "osm_way_id": 353826202,
        "building_type": "yes",
        "name": null,
        "height_m": 6.0,
        "height_source": "display fallback; OSM height unavailable",
        "building_levels": null,
        "source_dataset": "OpenStreetMap",
        "source_license": "ODbL 1.0",
        "source_extract": "https://api.openstreetmap.org/api/0.6/map?bbox=73.066,19.044,73.074,19.052"
      },
      "geometry": {
        "type": "Polygon",
        "coordinates": [
          [
            [
              73.0716138,
              19.0468898
            ],
            [
              73.0716467,
              19.0468882
            ],
            [
              73.0716495,
              19.0469415
            ],
            [
              73.0717336,
              19.0469375
            ],
            [
              73.0717304,
              19.0468779
            ],
            [
              73.0717569,
              19.0468766
            ],
            [
              73.0717536,
              19.0468152
            ],
            [
              73.0716262,
              19.0468213
            ],
            [
              73.0716275,
              19.0468457
            ],
            [
              73.0716115,
              19.0468464
            ],
            [
              73.0716138,
              19.0468898
            ]
          ]
        ]
      }
    },
    {
      "type": "Feature",
      "properties": {
        "osm_way_id": 353826203,
        "building_type": "yes",
        "name": null,
        "height_m": 6.0,
        "height_source": "display fallback; OSM height unavailable",
        "building_levels": null,
        "source_dataset": "OpenStreetMap",
        "source_license": "ODbL 1.0",
        "source_extract": "https://api.openstreetmap.org/api/0.6/map?bbox=73.066,19.044,73.074,19.052"
      },
      "geometry": {
        "type": "Polygon",
        "coordinates": [
          [
            [
              73.0713104,
              19.0466288
            ],
            [
              73.0714726,
              19.0466076
            ],
            [
              73.0714683,
              19.0465779
            ],
            [
              73.0715073,
              19.0465728
            ],
            [
              73.0715052,
              19.0465584
            ],
            [
              73.071498,
              19.0465593
            ],
            [
              73.0714913,
              19.0465137
            ],
            [
              73.0715071,
              19.0465116
            ],
            [
              73.0715043,
              19.0464928
            ],
            [
              73.0712946,
              19.0465202
            ],
            [
              73.0713104,
              19.0466288
            ]
          ]
        ]
      }
    },
    {
      "type": "Feature",
      "properties": {
        "osm_way_id": 353826207,
        "building_type": "yes",
        "name": null,
        "height_m": 6.0,
        "height_source": "display fallback; OSM height unavailable",
        "building_levels": null,
        "source_dataset": "OpenStreetMap",
        "source_license": "ODbL 1.0",
        "source_extract": "https://api.openstreetmap.org/api/0.6/map?bbox=73.066,19.044,73.074,19.052"
      },
      "geometry": {
        "type": "Polygon",
        "coordinates": [
          [
            [
              73.0716268,
              19.0442072
            ],
            [
              73.0717732,
              19.0442178
            ],
            [
              73.0717784,
              19.0441542
            ],
            [
              73.071765,
              19.0441532
            ],
            [
              73.0717669,
              19.04413
            ],
            [
              73.0717212,
              19.0441267
            ],
            [
              73.0717224,
              19.0441117
            ],
            [
              73.0716449,
              19.0441061
            ],
            [
              73.0716432,
              19.0441268
            ],
            [
              73.0716334,
              19.0441261
            ],
            [
              73.0716268,
              19.0442072
            ]
          ]
        ]
      }
    },
    {
      "type": "Feature",
      "properties": {
        "osm_way_id": 353826211,
        "building_type": "yes",
        "name": null,
        "height_m": 6.0,
        "height_source": "display fallback; OSM height unavailable",
        "building_levels": null,
        "source_dataset": "OpenStreetMap",
        "source_license": "ODbL 1.0",
        "source_extract": "https://api.openstreetmap.org/api/0.6/map?bbox=73.066,19.044,73.074,19.052"
      },
      "geometry": {
        "type": "Polygon",
        "coordinates": [
          [
            [
              73.0713698,
              19.0469694
            ],
            [
              73.0714165,
              19.0469633
            ],
            [
              73.071414,
              19.0469459
            ],
            [
              73.0714853,
              19.0469366
            ],
            [
              73.0714878,
              19.046954
            ],
            [
              73.0715528,
              19.0469455
            ],
            [
              73.0715432,
              19.04688
            ],
            [
              73.0715169,
              19.0468834
            ],
            [
              73.0715086,
              19.0468264
            ],
            [
              73.0715349,
              19.046823
            ],
            [
              73.0715264,
              19.046765
            ],
            [
              73.0713434,
              19.0467888
            ],
            [
              73.0713698,
              19.0469694
            ]
          ]
        ]
      }
    },
    {
      "type": "Feature",
      "properties": {
        "osm_way_id": 353826220,
        "building_type": "yes",
        "name": null,
        "height_m": 6.0,
        "height_source": "display fallback; OSM height unavailable",
        "building_levels": null,
        "source_dataset": "OpenStreetMap",
        "source_license": "ODbL 1.0",
        "source_extract": "https://api.openstreetmap.org/api/0.6/map?bbox=73.066,19.044,73.074,19.052"
      },
      "geometry": {
        "type": "Polygon",
        "coordinates": [
          [
            [
              73.0712983,
              19.0464527
            ],
            [
              73.0713722,
              19.0464394
            ],
            [
              73.0713659,
              19.046408
            ],
            [
              73.0713857,
              19.0464045
            ],
            [
              73.071392,
              19.0464359
            ],
            [
              73.0714911,
              19.0464181
            ],
            [
              73.0714853,
              19.0463891
            ],
            [
              73.0715186,
              19.0463831
            ],
            [
              73.0715085,
              19.0463327
            ],
            [
              73.071474,
              19.0463389
            ],
            [
              73.0714713,
              19.0463254
            ],
            [
              73.0712796,
              19.0463598
            ],
            [
              73.0712983,
              19.0464527
            ]
          ]
        ]
      }
    },
    {
      "type": "Feature",
      "properties": {
        "osm_way_id": 353826223,
        "building_type": "yes",
        "name": null,
        "height_m": 6.0,
        "height_source": "display fallback; OSM height unavailable",
        "building_levels": null,
        "source_dataset": "OpenStreetMap",
        "source_license": "ODbL 1.0",
        "source_extract": "https://api.openstreetmap.org/api/0.6/map?bbox=73.066,19.044,73.074,19.052"
      },
      "geometry": {
        "type": "Polygon",
        "coordinates": [
          [
            [
              73.0723294,
              19.045235
            ],
            [
              73.0724174,
              19.0452268
            ],
            [
              73.0724143,
              19.0451967
            ],
            [
              73.0725097,
              19.0451879
            ],
            [
              73.0725123,
              19.0452131
            ],
            [
              73.072594,
              19.0452056
            ],
            [
              73.0725756,
              19.0450274
            ],
            [
              73.0724868,
              19.0450356
            ],
            [
              73.0724905,
              19.0450713
            ],
            [
              73.0724036,
              19.0450794
            ],
            [
              73.0724004,
              19.0450484
            ],
            [
              73.072311,
              19.0450567
            ],
            [
              73.0723294,
              19.045235
            ]
          ]
        ]
      }
    },
    {
      "type": "Feature",
      "properties": {
        "osm_way_id": 353826225,
        "building_type": "yes",
        "name": null,
        "height_m": 6.0,
        "height_source": "display fallback; OSM height unavailable",
        "building_levels": null,
        "source_dataset": "OpenStreetMap",
        "source_license": "ODbL 1.0",
        "source_extract": "https://api.openstreetmap.org/api/0.6/map?bbox=73.066,19.044,73.074,19.052"
      },
      "geometry": {
        "type": "Polygon",
        "coordinates": [
          [
            [
              73.0708701,
              19.0469783
            ],
            [
              73.0710325,
              19.0469589
            ],
            [
              73.0710285,
              19.0469294
            ],
            [
              73.0710595,
              19.0469257
            ],
            [
              73.0710634,
              19.0469552
            ],
            [
              73.0711431,
              19.0469456
            ],
            [
              73.0711267,
              19.0468229
            ],
            [
              73.0709959,
              19.0468386
            ],
            [
              73.0709996,
              19.0468666
            ],
            [
              73.0709589,
              19.0468715
            ],
            [
              73.0709551,
              19.0468435
            ],
            [
              73.0708851,
              19.0468519
            ],
            [
              73.0708932,
              19.046912
            ],
            [
              73.0708617,
              19.0469158
            ],
            [
              73.0708701,
              19.0469783
            ]
          ]
        ]
      }
    },
    {
      "type": "Feature",
      "properties": {
        "osm_way_id": 353826226,
        "building_type": "yes",
        "name": null,
        "height_m": 6.0,
        "height_source": "display fallback; OSM height unavailable",
        "building_levels": null,
        "source_dataset": "OpenStreetMap",
        "source_license": "ODbL 1.0",
        "source_extract": "https://api.openstreetmap.org/api/0.6/map?bbox=73.066,19.044,73.074,19.052"
      },
      "geometry": {
        "type": "Polygon",
        "coordinates": [
          [
            [
              73.0721848,
              19.0445297
            ],
            [
              73.0723512,
              19.0445127
            ],
            [
              73.0723439,
              19.0444491
            ],
            [
              73.0723979,
              19.0444436
            ],
            [
              73.0723847,
              19.0443284
            ],
            [
              73.0721643,
              19.0443509
            ],
            [
              73.0721678,
              19.0443811
            ],
            [
              73.0721862,
              19.0443792
            ],
            [
              73.0721885,
              19.044399
            ],
            [
              73.0721988,
              19.044398
            ],
            [
              73.0722011,
              19.0444178
            ],
            [
              73.0721907,
              19.0444188
            ],
            [
              73.0721977,
              19.0444802
            ],
            [
              73.0721793,
              19.0444821
            ],
            [
              73.0721848,
              19.0445297
            ]
          ]
        ]
      }
    },
    {
      "type": "Feature",
      "properties": {
        "osm_way_id": 353826229,
        "building_type": "yes",
        "name": null,
        "height_m": 6.0,
        "height_source": "display fallback; OSM height unavailable",
        "building_levels": null,
        "source_dataset": "OpenStreetMap",
        "source_license": "ODbL 1.0",
        "source_extract": "https://api.openstreetmap.org/api/0.6/map?bbox=73.066,19.044,73.074,19.052"
      },
      "geometry": {
        "type": "Polygon",
        "coordinates": [
          [
            [
              73.0717946,
              19.0469341
            ],
            [
              73.0719691,
              19.046919
            ],
            [
              73.0719558,
              19.0467815
            ],
            [
              73.0719321,
              19.0467835
            ],
            [
              73.0719286,
              19.0467475
            ],
            [
              73.07194,
              19.0467465
            ],
            [
              73.0719368,
              19.0467136
            ],
            [
              73.0719246,
              19.0467146
            ],
            [
              73.0719216,
              19.0466831
            ],
            [
              73.0718418,
              19.0466899
            ],
            [
              73.0718489,
              19.0467636
            ],
            [
              73.071862,
              19.0467624
            ],
            [
              73.0718651,
              19.0467942
            ],
            [
              73.071877,
              19.0467932
            ],
            [
              73.0718808,
              19.046833
            ],
            [
              73.0717856,
              19.0468412
            ],
            [
              73.0717946,
              19.0469341
            ]
          ]
        ]
      }
    },
    {
      "type": "Feature",
      "properties": {
        "osm_way_id": 353826230,
        "building_type": "yes",
        "name": null,
        "height_m": 6.0,
        "height_source": "display fallback; OSM height unavailable",
        "building_levels": null,
        "source_dataset": "OpenStreetMap",
        "source_license": "ODbL 1.0",
        "source_extract": "https://api.openstreetmap.org/api/0.6/map?bbox=73.066,19.044,73.074,19.052"
      },
      "geometry": {
        "type": "Polygon",
        "coordinates": [
          [
            [
              73.0703727,
              19.0470588
            ],
            [
              73.0704165,
              19.0470535
            ],
            [
              73.0704191,
              19.047073
            ],
            [
              73.0705101,
              19.0470622
            ],
            [
              73.0705082,
              19.0470481
            ],
            [
              73.0706065,
              19.0470364
            ],
            [
              73.0706084,
              19.0470504
            ],
            [
              73.0707404,
              19.0470346
            ],
            [
              73.070715,
              19.0468444
            ],
            [
              73.0706367,
              19.0468538
            ],
            [
              73.0706419,
              19.0468933
            ],
            [
              73.0706132,
              19.0468967
            ],
            [
              73.0706079,
              19.0468572
            ],
            [
              73.0703694,
              19.0468858
            ],
            [
              73.0703839,
              19.0469937
            ],
            [
              73.0703643,
              19.046996
            ],
            [
              73.0703727,
              19.0470588
            ]
          ]
        ]
      }
    },
    {
      "type": "Feature",
      "properties": {
        "osm_way_id": 353826232,
        "building_type": "yes",
        "name": null,
        "height_m": 6.0,
        "height_source": "display fallback; OSM height unavailable",
        "building_levels": null,
        "source_dataset": "OpenStreetMap",
        "source_license": "ODbL 1.0",
        "source_extract": "https://api.openstreetmap.org/api/0.6/map?bbox=73.066,19.044,73.074,19.052"
      },
      "geometry": {
        "type": "Polygon",
        "coordinates": [
          [
            [
              73.0708451,
              19.046793
            ],
            [
              73.0709267,
              19.0467823
            ],
            [
              73.0709239,
              19.0467629
            ],
            [
              73.0709632,
              19.0467578
            ],
            [
              73.0709656,
              19.0467739
            ],
            [
              73.0710414,
              19.0467639
            ],
            [
              73.0710383,
              19.0467427
            ],
            [
              73.0710651,
              19.0467392
            ],
            [
              73.0710687,
              19.0467637
            ],
            [
              73.0711952,
              19.0467471
            ],
            [
              73.0711714,
              19.0465849
            ],
            [
              73.0710565,
              19.0465999
            ],
            [
              73.0710593,
              19.0466196
            ],
            [
              73.0710313,
              19.0466233
            ],
            [
              73.0710284,
              19.0466036
            ],
            [
              73.0709449,
              19.0466146
            ],
            [
              73.0709471,
              19.0466294
            ],
            [
              73.070908,
              19.0466345
            ],
            [
              73.0709058,
              19.0466197
            ],
            [
              73.0708213,
              19.0466308
            ],
            [
              73.0708451,
              19.046793
            ]
          ]
        ]
      }
    },
    {
      "type": "Feature",
      "properties": {
        "osm_way_id": 353826233,
        "building_type": "yes",
        "name": null,
        "height_m": 6.0,
        "height_source": "display fallback; OSM height unavailable",
        "building_levels": null,
        "source_dataset": "OpenStreetMap",
        "source_license": "ODbL 1.0",
        "source_extract": "https://api.openstreetmap.org/api/0.6/map?bbox=73.066,19.044,73.074,19.052"
      },
      "geometry": {
        "type": "Polygon",
        "coordinates": [
          [
            [
              73.0720584,
              19.046036
            ],
            [
              73.0720901,
              19.0460331
            ],
            [
              73.0720892,
              19.0460239
            ],
            [
              73.0721372,
              19.0460195
            ],
            [
              73.0721382,
              19.0460286
            ],
            [
              73.0721866,
              19.0460241
            ],
            [
              73.0721814,
              19.0459737
            ],
            [
              73.0721758,
              19.0459742
            ],
            [
              73.0721739,
              19.0459564
            ],
            [
              73.0721593,
              19.0459578
            ],
            [
              73.0721506,
              19.0458748
            ],
            [
              73.0721709,
              19.0458729
            ],
            [
              73.0721619,
              19.0457864
            ],
            [
              73.0720277,
              19.0457989
            ],
            [
              73.0720361,
              19.0458788
            ],
            [
              73.0720802,
              19.0458746
            ],
            [
              73.072084,
              19.0459115
            ],
            [
              73.0721025,
              19.0459097
            ],
            [
              73.072105,
              19.0459331
            ],
            [
              73.0720865,
              19.0459349
            ],
            [
              73.072088,
              19.0459498
            ],
            [
              73.0720498,
              19.0459534
            ],
            [
              73.0720584,
              19.046036
            ]
          ]
        ]
      }
    },
    {
      "type": "Feature",
      "properties": {
        "osm_way_id": 353826234,
        "building_type": "yes",
        "name": null,
        "height_m": 6.0,
        "height_source": "display fallback; OSM height unavailable",
        "building_levels": null,
        "source_dataset": "OpenStreetMap",
        "source_license": "ODbL 1.0",
        "source_extract": "https://api.openstreetmap.org/api/0.6/map?bbox=73.066,19.044,73.074,19.052"
      },
      "geometry": {
        "type": "Polygon",
        "coordinates": [
          [
            [
              73.072318,
              19.0449336
            ],
            [
              73.0723912,
              19.0449269
            ],
            [
              73.0723939,
              19.0449526
            ],
            [
              73.0724209,
              19.0449501
            ],
            [
              73.0724186,
              19.0449281
            ],
            [
              73.0724546,
              19.0449248
            ],
            [
              73.0724521,
              19.0449009
            ],
            [
              73.0725088,
              19.0448956
            ],
            [
              73.0725109,
              19.0449163
            ],
            [
              73.0725477,
              19.0449129
            ],
            [
              73.0725504,
              19.0449382
            ],
            [
              73.07258,
              19.0449355
            ],
            [
              73.0725763,
              19.0449
            ],
            [
              73.0726268,
              19.0448953
            ],
            [
              73.0726188,
              19.044818
            ],
            [
              73.0725732,
              19.0448222
            ],
            [
              73.0725706,
              19.044797
            ],
            [
              73.0725021,
              19.0448034
            ],
            [
              73.072505,
              19.0448319
            ],
            [
              73.0724406,
              19.0448379
            ],
            [
              73.0724382,
              19.0448149
            ],
            [
              73.072307,
              19.044827
            ],
            [
              73.072318,
              19.0449336
            ]
          ]
        ]
      }
    },
    {
      "type": "Feature",
      "properties": {
        "osm_way_id": 353826236,
        "building_type": "yes",
        "name": null,
        "height_m": 6.0,
        "height_source": "display fallback; OSM height unavailable",
        "building_levels": null,
        "source_dataset": "OpenStreetMap",
        "source_license": "ODbL 1.0",
        "source_extract": "https://api.openstreetmap.org/api/0.6/map?bbox=73.066,19.044,73.074,19.052"
      },
      "geometry": {
        "type": "Polygon",
        "coordinates": [
          [
            [
              73.0706583,
              19.0459763
            ],
            [
              73.0707457,
              19.0459622
            ],
            [
              73.0707249,
              19.0458472
            ],
            [
              73.0706375,
              19.0458613
            ],
            [
              73.0706583,
              19.0459763
            ]
          ]
        ]
      }
    },
    {
      "type": "Feature",
      "properties": {
        "osm_way_id": 353826237,
        "building_type": "yes",
        "name": null,
        "height_m": 6.0,
        "height_source": "display fallback; OSM height unavailable",
        "building_levels": null,
        "source_dataset": "OpenStreetMap",
        "source_license": "ODbL 1.0",
        "source_extract": "https://api.openstreetmap.org/api/0.6/map?bbox=73.066,19.044,73.074,19.052"
      },
      "geometry": {
        "type": "Polygon",
        "coordinates": [
          [
            [
              73.0713113,
              19.045715
            ],
            [
              73.0713809,
              19.0457005
            ],
            [
              73.0713609,
              19.0456154
            ],
            [
              73.0712914,
              19.04563
            ],
            [
              73.0713113,
              19.045715
            ]
          ]
        ]
      }
    },
    {
      "type": "Feature",
      "properties": {
        "osm_way_id": 353826239,
        "building_type": "yes",
        "name": null,
        "height_m": 6.0,
        "height_source": "display fallback; OSM height unavailable",
        "building_levels": null,
        "source_dataset": "OpenStreetMap",
        "source_license": "ODbL 1.0",
        "source_extract": "https://api.openstreetmap.org/api/0.6/map?bbox=73.066,19.044,73.074,19.052"
      },
      "geometry": {
        "type": "Polygon",
        "coordinates": [
          [
            [
              73.0711835,
              19.0451386
            ],
            [
              73.0712531,
              19.0450882
            ],
            [
              73.0711964,
              19.0450182
            ],
            [
              73.0711268,
              19.0450686
            ],
            [
              73.0711835,
              19.0451386
            ]
          ]
        ]
      }
    },
    {
      "type": "Feature",
      "properties": {
        "osm_way_id": 353826240,
        "building_type": "yes",
        "name": null,
        "height_m": 6.0,
        "height_source": "display fallback; OSM height unavailable",
        "building_levels": null,
        "source_dataset": "OpenStreetMap",
        "source_license": "ODbL 1.0",
        "source_extract": "https://api.openstreetmap.org/api/0.6/map?bbox=73.066,19.044,73.074,19.052"
      },
      "geometry": {
        "type": "Polygon",
        "coordinates": [
          [
            [
              73.0719723,
              19.044534
            ],
            [
              73.0721564,
              19.0445119
            ],
            [
              73.0721313,
              19.0443246
            ],
            [
              73.0719471,
              19.0443467
            ],
            [
              73.0719723,
              19.044534
            ]
          ]
        ]
      }
    },
    {
      "type": "Feature",
      "properties": {
        "osm_way_id": 353826241,
        "building_type": "yes",
        "name": null,
        "height_m": 6.0,
        "height_source": "display fallback; OSM height unavailable",
        "building_levels": null,
        "source_dataset": "OpenStreetMap",
        "source_license": "ODbL 1.0",
        "source_extract": "https://api.openstreetmap.org/api/0.6/map?bbox=73.066,19.044,73.074,19.052"
      },
      "geometry": {
        "type": "Polygon",
        "coordinates": [
          [
            [
              73.0706002,
              19.0452446
            ],
            [
              73.0707453,
              19.04522
            ],
            [
              73.0707261,
              19.0451185
            ],
            [
              73.0705809,
              19.045143
            ],
            [
              73.0706002,
              19.0452446
            ]
          ]
        ]
      }
    },
    {
      "type": "Feature",
      "properties": {
        "osm_way_id": 353826245,
        "building_type": "yes",
        "name": null,
        "height_m": 6.0,
        "height_source": "display fallback; OSM height unavailable",
        "building_levels": null,
        "source_dataset": "OpenStreetMap",
        "source_license": "ODbL 1.0",
        "source_extract": "https://api.openstreetmap.org/api/0.6/map?bbox=73.066,19.044,73.074,19.052"
      },
      "geometry": {
        "type": "Polygon",
        "coordinates": [
          [
            [
              73.0706731,
              19.045843
            ],
            [
              73.0707522,
              19.0458303
            ],
            [
              73.0707312,
              19.0457136
            ],
            [
              73.070652,
              19.0457264
            ],
            [
              73.0706731,
              19.045843
            ]
          ]
        ]
      }
    },
    {
      "type": "Feature",
      "properties": {
        "osm_way_id": 353826247,
        "building_type": "yes",
        "name": null,
        "height_m": 6.0,
        "height_source": "display fallback; OSM height unavailable",
        "building_levels": null,
        "source_dataset": "OpenStreetMap",
        "source_license": "ODbL 1.0",
        "source_extract": "https://api.openstreetmap.org/api/0.6/map?bbox=73.066,19.044,73.074,19.052"
      },
      "geometry": {
        "type": "Polygon",
        "coordinates": [
          [
            [
              73.0702395,
              19.0461377
            ],
            [
              73.0704236,
              19.0461166
            ],
            [
              73.0704057,
              19.0459769
            ],
            [
              73.0702216,
              19.0459979
            ],
            [
              73.0702395,
              19.0461377
            ]
          ]
        ]
      }
    },
    {
      "type": "Feature",
      "properties": {
        "osm_way_id": 353826249,
        "building_type": "yes",
        "name": null,
        "height_m": 6.0,
        "height_source": "display fallback; OSM height unavailable",
        "building_levels": null,
        "source_dataset": "OpenStreetMap",
        "source_license": "ODbL 1.0",
        "source_extract": "https://api.openstreetmap.org/api/0.6/map?bbox=73.066,19.044,73.074,19.052"
      },
      "geometry": {
        "type": "Polygon",
        "coordinates": [
          [
            [
              73.0724286,
              19.0444323
            ],
            [
              73.0725966,
              19.0444151
            ],
            [
              73.0725836,
              19.0443012
            ],
            [
              73.0724156,
              19.0443184
            ],
            [
              73.0724286,
              19.0444323
            ]
          ]
        ]
      }
    },
    {
      "type": "Feature",
      "properties": {
        "osm_way_id": 353826251,
        "building_type": "yes",
        "name": null,
        "height_m": 6.0,
        "height_source": "display fallback; OSM height unavailable",
        "building_levels": null,
        "source_dataset": "OpenStreetMap",
        "source_license": "ODbL 1.0",
        "source_extract": "https://api.openstreetmap.org/api/0.6/map?bbox=73.066,19.044,73.074,19.052"
      },
      "geometry": {
        "type": "Polygon",
        "coordinates": [
          [
            [
              73.0714496,
              19.0457643
            ],
            [
              73.0715496,
              19.0457389
            ],
            [
              73.0715284,
              19.0456646
            ],
            [
              73.0714285,
              19.04569
            ],
            [
              73.0714496,
              19.0457643
            ]
          ]
        ]
      }
    },
    {
      "type": "Feature",
      "properties": {
        "osm_way_id": 353826252,
        "building_type": "yes",
        "name": null,
        "height_m": 6.0,
        "height_source": "display fallback; OSM height unavailable",
        "building_levels": null,
        "source_dataset": "OpenStreetMap",
        "source_license": "ODbL 1.0",
        "source_extract": "https://api.openstreetmap.org/api/0.6/map?bbox=73.066,19.044,73.074,19.052"
      },
      "geometry": {
        "type": "Polygon",
        "coordinates": [
          [
            [
              73.0709338,
              19.0441847
            ],
            [
              73.0710196,
              19.0441907
            ],
            [
              73.0710321,
              19.0440308
            ],
            [
              73.0709463,
              19.0440248
            ],
            [
              73.0709338,
              19.0441847
            ]
          ]
        ]
      }
    },
    {
      "type": "Feature",
      "properties": {
        "osm_way_id": 353826254,
        "building_type": "yes",
        "name": null,
        "height_m": 6.0,
        "height_source": "display fallback; OSM height unavailable",
        "building_levels": null,
        "source_dataset": "OpenStreetMap",
        "source_license": "ODbL 1.0",
        "source_extract": "https://api.openstreetmap.org/api/0.6/map?bbox=73.066,19.044,73.074,19.052"
      },
      "geometry": {
        "type": "Polygon",
        "coordinates": [
          [
            [
              73.0720009,
              19.0469165
            ],
            [
              73.0720724,
              19.0469055
            ],
            [
              73.072056,
              19.0467698
            ],
            [
              73.0719876,
              19.046778
            ],
            [
              73.0720009,
              19.0469165
            ]
          ]
        ]
      }
    },
    {
      "type": "Feature",
      "properties": {
        "osm_way_id": 353826255,
        "building_type": "yes",
        "name": null,
        "height_m": 6.0,
        "height_source": "display fallback; OSM height unavailable",
        "building_levels": null,
        "source_dataset": "OpenStreetMap",
        "source_license": "ODbL 1.0",
        "source_extract": "https://api.openstreetmap.org/api/0.6/map?bbox=73.066,19.044,73.074,19.052"
      },
      "geometry": {
        "type": "Polygon",
        "coordinates": [
          [
            [
              73.0716358,
              19.0443974
            ],
            [
              73.0718111,
              19.0444039
            ],
            [
              73.0718149,
              19.0443132
            ],
            [
              73.0716395,
              19.0443068
            ],
            [
              73.0716358,
              19.0443974
            ]
          ]
        ]
      }
    },
    {
      "type": "Feature",
      "properties": {
        "osm_way_id": 353826256,
        "building_type": "yes",
        "name": null,
        "height_m": 6.0,
        "height_source": "display fallback; OSM height unavailable",
        "building_levels": null,
        "source_dataset": "OpenStreetMap",
        "source_license": "ODbL 1.0",
        "source_extract": "https://api.openstreetmap.org/api/0.6/map?bbox=73.066,19.044,73.074,19.052"
      },
      "geometry": {
        "type": "Polygon",
        "coordinates": [
          [
            [
              73.0709704,
              19.0456922
            ],
            [
              73.0710643,
              19.0456726
            ],
            [
              73.0710513,
              19.0456171
            ],
            [
              73.0709574,
              19.0456367
            ],
            [
              73.0709704,
              19.0456922
            ]
          ]
        ]
      }
    },
    {
      "type": "Feature",
      "properties": {
        "osm_way_id": 353826257,
        "building_type": "yes",
        "name": null,
        "height_m": 6.0,
        "height_source": "display fallback; OSM height unavailable",
        "building_levels": null,
        "source_dataset": "OpenStreetMap",
        "source_license": "ODbL 1.0",
        "source_extract": "https://api.openstreetmap.org/api/0.6/map?bbox=73.066,19.044,73.074,19.052"
      },
      "geometry": {
        "type": "Polygon",
        "coordinates": [
          [
            [
              73.0710858,
              19.0459931
            ],
            [
              73.0711745,
              19.0459786
            ],
            [
              73.0711495,
              19.0458415
            ],
            [
              73.0710608,
              19.0458559
            ],
            [
              73.0710858,
              19.0459931
            ]
          ]
        ]
      }
    },
    {
      "type": "Feature",
      "properties": {
        "osm_way_id": 353826258,
        "building_type": "yes",
        "name": null,
        "height_m": 6.0,
        "height_source": "display fallback; OSM height unavailable",
        "building_levels": null,
        "source_dataset": "OpenStreetMap",
        "source_license": "ODbL 1.0",
        "source_extract": "https://api.openstreetmap.org/api/0.6/map?bbox=73.066,19.044,73.074,19.052"
      },
      "geometry": {
        "type": "Polygon",
        "coordinates": [
          [
            [
              73.070738,
              19.0442455
            ],
            [
              73.0708471,
              19.0442332
            ],
            [
              73.0708337,
              19.0441269
            ],
            [
              73.0707246,
              19.0441392
            ],
            [
              73.070738,
              19.0442455
            ]
          ]
        ]
      }
    },
    {
      "type": "Feature",
      "properties": {
        "osm_way_id": 353826259,
        "building_type": "yes",
        "name": null,
        "height_m": 6.0,
        "height_source": "display fallback; OSM height unavailable",
        "building_levels": null,
        "source_dataset": "OpenStreetMap",
        "source_license": "ODbL 1.0",
        "source_extract": "https://api.openstreetmap.org/api/0.6/map?bbox=73.066,19.044,73.074,19.052"
      },
      "geometry": {
        "type": "Polygon",
        "coordinates": [
          [
            [
              73.07251,
              19.0457914
            ],
            [
              73.0726298,
              19.0457802
            ],
            [
              73.0726208,
              19.0456937
            ],
            [
              73.072501,
              19.0457049
            ],
            [
              73.07251,
              19.0457914
            ]
          ]
        ]
      }
    },
    {
      "type": "Feature",
      "properties": {
        "osm_way_id": 353826261,
        "building_type": "yes",
        "name": null,
        "height_m": 6.0,
        "height_source": "display fallback; OSM height unavailable",
        "building_levels": null,
        "source_dataset": "OpenStreetMap",
        "source_license": "ODbL 1.0",
        "source_extract": "https://api.openstreetmap.org/api/0.6/map?bbox=73.066,19.044,73.074,19.052"
      },
      "geometry": {
        "type": "Polygon",
        "coordinates": [
          [
            [
              73.0709261,
              19.0456031
            ],
            [
              73.071012,
              19.0455851
            ],
            [
              73.0709893,
              19.0454882
            ],
            [
              73.0709033,
              19.0455062
            ],
            [
              73.0709261,
              19.0456031
            ]
          ]
        ]
      }
    },
    {
      "type": "Feature",
      "properties": {
        "osm_way_id": 353826262,
        "building_type": "yes",
        "name": null,
        "height_m": 6.0,
        "height_source": "display fallback; OSM height unavailable",
        "building_levels": null,
        "source_dataset": "OpenStreetMap",
        "source_license": "ODbL 1.0",
        "source_extract": "https://api.openstreetmap.org/api/0.6/map?bbox=73.066,19.044,73.074,19.052"
      },
      "geometry": {
        "type": "Polygon",
        "coordinates": [
          [
            [
              73.070911,
              19.0446126
            ],
            [
              73.0710143,
              19.044594
            ],
            [
              73.0709941,
              19.0444936
            ],
            [
              73.0708908,
              19.0445122
            ],
            [
              73.070911,
              19.0446126
            ]
          ]
        ]
      }
    },
    {
      "type": "Feature",
      "properties": {
        "osm_way_id": 353826263,
        "building_type": "yes",
        "name": null,
        "height_m": 6.0,
        "height_source": "display fallback; OSM height unavailable",
        "building_levels": null,
        "source_dataset": "OpenStreetMap",
        "source_license": "ODbL 1.0",
        "source_extract": "https://api.openstreetmap.org/api/0.6/map?bbox=73.066,19.044,73.074,19.052"
      },
      "geometry": {
        "type": "Polygon",
        "coordinates": [
          [
            [
              73.0713931,
              19.0456815
            ],
            [
              73.0715471,
              19.0456492
            ],
            [
              73.0715123,
              19.0455007
            ],
            [
              73.0713583,
              19.045533
            ],
            [
              73.0713931,
              19.0456815
            ]
          ]
        ]
      }
    },
    {
      "type": "Feature",
      "properties": {
        "osm_way_id": 353826264,
        "building_type": "yes",
        "name": null,
        "height_m": 6.0,
        "height_source": "display fallback; OSM height unavailable",
        "building_levels": null,
        "source_dataset": "OpenStreetMap",
        "source_license": "ODbL 1.0",
        "source_extract": "https://api.openstreetmap.org/api/0.6/map?bbox=73.066,19.044,73.074,19.052"
      },
      "geometry": {
        "type": "Polygon",
        "coordinates": [
          [
            [
              73.0707469,
              19.044531
            ],
            [
              73.0708164,
              19.0445088
            ],
            [
              73.0707824,
              19.0444137
            ],
            [
              73.0707129,
              19.0444359
            ],
            [
              73.0707469,
              19.044531
            ]
          ]
        ]
      }
    },
    {
      "type": "Feature",
      "properties": {
        "osm_way_id": 353826267,
        "building_type": "yes",
        "name": null,
        "height_m": 6.0,
        "height_source": "display fallback; OSM height unavailable",
        "building_levels": null,
        "source_dataset": "OpenStreetMap",
        "source_license": "ODbL 1.0",
        "source_extract": "https://api.openstreetmap.org/api/0.6/map?bbox=73.066,19.044,73.074,19.052"
      },
      "geometry": {
        "type": "Polygon",
        "coordinates": [
          [
            [
              73.0709509,
              19.0454137
            ],
            [
              73.0710749,
              19.0453855
            ],
            [
              73.0710562,
              19.0453122
            ],
            [
              73.0709322,
              19.0453403
            ],
            [
              73.0709509,
              19.0454137
            ]
          ]
        ]
      }
    },
    {
      "type": "Feature",
      "properties": {
        "osm_way_id": 353826270,
        "building_type": "yes",
        "name": null,
        "height_m": 6.0,
        "height_source": "display fallback; OSM height unavailable",
        "building_levels": null,
        "source_dataset": "OpenStreetMap",
        "source_license": "ODbL 1.0",
        "source_extract": "https://api.openstreetmap.org/api/0.6/map?bbox=73.066,19.044,73.074,19.052"
      },
      "geometry": {
        "type": "Polygon",
        "coordinates": [
          [
            [
              73.071168,
              19.0444549
            ],
            [
              73.0713043,
              19.0444492
            ],
            [
              73.0712928,
              19.0442039
            ],
            [
              73.0711565,
              19.0442096
            ],
            [
              73.071168,
              19.0444549
            ]
          ]
        ]
      }
    },
    {
      "type": "Feature",
      "properties": {
        "osm_way_id": 353826271,
        "building_type": "yes",
        "name": null,
        "height_m": 6.0,
        "height_source": "display fallback; OSM height unavailable",
        "building_levels": null,
        "source_dataset": "OpenStreetMap",
        "source_license": "ODbL 1.0",
        "source_extract": "https://api.openstreetmap.org/api/0.6/map?bbox=73.066,19.044,73.074,19.052"
      },
      "geometry": {
        "type": "Polygon",
        "coordinates": [
          [
            [
              73.071522,
              19.0463535
            ],
            [
              73.0716947,
              19.0463547
            ],
            [
              73.0716909,
              19.046229
            ],
            [
              73.0715231,
              19.0462253
            ],
            [
              73.071522,
              19.0463535
            ]
          ]
        ]
      }
    },
    {
      "type": "Feature",
      "properties": {
        "osm_way_id": 353826272,
        "building_type": "yes",
        "name": "Maxus Cinema Hall",
        "height_m": 6.0,
        "height_source": "display fallback; OSM height unavailable",
        "building_levels": null,
        "source_dataset": "OpenStreetMap",
        "source_license": "ODbL 1.0",
        "source_extract": "https://api.openstreetmap.org/api/0.6/map?bbox=73.066,19.044,73.074,19.052"
      },
      "geometry": {
        "type": "Polygon",
        "coordinates": [
          [
            [
              73.0725613,
              19.0462424
            ],
            [
              73.0727117,
              19.0462284
            ],
            [
              73.0726959,
              19.0460767
            ],
            [
              73.0725455,
              19.0460907
            ],
            [
              73.0725613,
              19.0462424
            ]
          ]
        ]
      }
    },
    {
      "type": "Feature",
      "properties": {
        "osm_way_id": 353826275,
        "building_type": "yes",
        "name": null,
        "height_m": 6.0,
        "height_source": "display fallback; OSM height unavailable",
        "building_levels": null,
        "source_dataset": "OpenStreetMap",
        "source_license": "ODbL 1.0",
        "source_extract": "https://api.openstreetmap.org/api/0.6/map?bbox=73.066,19.044,73.074,19.052"
      },
      "geometry": {
        "type": "Polygon",
        "coordinates": [
          [
            [
              73.0719216,
              19.0452063
            ],
            [
              73.0721485,
              19.0451854
            ],
            [
              73.0721356,
              19.0450604
            ],
            [
              73.0719087,
              19.0450813
            ],
            [
              73.0719216,
              19.0452063
            ]
          ]
        ]
      }
    },
    {
      "type": "Feature",
      "properties": {
        "osm_way_id": 353826276,
        "building_type": "yes",
        "name": null,
        "height_m": 6.0,
        "height_source": "display fallback; OSM height unavailable",
        "building_levels": null,
        "source_dataset": "OpenStreetMap",
        "source_license": "ODbL 1.0",
        "source_extract": "https://api.openstreetmap.org/api/0.6/map?bbox=73.066,19.044,73.074,19.052"
      },
      "geometry": {
        "type": "Polygon",
        "coordinates": [
          [
            [
              73.0721304,
              19.0468457
            ],
            [
              73.0722073,
              19.0468359
            ],
            [
              73.0721882,
              19.0467023
            ],
            [
              73.0721113,
              19.0467121
            ],
            [
              73.0721304,
              19.0468457
            ]
          ]
        ]
      }
    },
    {
      "type": "Feature",
      "properties": {
        "osm_way_id": 353826277,
        "building_type": "yes",
        "name": null,
        "height_m": 6.0,
        "height_source": "display fallback; OSM height unavailable",
        "building_levels": null,
        "source_dataset": "OpenStreetMap",
        "source_license": "ODbL 1.0",
        "source_extract": "https://api.openstreetmap.org/api/0.6/map?bbox=73.066,19.044,73.074,19.052"
      },
      "geometry": {
        "type": "Polygon",
        "coordinates": [
          [
            [
              73.0710037,
              19.0458291
            ],
            [
              73.071081,
              19.0458129
            ],
            [
              73.0710547,
              19.0457006
            ],
            [
              73.0709774,
              19.0457168
            ],
            [
              73.0710037,
              19.0458291
            ]
          ]
        ]
      }
    },
    {
      "type": "Feature",
      "properties": {
        "osm_way_id": 353826280,
        "building_type": "yes",
        "name": null,
        "height_m": 6.0,
        "height_source": "display fallback; OSM height unavailable",
        "building_levels": null,
        "source_dataset": "OpenStreetMap",
        "source_license": "ODbL 1.0",
        "source_extract": "https://api.openstreetmap.org/api/0.6/map?bbox=73.066,19.044,73.074,19.052"
      },
      "geometry": {
        "type": "Polygon",
        "coordinates": [
          [
            [
              73.070751,
              19.0457065
            ],
            [
              73.0708662,
              19.0456824
            ],
            [
              73.0708496,
              19.0456114
            ],
            [
              73.0707344,
              19.0456355
            ],
            [
              73.070751,
              19.0457065
            ]
          ]
        ]
      }
    },
    {
      "type": "Feature",
      "properties": {
        "osm_way_id": 353826281,
        "building_type": "yes",
        "name": null,
        "height_m": 6.0,
        "height_source": "display fallback; OSM height unavailable",
        "building_levels": null,
        "source_dataset": "OpenStreetMap",
        "source_license": "ODbL 1.0",
        "source_extract": "https://api.openstreetmap.org/api/0.6/map?bbox=73.066,19.044,73.074,19.052"
      },
      "geometry": {
        "type": "Polygon",
        "coordinates": [
          [
            [
              73.0714049,
              19.0454872
            ],
            [
              73.0714973,
              19.0454679
            ],
            [
              73.0714789,
              19.0453891
            ],
            [
              73.0713864,
              19.0454085
            ],
            [
              73.0714049,
              19.0454872
            ]
          ]
        ]
      }
    },
    {
      "type": "Feature",
      "properties": {
        "osm_way_id": 353826282,
        "building_type": "yes",
        "name": null,
        "height_m": 6.0,
        "height_source": "display fallback; OSM height unavailable",
        "building_levels": null,
        "source_dataset": "OpenStreetMap",
        "source_license": "ODbL 1.0",
        "source_extract": "https://api.openstreetmap.org/api/0.6/map?bbox=73.066,19.044,73.074,19.052"
      },
      "geometry": {
        "type": "Polygon",
        "coordinates": [
          [
            [
              73.0714769,
              19.0459714
            ],
            [
              73.0715598,
              19.0459542
            ],
            [
              73.0715422,
              19.0458787
            ],
            [
              73.0714594,
              19.0458959
            ],
            [
              73.0714769,
              19.0459714
            ]
          ]
        ]
      }
    },
    {
      "type": "Feature",
      "properties": {
        "osm_way_id": 353826283,
        "building_type": "yes",
        "name": null,
        "height_m": 6.0,
        "height_source": "display fallback; OSM height unavailable",
        "building_levels": null,
        "source_dataset": "OpenStreetMap",
        "source_license": "ODbL 1.0",
        "source_extract": "https://api.openstreetmap.org/api/0.6/map?bbox=73.066,19.044,73.074,19.052"
      },
      "geometry": {
        "type": "Polygon",
        "coordinates": [
          [
            [
              73.0712049,
              19.0461372
            ],
            [
              73.0712948,
              19.0461185
            ],
            [
              73.0712649,
              19.0459896
            ],
            [
              73.071175,
              19.0460082
            ],
            [
              73.0712049,
              19.0461372
            ]
          ]
        ]
      }
    },
    {
      "type": "Feature",
      "properties": {
        "osm_way_id": 353826284,
        "building_type": "yes",
        "name": null,
        "height_m": 6.0,
        "height_source": "display fallback; OSM height unavailable",
        "building_levels": null,
        "source_dataset": "OpenStreetMap",
        "source_license": "ODbL 1.0",
        "source_extract": "https://api.openstreetmap.org/api/0.6/map?bbox=73.066,19.044,73.074,19.052"
      },
      "geometry": {
        "type": "Polygon",
        "coordinates": [
          [
            [
              73.0726417,
              19.0454956
            ],
            [
              73.0727343,
              19.0454844
            ],
            [
              73.072711,
              19.0453103
            ],
            [
              73.0726183,
              19.0453214
            ],
            [
              73.0726417,
              19.0454956
            ]
          ]
        ]
      }
    },
    {
      "type": "Feature",
      "properties": {
        "osm_way_id": 353826286,
        "building_type": "yes",
        "name": null,
        "height_m": 6.0,
        "height_source": "display fallback; OSM height unavailable",
        "building_levels": null,
        "source_dataset": "OpenStreetMap",
        "source_license": "ODbL 1.0",
        "source_extract": "https://api.openstreetmap.org/api/0.6/map?bbox=73.066,19.044,73.074,19.052"
      },
      "geometry": {
        "type": "Polygon",
        "coordinates": [
          [
            [
              73.0719888,
              19.0450084
            ],
            [
              73.0721988,
              19.044989
            ],
            [
              73.0721855,
              19.0448603
            ],
            [
              73.0719755,
              19.0448797
            ],
            [
              73.0719888,
              19.0450084
            ]
          ]
        ]
      }
    },
    {
      "type": "Feature",
      "properties": {
        "osm_way_id": 353826287,
        "building_type": "yes",
        "name": null,
        "height_m": 6.0,
        "height_source": "display fallback; OSM height unavailable",
        "building_levels": null,
        "source_dataset": "OpenStreetMap",
        "source_license": "ODbL 1.0",
        "source_extract": "https://api.openstreetmap.org/api/0.6/map?bbox=73.066,19.044,73.074,19.052"
      },
      "geometry": {
        "type": "Polygon",
        "coordinates": [
          [
            [
              73.0711006,
              19.0458321
            ],
            [
              73.0711635,
              19.0458189
            ],
            [
              73.0711332,
              19.0456895
            ],
            [
              73.0710702,
              19.0457027
            ],
            [
              73.0711006,
              19.0458321
            ]
          ]
        ]
      }
    },
    {
      "type": "Feature",
      "properties": {
        "osm_way_id": 353826288,
        "building_type": "yes",
        "name": null,
        "height_m": 6.0,
        "height_source": "display fallback; OSM height unavailable",
        "building_levels": null,
        "source_dataset": "OpenStreetMap",
        "source_license": "ODbL 1.0",
        "source_extract": "https://api.openstreetmap.org/api/0.6/map?bbox=73.066,19.044,73.074,19.052"
      },
      "geometry": {
        "type": "Polygon",
        "coordinates": [
          [
            [
              73.0715651,
              19.0455012
            ],
            [
              73.0716823,
              19.0454604
            ],
            [
              73.071635,
              19.045339
            ],
            [
              73.0715177,
              19.0453799
            ],
            [
              73.0715651,
              19.0455012
            ]
          ]
        ]
      }
    },
    {
      "type": "Feature",
      "properties": {
        "osm_way_id": 353826289,
        "building_type": "yes",
        "name": null,
        "height_m": 6.0,
        "height_source": "display fallback; OSM height unavailable",
        "building_levels": null,
        "source_dataset": "OpenStreetMap",
        "source_license": "ODbL 1.0",
        "source_extract": "https://api.openstreetmap.org/api/0.6/map?bbox=73.066,19.044,73.074,19.052"
      },
      "geometry": {
        "type": "Polygon",
        "coordinates": [
          [
            [
              73.0712994,
              19.0467309
            ],
            [
              73.071417,
              19.0467205
            ],
            [
              73.071413,
              19.0466803
            ],
            [
              73.0712954,
              19.0466907
            ],
            [
              73.0712994,
              19.0467309
            ]
          ]
        ]
      }
    },
    {
      "type": "Feature",
      "properties": {
        "osm_way_id": 353826290,
        "building_type": "yes",
        "name": null,
        "height_m": 6.0,
        "height_source": "display fallback; OSM height unavailable",
        "building_levels": null,
        "source_dataset": "OpenStreetMap",
        "source_license": "ODbL 1.0",
        "source_extract": "https://api.openstreetmap.org/api/0.6/map?bbox=73.066,19.044,73.074,19.052"
      },
      "geometry": {
        "type": "Polygon",
        "coordinates": [
          [
            [
              73.0715759,
              19.0461831
            ],
            [
              73.0716547,
              19.0461795
            ],
            [
              73.0716508,
              19.0461039
            ],
            [
              73.071572,
              19.0461075
            ],
            [
              73.0715759,
              19.0461831
            ]
          ]
        ]
      }
    },
    {
      "type": "Feature",
      "properties": {
        "osm_way_id": 353826291,
        "building_type": "yes",
        "name": null,
        "height_m": 6.0,
        "height_source": "display fallback; OSM height unavailable",
        "building_levels": null,
        "source_dataset": "OpenStreetMap",
        "source_license": "ODbL 1.0",
        "source_extract": "https://api.openstreetmap.org/api/0.6/map?bbox=73.066,19.044,73.074,19.052"
      },
      "geometry": {
        "type": "Polygon",
        "coordinates": [
          [
            [
              73.0716059,
              19.0446261
            ],
            [
              73.0717826,
              19.0446236
            ],
            [
              73.07178,
              19.0444659
            ],
            [
              73.0716033,
              19.0444684
            ],
            [
              73.0716059,
              19.0446261
            ]
          ]
        ]
      }
    },
    {
      "type": "Feature",
      "properties": {
        "osm_way_id": 353826293,
        "building_type": "yes",
        "name": null,
        "height_m": 6.0,
        "height_source": "display fallback; OSM height unavailable",
        "building_levels": null,
        "source_dataset": "OpenStreetMap",
        "source_license": "ODbL 1.0",
        "source_extract": "https://api.openstreetmap.org/api/0.6/map?bbox=73.066,19.044,73.074,19.052"
      },
      "geometry": {
        "type": "Polygon",
        "coordinates": [
          [
            [
              73.0708205,
              19.0459289
            ],
            [
              73.07096,
              19.0458997
            ],
            [
              73.0709355,
              19.0457954
            ],
            [
              73.070796,
              19.0458246
            ],
            [
              73.0708205,
              19.0459289
            ]
          ]
        ]
      }
    },
    {
      "type": "Feature",
      "properties": {
        "osm_way_id": 353826294,
        "building_type": "yes",
        "name": null,
        "height_m": 6.0,
        "height_source": "display fallback; OSM height unavailable",
        "building_levels": null,
        "source_dataset": "OpenStreetMap",
        "source_license": "ODbL 1.0",
        "source_extract": "https://api.openstreetmap.org/api/0.6/map?bbox=73.066,19.044,73.074,19.052"
      },
      "geometry": {
        "type": "Polygon",
        "coordinates": [
          [
            [
              73.0730973,
              19.046451
            ],
            [
              73.0733743,
              19.0464276
            ],
            [
              73.0733496,
              19.0461657
            ],
            [
              73.073286,
              19.046171
            ],
            [
              73.073289,
              19.0462025
            ],
            [
              73.073255,
              19.0462054
            ],
            [
              73.0732526,
              19.04618
            ],
            [
              73.0731348,
              19.0461899
            ],
            [
              73.0731415,
              19.0462616
            ],
            [
              73.073076,
              19.0462671
            ],
            [
              73.0730851,
              19.0463631
            ],
            [
              73.0731155,
              19.0463605
            ],
            [
              73.0731193,
              19.0464011
            ],
            [
              73.0730928,
              19.0464033
            ],
            [
              73.0730973,
              19.046451
            ]
          ]
        ]
      }
    },
    {
      "type": "Feature",
      "properties": {
        "osm_way_id": 353826295,
        "building_type": "yes",
        "name": null,
        "height_m": 6.0,
        "height_source": "display fallback; OSM height unavailable",
        "building_levels": null,
        "source_dataset": "OpenStreetMap",
        "source_license": "ODbL 1.0",
        "source_extract": "https://api.openstreetmap.org/api/0.6/map?bbox=73.066,19.044,73.074,19.052"
      },
      "geometry": {
        "type": "Polygon",
        "coordinates": [
          [
            [
              73.0703589,
              19.0463368
            ],
            [
              73.0704579,
              19.0463255
            ],
            [
              73.0704387,
              19.0461751
            ],
            [
              73.0703397,
              19.0461864
            ],
            [
              73.0703589,
              19.0463368
            ]
          ]
        ]
      }
    },
    {
      "type": "Feature",
      "properties": {
        "osm_way_id": 353826297,
        "building_type": "yes",
        "name": null,
        "height_m": 6.0,
        "height_source": "display fallback; OSM height unavailable",
        "building_levels": null,
        "source_dataset": "OpenStreetMap",
        "source_license": "ODbL 1.0",
        "source_extract": "https://api.openstreetmap.org/api/0.6/map?bbox=73.066,19.044,73.074,19.052"
      },
      "geometry": {
        "type": "Polygon",
        "coordinates": [
          [
            [
              73.0704731,
              19.0453697
            ],
            [
              73.0706115,
              19.0453424
            ],
            [
              73.0705999,
              19.0452895
            ],
            [
              73.0704614,
              19.0453167
            ],
            [
              73.0704731,
              19.0453697
            ]
          ]
        ]
      }
    },
    {
      "type": "Feature",
      "properties": {
        "osm_way_id": 353826298,
        "building_type": "yes",
        "name": null,
        "height_m": 6.0,
        "height_source": "display fallback; OSM height unavailable",
        "building_levels": null,
        "source_dataset": "OpenStreetMap",
        "source_license": "ODbL 1.0",
        "source_extract": "https://api.openstreetmap.org/api/0.6/map?bbox=73.066,19.044,73.074,19.052"
      },
      "geometry": {
        "type": "Polygon",
        "coordinates": [
          [
            [
              73.0717502,
              19.0461528
            ],
            [
              73.0718501,
              19.0461337
            ],
            [
              73.071815,
              19.0459691
            ],
            [
              73.071715,
              19.0459882
            ],
            [
              73.0717502,
              19.0461528
            ]
          ]
        ]
      }
    },
    {
      "type": "Feature",
      "properties": {
        "osm_way_id": 353826299,
        "building_type": "yes",
        "name": null,
        "height_m": 6.0,
        "height_source": "display fallback; OSM height unavailable",
        "building_levels": null,
        "source_dataset": "OpenStreetMap",
        "source_license": "ODbL 1.0",
        "source_extract": "https://api.openstreetmap.org/api/0.6/map?bbox=73.066,19.044,73.074,19.052"
      },
      "geometry": {
        "type": "Polygon",
        "coordinates": [
          [
            [
              73.0709914,
              19.0440093
            ],
            [
              73.0711049,
              19.0440148
            ],
            [
              73.0711093,
              19.0439319
            ],
            [
              73.0709959,
              19.0439265
            ],
            [
              73.0709914,
              19.0440093
            ]
          ]
        ]
      }
    },
    {
      "type": "Feature",
      "properties": {
        "osm_way_id": 353826300,
        "building_type": "yes",
        "name": null,
        "height_m": 6.0,
        "height_source": "display fallback; OSM height unavailable",
        "building_levels": null,
        "source_dataset": "OpenStreetMap",
        "source_license": "ODbL 1.0",
        "source_extract": "https://api.openstreetmap.org/api/0.6/map?bbox=73.066,19.044,73.074,19.052"
      },
      "geometry": {
        "type": "Polygon",
        "coordinates": [
          [
            [
              73.0716514,
              19.0458649
            ],
            [
              73.0719176,
              19.0458313
            ],
            [
              73.0719035,
              19.0457316
            ],
            [
              73.0716373,
              19.0457652
            ],
            [
              73.0716514,
              19.0458649
            ]
          ]
        ]
      }
    },
    {
      "type": "Feature",
      "properties": {
        "osm_way_id": 353826302,
        "building_type": "yes",
        "name": null,
        "height_m": 6.0,
        "height_source": "display fallback; OSM height unavailable",
        "building_levels": null,
        "source_dataset": "OpenStreetMap",
        "source_license": "ODbL 1.0",
        "source_extract": "https://api.openstreetmap.org/api/0.6/map?bbox=73.066,19.044,73.074,19.052"
      },
      "geometry": {
        "type": "Polygon",
        "coordinates": [
          [
            [
              73.0706463,
              19.0462881
            ],
            [
              73.0707318,
              19.0462845
            ],
            [
              73.0707281,
              19.0462073
            ],
            [
              73.0706426,
              19.0462109
            ],
            [
              73.0706463,
              19.0462881
            ]
          ]
        ]
      }
    },
    {
      "type": "Feature",
      "properties": {
        "osm_way_id": 353826304,
        "building_type": "yes",
        "name": null,
        "height_m": 6.0,
        "height_source": "display fallback; OSM height unavailable",
        "building_levels": null,
        "source_dataset": "OpenStreetMap",
        "source_license": "ODbL 1.0",
        "source_extract": "https://api.openstreetmap.org/api/0.6/map?bbox=73.066,19.044,73.074,19.052"
      },
      "geometry": {
        "type": "Polygon",
        "coordinates": [
          [
            [
              73.0712366,
              19.0456315
            ],
            [
              73.0713555,
              19.0456066
            ],
            [
              73.0713344,
              19.0455165
            ],
            [
              73.0712154,
              19.0455414
            ],
            [
              73.0712366,
              19.0456315
            ]
          ]
        ]
      }
    },
    {
      "type": "Feature",
      "properties": {
        "osm_way_id": 353826307,
        "building_type": "yes",
        "name": null,
        "height_m": 6.0,
        "height_source": "display fallback; OSM height unavailable",
        "building_levels": null,
        "source_dataset": "OpenStreetMap",
        "source_license": "ODbL 1.0",
        "source_extract": "https://api.openstreetmap.org/api/0.6/map?bbox=73.066,19.044,73.074,19.052"
      },
      "geometry": {
        "type": "Polygon",
        "coordinates": [
          [
            [
              73.0716047,
              19.0457197
            ],
            [
              73.0717203,
              19.0457051
            ],
            [
              73.0717104,
              19.0456352
            ],
            [
              73.0715948,
              19.0456498
            ],
            [
              73.0716047,
              19.0457197
            ]
          ]
        ]
      }
    },
    {
      "type": "Feature",
      "properties": {
        "osm_way_id": 353826308,
        "building_type": "yes",
        "name": null,
        "height_m": 6.0,
        "height_source": "display fallback; OSM height unavailable",
        "building_levels": null,
        "source_dataset": "OpenStreetMap",
        "source_license": "ODbL 1.0",
        "source_extract": "https://api.openstreetmap.org/api/0.6/map?bbox=73.066,19.044,73.074,19.052"
      },
      "geometry": {
        "type": "Polygon",
        "coordinates": [
          [
            [
              73.0714134,
              19.0452872
            ],
            [
              73.0715076,
              19.0452172
            ],
            [
              73.071457,
              19.0451563
            ],
            [
              73.0713628,
              19.0452263
            ],
            [
              73.0714134,
              19.0452872
            ]
          ]
        ]
      }
    },
    {
      "type": "Feature",
      "properties": {
        "osm_way_id": 353826309,
        "building_type": "yes",
        "name": null,
        "height_m": 6.0,
        "height_source": "display fallback; OSM height unavailable",
        "building_levels": null,
        "source_dataset": "OpenStreetMap",
        "source_license": "ODbL 1.0",
        "source_extract": "https://api.openstreetmap.org/api/0.6/map?bbox=73.066,19.044,73.074,19.052"
      },
      "geometry": {
        "type": "Polygon",
        "coordinates": [
          [
            [
              73.0722044,
              19.0459974
            ],
            [
              73.0723244,
              19.0459862
            ],
            [
              73.0723051,
              19.0458015
            ],
            [
              73.0721852,
              19.0458126
            ],
            [
              73.0722044,
              19.0459974
            ]
          ]
        ]
      }
    },
    {
      "type": "Feature",
      "properties": {
        "osm_way_id": 353826311,
        "building_type": "yes",
        "name": null,
        "height_m": 6.0,
        "height_source": "display fallback; OSM height unavailable",
        "building_levels": null,
        "source_dataset": "OpenStreetMap",
        "source_license": "ODbL 1.0",
        "source_extract": "https://api.openstreetmap.org/api/0.6/map?bbox=73.066,19.044,73.074,19.052"
      },
      "geometry": {
        "type": "Polygon",
        "coordinates": [
          [
            [
              73.0715323,
              19.0465839
            ],
            [
              73.0717434,
              19.0465644
            ],
            [
              73.0717335,
              19.0464687
            ],
            [
              73.0716945,
              19.0464723
            ],
            [
              73.071684,
              19.0463709
            ],
            [
              73.0715438,
              19.0463839
            ],
            [
              73.0715543,
              19.0464853
            ],
            [
              73.0715224,
              19.0464882
            ],
            [
              73.0715323,
              19.0465839
            ]
          ]
        ]
      }
    },
    {
      "type": "Feature",
      "properties": {
        "osm_way_id": 353826312,
        "building_type": "yes",
        "name": null,
        "height_m": 6.0,
        "height_source": "display fallback; OSM height unavailable",
        "building_levels": null,
        "source_dataset": "OpenStreetMap",
        "source_license": "ODbL 1.0",
        "source_extract": "https://api.openstreetmap.org/api/0.6/map?bbox=73.066,19.044,73.074,19.052"
      },
      "geometry": {
        "type": "Polygon",
        "coordinates": [
          [
            [
              73.0709939,
              19.045496
            ],
            [
              73.0711132,
              19.045471
            ],
            [
              73.0711034,
              19.0454291
            ],
            [
              73.0709841,
              19.0454541
            ],
            [
              73.0709939,
              19.045496
            ]
          ]
        ]
      }
    },
    {
      "type": "Feature",
      "properties": {
        "osm_way_id": 353826313,
        "building_type": "yes",
        "name": null,
        "height_m": 6.0,
        "height_source": "display fallback; OSM height unavailable",
        "building_levels": null,
        "source_dataset": "OpenStreetMap",
        "source_license": "ODbL 1.0",
        "source_extract": "https://api.openstreetmap.org/api/0.6/map?bbox=73.066,19.044,73.074,19.052"
      },
      "geometry": {
        "type": "Polygon",
        "coordinates": [
          [
            [
              73.0711004,
              19.0456422
            ],
            [
              73.0711994,
              19.0456214
            ],
            [
              73.0711901,
              19.0455818
            ],
            [
              73.0710911,
              19.0456025
            ],
            [
              73.0711004,
              19.0456422
            ]
          ]
        ]
      }
    },
    {
      "type": "Feature",
      "properties": {
        "osm_way_id": 353826314,
        "building_type": "yes",
        "name": null,
        "height_m": 6.0,
        "height_source": "display fallback; OSM height unavailable",
        "building_levels": null,
        "source_dataset": "OpenStreetMap",
        "source_license": "ODbL 1.0",
        "source_extract": "https://api.openstreetmap.org/api/0.6/map?bbox=73.066,19.044,73.074,19.052"
      },
      "geometry": {
        "type": "Polygon",
        "coordinates": [
          [
            [
              73.070685,
              19.0444216
            ],
            [
              73.0707727,
              19.0443927
            ],
            [
              73.0707482,
              19.0443264
            ],
            [
              73.0706606,
              19.0443554
            ],
            [
              73.070685,
              19.0444216
            ]
          ]
        ]
      }
    },
    {
      "type": "Feature",
      "properties": {
        "osm_way_id": 353826316,
        "building_type": "yes",
        "name": null,
        "height_m": 6.0,
        "height_source": "display fallback; OSM height unavailable",
        "building_levels": null,
        "source_dataset": "OpenStreetMap",
        "source_license": "ODbL 1.0",
        "source_extract": "https://api.openstreetmap.org/api/0.6/map?bbox=73.066,19.044,73.074,19.052"
      },
      "geometry": {
        "type": "Polygon",
        "coordinates": [
          [
            [
              73.0708451,
              19.0465412
            ],
            [
              73.0711292,
              19.0465039
            ],
            [
              73.0711101,
              19.0463733
            ],
            [
              73.070826,
              19.0464106
            ],
            [
              73.0708451,
              19.0465412
            ]
          ]
        ]
      }
    },
    {
      "type": "Feature",
      "properties": {
        "osm_way_id": 353826317,
        "building_type": "yes",
        "name": null,
        "height_m": 6.0,
        "height_source": "display fallback; OSM height unavailable",
        "building_levels": null,
        "source_dataset": "OpenStreetMap",
        "source_license": "ODbL 1.0",
        "source_extract": "https://api.openstreetmap.org/api/0.6/map?bbox=73.066,19.044,73.074,19.052"
      },
      "geometry": {
        "type": "Polygon",
        "coordinates": [
          [
            [
              73.0711016,
              19.0450052
            ],
            [
              73.0711968,
              19.0449679
            ],
            [
              73.0711531,
              19.0448683
            ],
            [
              73.071058,
              19.0449055
            ],
            [
              73.0711016,
              19.0450052
            ]
          ]
        ]
      }
    },
    {
      "type": "Feature",
      "properties": {
        "osm_way_id": 353826319,
        "building_type": "yes",
        "name": null,
        "height_m": 6.0,
        "height_source": "display fallback; OSM height unavailable",
        "building_levels": null,
        "source_dataset": "OpenStreetMap",
        "source_license": "ODbL 1.0",
        "source_extract": "https://api.openstreetmap.org/api/0.6/map?bbox=73.066,19.044,73.074,19.052"
      },
      "geometry": {
        "type": "Polygon",
        "coordinates": [
          [
            [
              73.0710449,
              19.0455634
            ],
            [
              73.0711468,
              19.0455421
            ],
            [
              73.0711319,
              19.0454786
            ],
            [
              73.07103,
              19.0454999
            ],
            [
              73.0710449,
              19.0455634
            ]
          ]
        ]
      }
    },
    {
      "type": "Feature",
      "properties": {
        "osm_way_id": 353826321,
        "building_type": "yes",
        "name": null,
        "height_m": 6.0,
        "height_source": "display fallback; OSM height unavailable",
        "building_levels": null,
        "source_dataset": "OpenStreetMap",
        "source_license": "ODbL 1.0",
        "source_extract": "https://api.openstreetmap.org/api/0.6/map?bbox=73.066,19.044,73.074,19.052"
      },
      "geometry": {
        "type": "Polygon",
        "coordinates": [
          [
            [
              73.0721127,
              19.0440172
            ],
            [
              73.072205,
              19.0440099
            ],
            [
              73.0721975,
              19.0439257
            ],
            [
              73.0721053,
              19.043933
            ],
            [
              73.0721127,
              19.0440172
            ]
          ]
        ]
      }
    },
    {
      "type": "Feature",
      "properties": {
        "osm_way_id": 353826322,
        "building_type": "yes",
        "name": null,
        "height_m": 6.0,
        "height_source": "display fallback; OSM height unavailable",
        "building_levels": null,
        "source_dataset": "OpenStreetMap",
        "source_license": "ODbL 1.0",
        "source_extract": "https://api.openstreetmap.org/api/0.6/map?bbox=73.066,19.044,73.074,19.052"
      },
      "geometry": {
        "type": "Polygon",
        "coordinates": [
          [
            [
              73.0708343,
              19.0444008
            ],
            [
              73.0709366,
              19.0443852
            ],
            [
              73.0709139,
              19.0442518
            ],
            [
              73.0708116,
              19.0442675
            ],
            [
              73.0708343,
              19.0444008
            ]
          ]
        ]
      }
    },
    {
      "type": "Feature",
      "properties": {
        "osm_way_id": 353826327,
        "building_type": "yes",
        "name": null,
        "height_m": 6.0,
        "height_source": "display fallback; OSM height unavailable",
        "building_levels": null,
        "source_dataset": "OpenStreetMap",
        "source_license": "ODbL 1.0",
        "source_extract": "https://api.openstreetmap.org/api/0.6/map?bbox=73.066,19.044,73.074,19.052"
      },
      "geometry": {
        "type": "Polygon",
        "coordinates": [
          [
            [
              73.0711973,
              19.0459812
            ],
            [
              73.0712877,
              19.0459694
            ],
            [
              73.0712682,
              19.0458362
            ],
            [
              73.0711778,
              19.045848
            ],
            [
              73.0711973,
              19.0459812
            ]
          ]
        ]
      }
    },
    {
      "type": "Feature",
      "properties": {
        "osm_way_id": 353826328,
        "building_type": "yes",
        "name": null,
        "height_m": 6.0,
        "height_source": "display fallback; OSM height unavailable",
        "building_levels": null,
        "source_dataset": "OpenStreetMap",
        "source_license": "ODbL 1.0",
        "source_extract": "https://api.openstreetmap.org/api/0.6/map?bbox=73.066,19.044,73.074,19.052"
      },
      "geometry": {
        "type": "Polygon",
        "coordinates": [
          [
            [
              73.0709546,
              19.0443296
            ],
            [
              73.0710835,
              19.0443279
            ],
            [
              73.0710816,
              19.0441925
            ],
            [
              73.0709527,
              19.0441942
            ],
            [
              73.0709546,
              19.0443296
            ]
          ]
        ]
      }
    },
    {
      "type": "Feature",
      "properties": {
        "osm_way_id": 353826329,
        "building_type": "yes",
        "name": null,
        "height_m": 6.0,
        "height_source": "display fallback; OSM height unavailable",
        "building_levels": null,
        "source_dataset": "OpenStreetMap",
        "source_license": "ODbL 1.0",
        "source_extract": "https://api.openstreetmap.org/api/0.6/map?bbox=73.066,19.044,73.074,19.052"
      },
      "geometry": {
        "type": "Polygon",
        "coordinates": [
          [
            [
              73.0708966,
              19.0457531
            ],
            [
              73.0709703,
              19.0457377
            ],
            [
              73.0709489,
              19.0456465
            ],
            [
              73.0708752,
              19.0456619
            ],
            [
              73.0708966,
              19.0457531
            ]
          ]
        ]
      }
    },
    {
      "type": "Feature",
      "properties": {
        "osm_way_id": 353826333,
        "building_type": "yes",
        "name": null,
        "height_m": 6.0,
        "height_source": "display fallback; OSM height unavailable",
        "building_levels": null,
        "source_dataset": "OpenStreetMap",
        "source_license": "ODbL 1.0",
        "source_extract": "https://api.openstreetmap.org/api/0.6/map?bbox=73.066,19.044,73.074,19.052"
      },
      "geometry": {
        "type": "Polygon",
        "coordinates": [
          [
            [
              73.071276,
              19.0462948
            ],
            [
              73.0714684,
              19.0462549
            ],
            [
              73.0714384,
              19.0461259
            ],
            [
              73.071246,
              19.0461658
            ],
            [
              73.071276,
              19.0462948
            ]
          ]
        ]
      }
    },
    {
      "type": "Feature",
      "properties": {
        "osm_way_id": 353826334,
        "building_type": "yes",
        "name": null,
        "height_m": 12.0,
        "height_source": "OSM building:levels \u00d7 3 m",
        "building_levels": 4.0,
        "source_dataset": "OpenStreetMap",
        "source_license": "ODbL 1.0",
        "source_extract": "https://api.openstreetmap.org/api/0.6/map?bbox=73.066,19.044,73.074,19.052"
      },
      "geometry": {
        "type": "Polygon",
        "coordinates": [
          [
            [
              73.0723257,
              19.0455663
            ],
            [
              73.0724696,
              19.0455531
            ],
            [
              73.0724553,
              19.0454145
            ],
            [
              73.0723114,
              19.0454277
            ],
            [
              73.0723257,
              19.0455663
            ]
          ]
        ]
      }
    },
    {
      "type": "Feature",
      "properties": {
        "osm_way_id": 353826335,
        "building_type": "yes",
        "name": null,
        "height_m": 6.0,
        "height_source": "display fallback; OSM height unavailable",
        "building_levels": null,
        "source_dataset": "OpenStreetMap",
        "source_license": "ODbL 1.0",
        "source_extract": "https://api.openstreetmap.org/api/0.6/map?bbox=73.066,19.044,73.074,19.052"
      },
      "geometry": {
        "type": "Polygon",
        "coordinates": [
          [
            [
              73.07065,
              19.0456031
            ],
            [
              73.0707451,
              19.0455967
            ],
            [
              73.0707388,
              19.0455118
            ],
            [
              73.0706436,
              19.0455181
            ],
            [
              73.07065,
              19.0456031
            ]
          ]
        ]
      }
    },
    {
      "type": "Feature",
      "properties": {
        "osm_way_id": 353826336,
        "building_type": "yes",
        "name": null,
        "height_m": 6.0,
        "height_source": "display fallback; OSM height unavailable",
        "building_levels": null,
        "source_dataset": "OpenStreetMap",
        "source_license": "ODbL 1.0",
        "source_extract": "https://api.openstreetmap.org/api/0.6/map?bbox=73.066,19.044,73.074,19.052"
      },
      "geometry": {
        "type": "Polygon",
        "coordinates": [
          [
            [
              73.071939,
              19.045368
            ],
            [
              73.0721636,
              19.0453473
            ],
            [
              73.0721509,
              19.0452248
            ],
            [
              73.0719263,
              19.0452455
            ],
            [
              73.071939,
              19.045368
            ]
          ]
        ]
      }
    },
    {
      "type": "Feature",
      "properties": {
        "osm_way_id": 353826337,
        "building_type": "yes",
        "name": null,
        "height_m": 6.0,
        "height_source": "display fallback; OSM height unavailable",
        "building_levels": null,
        "source_dataset": "OpenStreetMap",
        "source_license": "ODbL 1.0",
        "source_extract": "https://api.openstreetmap.org/api/0.6/map?bbox=73.066,19.044,73.074,19.052"
      },
      "geometry": {
        "type": "Polygon",
        "coordinates": [
          [
            [
              73.0711564,
              19.0457292
            ],
            [
              73.0712966,
              19.0456998
            ],
            [
              73.0712821,
              19.0456379
            ],
            [
              73.0711419,
              19.0456673
            ],
            [
              73.0711564,
              19.0457292
            ]
          ]
        ]
      }
    },
    {
      "type": "Feature",
      "properties": {
        "osm_way_id": 353826338,
        "building_type": "yes",
        "name": null,
        "height_m": 6.0,
        "height_source": "display fallback; OSM height unavailable",
        "building_levels": null,
        "source_dataset": "OpenStreetMap",
        "source_license": "ODbL 1.0",
        "source_extract": "https://api.openstreetmap.org/api/0.6/map?bbox=73.066,19.044,73.074,19.052"
      },
      "geometry": {
        "type": "Polygon",
        "coordinates": [
          [
            [
              73.0717157,
              19.0468031
            ],
            [
              73.07181,
              19.0467985
            ],
            [
              73.0718061,
              19.046726
            ],
            [
              73.0717118,
              19.0467305
            ],
            [
              73.0717157,
              19.0468031
            ]
          ]
        ]
      }
    },
    {
      "type": "Feature",
      "properties": {
        "osm_way_id": 353826339,
        "building_type": "yes",
        "name": null,
        "height_m": 6.0,
        "height_source": "display fallback; OSM height unavailable",
        "building_levels": null,
        "source_dataset": "OpenStreetMap",
        "source_license": "ODbL 1.0",
        "source_extract": "https://api.openstreetmap.org/api/0.6/map?bbox=73.066,19.044,73.074,19.052"
      },
      "geometry": {
        "type": "Polygon",
        "coordinates": [
          [
            [
              73.0707827,
              19.0458151
            ],
            [
              73.0708468,
              19.0458017
            ],
            [
              73.0708275,
              19.0457194
            ],
            [
              73.0707634,
              19.0457328
            ],
            [
              73.0707827,
              19.0458151
            ]
          ]
        ]
      }
    },
    {
      "type": "Feature",
      "properties": {
        "osm_way_id": 353826341,
        "building_type": "yes",
        "name": null,
        "height_m": 6.0,
        "height_source": "display fallback; OSM height unavailable",
        "building_levels": null,
        "source_dataset": "OpenStreetMap",
        "source_license": "ODbL 1.0",
        "source_extract": "https://api.openstreetmap.org/api/0.6/map?bbox=73.066,19.044,73.074,19.052"
      },
      "geometry": {
        "type": "Polygon",
        "coordinates": [
          [
            [
              73.0714989,
              19.0453751
            ],
            [
              73.0715587,
              19.0453321
            ],
            [
              73.0714914,
              19.0452485
            ],
            [
              73.0714316,
              19.0452916
            ],
            [
              73.0714989,
              19.0453751
            ]
          ]
        ]
      }
    },
    {
      "type": "Feature",
      "properties": {
        "osm_way_id": 353826342,
        "building_type": "yes",
        "name": null,
        "height_m": 6.0,
        "height_source": "display fallback; OSM height unavailable",
        "building_levels": null,
        "source_dataset": "OpenStreetMap",
        "source_license": "ODbL 1.0",
        "source_extract": "https://api.openstreetmap.org/api/0.6/map?bbox=73.066,19.044,73.074,19.052"
      },
      "geometry": {
        "type": "Polygon",
        "coordinates": [
          [
            [
              73.0705812,
              19.0454909
            ],
            [
              73.0706889,
              19.0454836
            ],
            [
              73.0706838,
              19.0454161
            ],
            [
              73.0705761,
              19.0454234
            ],
            [
              73.0705812,
              19.0454909
            ]
          ]
        ]
      }
    },
    {
      "type": "Feature",
      "properties": {
        "osm_way_id": 353826343,
        "building_type": "yes",
        "name": null,
        "height_m": 6.0,
        "height_source": "display fallback; OSM height unavailable",
        "building_levels": null,
        "source_dataset": "OpenStreetMap",
        "source_license": "ODbL 1.0",
        "source_extract": "https://api.openstreetmap.org/api/0.6/map?bbox=73.066,19.044,73.074,19.052"
      },
      "geometry": {
        "type": "Polygon",
        "coordinates": [
          [
            [
              73.071424,
              19.0461195
            ],
            [
              73.071493,
              19.0461052
            ],
            [
              73.0714682,
              19.0459987
            ],
            [
              73.0713993,
              19.046013
            ],
            [
              73.071424,
              19.0461195
            ]
          ]
        ]
      }
    },
    {
      "type": "Feature",
      "properties": {
        "osm_way_id": 353826344,
        "building_type": "yes",
        "name": null,
        "height_m": 6.0,
        "height_source": "display fallback; OSM height unavailable",
        "building_levels": null,
        "source_dataset": "OpenStreetMap",
        "source_license": "ODbL 1.0",
        "source_extract": "https://api.openstreetmap.org/api/0.6/map?bbox=73.066,19.044,73.074,19.052"
      },
      "geometry": {
        "type": "Polygon",
        "coordinates": [
          [
            [
              73.0725645,
              19.0455417
            ],
            [
              73.0726324,
              19.0455336
            ],
            [
              73.0726145,
              19.0454
            ],
            [
              73.0725466,
              19.0454081
            ],
            [
              73.0725645,
              19.0455417
            ]
          ]
        ]
      }
    },
    {
      "type": "Feature",
      "properties": {
        "osm_way_id": 353826346,
        "building_type": "yes",
        "name": null,
        "height_m": 6.0,
        "height_source": "display fallback; OSM height unavailable",
        "building_levels": null,
        "source_dataset": "OpenStreetMap",
        "source_license": "ODbL 1.0",
        "source_extract": "https://api.openstreetmap.org/api/0.6/map?bbox=73.066,19.044,73.074,19.052"
      },
      "geometry": {
        "type": "Polygon",
        "coordinates": [
          [
            [
              73.0711641,
              19.0455419
            ],
            [
              73.0713999,
              19.0454925
            ],
            [
              73.0713826,
              19.0454188
            ],
            [
              73.0712447,
              19.0454477
            ],
            [
              73.0712293,
              19.045382
            ],
            [
              73.0711315,
              19.0454025
            ],
            [
              73.0711641,
              19.0455419
            ]
          ]
        ]
      }
    },
    {
      "type": "Feature",
      "properties": {
        "osm_way_id": 353826347,
        "building_type": "yes",
        "name": null,
        "height_m": 6.0,
        "height_source": "display fallback; OSM height unavailable",
        "building_levels": null,
        "source_dataset": "OpenStreetMap",
        "source_license": "ODbL 1.0",
        "source_extract": "https://api.openstreetmap.org/api/0.6/map?bbox=73.066,19.044,73.074,19.052"
      },
      "geometry": {
        "type": "Polygon",
        "coordinates": [
          [
            [
              73.0708502,
              19.0462495
            ],
            [
              73.0711117,
              19.0462086
            ],
            [
              73.0710976,
              19.0461282
            ],
            [
              73.0709134,
              19.046157
            ],
            [
              73.0708892,
              19.0460189
            ],
            [
              73.070812,
              19.046031
            ],
            [
              73.0708502,
              19.0462495
            ]
          ]
        ]
      }
    },
    {
      "type": "Feature",
      "properties": {
        "osm_way_id": 353826348,
        "building_type": "yes",
        "name": null,
        "height_m": 6.0,
        "height_source": "display fallback; OSM height unavailable",
        "building_levels": null,
        "source_dataset": "OpenStreetMap",
        "source_license": "ODbL 1.0",
        "source_extract": "https://api.openstreetmap.org/api/0.6/map?bbox=73.066,19.044,73.074,19.052"
      },
      "geometry": {
        "type": "Polygon",
        "coordinates": [
          [
            [
              73.0719221,
              19.0455775
            ],
            [
              73.0719668,
              19.0455733
            ],
            [
              73.0719705,
              19.045609
            ],
            [
              73.0722058,
              19.0455873
            ],
            [
              73.0721909,
              19.0454432
            ],
            [
              73.0719109,
              19.045469
            ],
            [
              73.0719221,
              19.0455775
            ]
          ]
        ]
      }
    },
    {
      "type": "Feature",
      "properties": {
        "osm_way_id": 353826350,
        "building_type": "yes",
        "name": null,
        "height_m": 6.0,
        "height_source": "display fallback; OSM height unavailable",
        "building_levels": null,
        "source_dataset": "OpenStreetMap",
        "source_license": "ODbL 1.0",
        "source_extract": "https://api.openstreetmap.org/api/0.6/map?bbox=73.066,19.044,73.074,19.052"
      },
      "geometry": {
        "type": "Polygon",
        "coordinates": [
          [
            [
              73.0713241,
              19.0451857
            ],
            [
              73.0714347,
              19.0451021
            ],
            [
              73.0713382,
              19.0449881
            ],
            [
              73.0712844,
              19.0450288
            ],
            [
              73.0713178,
              19.0450682
            ],
            [
              73.071261,
              19.0451111
            ],
            [
              73.0713241,
              19.0451857
            ]
          ]
        ]
      }
    },
    {
      "type": "Feature",
      "properties": {
        "osm_way_id": 353826351,
        "building_type": "yes",
        "name": null,
        "height_m": 6.0,
        "height_source": "display fallback; OSM height unavailable",
        "building_levels": null,
        "source_dataset": "OpenStreetMap",
        "source_license": "ODbL 1.0",
        "source_extract": "https://api.openstreetmap.org/api/0.6/map?bbox=73.066,19.044,73.074,19.052"
      },
      "geometry": {
        "type": "Polygon",
        "coordinates": [
          [
            [
              73.0722003,
              19.0441867
            ],
            [
              73.0722275,
              19.044184
            ],
            [
              73.0722354,
              19.0442532
            ],
            [
              73.0724695,
              19.0442293
            ],
            [
              73.0724543,
              19.0440961
            ],
            [
              73.072193,
              19.0441228
            ],
            [
              73.0722003,
              19.0441867
            ]
          ]
        ]
      }
    },
    {
      "type": "Feature",
      "properties": {
        "osm_way_id": 353826352,
        "building_type": "yes",
        "name": null,
        "height_m": 6.0,
        "height_source": "display fallback; OSM height unavailable",
        "building_levels": null,
        "source_dataset": "OpenStreetMap",
        "source_license": "ODbL 1.0",
        "source_extract": "https://api.openstreetmap.org/api/0.6/map?bbox=73.066,19.044,73.074,19.052"
      },
      "geometry": {
        "type": "Polygon",
        "coordinates": [
          [
            [
              73.0713418,
              19.0444028
            ],
            [
              73.0715594,
              19.0443881
            ],
            [
              73.0715514,
              19.0442818
            ],
            [
              73.0714796,
              19.0442866
            ],
            [
              73.0714751,
              19.0442269
            ],
            [
              73.0713292,
              19.0442367
            ],
            [
              73.0713418,
              19.0444028
            ]
          ]
        ]
      }
    },
    {
      "type": "Feature",
      "properties": {
        "osm_way_id": 353826353,
        "building_type": "yes",
        "name": null,
        "height_m": 6.0,
        "height_source": "display fallback; OSM height unavailable",
        "building_levels": null,
        "source_dataset": "OpenStreetMap",
        "source_license": "ODbL 1.0",
        "source_extract": "https://api.openstreetmap.org/api/0.6/map?bbox=73.066,19.044,73.074,19.052"
      },
      "geometry": {
        "type": "Polygon",
        "coordinates": [
          [
            [
              73.0708377,
              19.046
            ],
            [
              73.0710573,
              19.0459646
            ],
            [
              73.071037,
              19.0458523
            ],
            [
              73.0709559,
              19.0458654
            ],
            [
              73.0709662,
              19.0459222
            ],
            [
              73.0708277,
              19.0459446
            ],
            [
              73.0708377,
              19.046
            ]
          ]
        ]
      }
    },
    {
      "type": "Feature",
      "properties": {
        "osm_way_id": 353826354,
        "building_type": "yes",
        "name": null,
        "height_m": 6.0,
        "height_source": "display fallback; OSM height unavailable",
        "building_levels": null,
        "source_dataset": "OpenStreetMap",
        "source_license": "ODbL 1.0",
        "source_extract": "https://api.openstreetmap.org/api/0.6/map?bbox=73.066,19.044,73.074,19.052"
      },
      "geometry": {
        "type": "Polygon",
        "coordinates": [
          [
            [
              73.0715495,
              19.0460896
            ],
            [
              73.0716696,
              19.0460629
            ],
            [
              73.071627,
              19.0458915
            ],
            [
              73.0715592,
              19.0459065
            ],
            [
              73.0715797,
              19.045989
            ],
            [
              73.0715275,
              19.0460006
            ],
            [
              73.0715495,
              19.0460896
            ]
          ]
        ]
      }
    },
    {
      "type": "Feature",
      "properties": {
        "osm_way_id": 353826356,
        "building_type": "yes",
        "name": null,
        "height_m": 6.0,
        "height_source": "display fallback; OSM height unavailable",
        "building_levels": null,
        "source_dataset": "OpenStreetMap",
        "source_license": "ODbL 1.0",
        "source_extract": "https://api.openstreetmap.org/api/0.6/map?bbox=73.066,19.044,73.074,19.052"
      },
      "geometry": {
        "type": "Polygon",
        "coordinates": [
          [
            [
              73.0705445,
              19.0461881
            ],
            [
              73.0706393,
              19.0461786
            ],
            [
              73.0706308,
              19.0461026
            ],
            [
              73.0706032,
              19.0461054
            ],
            [
              73.0705982,
              19.0460607
            ],
            [
              73.0706258,
              19.046058
            ],
            [
              73.0706151,
              19.0459623
            ],
            [
              73.0705202,
              19.0459718
            ],
            [
              73.0705445,
              19.0461881
            ]
          ]
        ]
      }
    },
    {
      "type": "Feature",
      "properties": {
        "osm_way_id": 353826357,
        "building_type": "yes",
        "name": null,
        "height_m": 6.0,
        "height_source": "display fallback; OSM height unavailable",
        "building_levels": null,
        "source_dataset": "OpenStreetMap",
        "source_license": "ODbL 1.0",
        "source_extract": "https://api.openstreetmap.org/api/0.6/map?bbox=73.066,19.044,73.074,19.052"
      },
      "geometry": {
        "type": "Polygon",
        "coordinates": [
          [
            [
              73.0725611,
              19.0459976
            ],
            [
              73.0727162,
              19.0459832
            ],
            [
              73.0726947,
              19.0457775
            ],
            [
              73.0725501,
              19.0457909
            ],
            [
              73.0725548,
              19.045836
            ],
            [
              73.0726315,
              19.0458289
            ],
            [
              73.0726359,
              19.0458718
            ],
            [
              73.0725488,
              19.0458799
            ],
            [
              73.0725611,
              19.0459976
            ]
          ]
        ]
      }
    },
    {
      "type": "Feature",
      "properties": {
        "osm_way_id": 354018508,
        "building_type": "yes",
        "name": null,
        "height_m": 6.0,
        "height_source": "display fallback; OSM height unavailable",
        "building_levels": null,
        "source_dataset": "OpenStreetMap",
        "source_license": "ODbL 1.0",
        "source_extract": "https://api.openstreetmap.org/api/0.6/map?bbox=73.066,19.044,73.074,19.052"
      },
      "geometry": {
        "type": "Polygon",
        "coordinates": [
          [
            [
              73.0724263,
              19.0475201
            ],
            [
              73.0725457,
              19.0475016
            ],
            [
              73.0725495,
              19.0475236
            ],
            [
              73.0726469,
              19.0475085
            ],
            [
              73.0726419,
              19.0474796
            ],
            [
              73.0726712,
              19.0474751
            ],
            [
              73.0726626,
              19.0474255
            ],
            [
              73.0726413,
              19.0474288
            ],
            [
              73.072637,
              19.0474037
            ],
            [
              73.0726583,
              19.0474004
            ],
            [
              73.0726422,
              19.0473072
            ],
            [
              73.0725439,
              19.0473224
            ],
            [
              73.0725517,
              19.0473673
            ],
            [
              73.0724967,
              19.0473758
            ],
            [
              73.0724949,
              19.0473653
            ],
            [
              73.072402,
              19.0473797
            ],
            [
              73.0724263,
              19.0475201
            ]
          ]
        ]
      }
    },
    {
      "type": "Feature",
      "properties": {
        "osm_way_id": 354018509,
        "building_type": "yes",
        "name": null,
        "height_m": 6.0,
        "height_source": "display fallback; OSM height unavailable",
        "building_levels": null,
        "source_dataset": "OpenStreetMap",
        "source_license": "ODbL 1.0",
        "source_extract": "https://api.openstreetmap.org/api/0.6/map?bbox=73.066,19.044,73.074,19.052"
      },
      "geometry": {
        "type": "Polygon",
        "coordinates": [
          [
            [
              73.072733,
              19.0474725
            ],
            [
              73.0727757,
              19.0474682
            ],
            [
              73.0727801,
              19.0475075
            ],
            [
              73.0728232,
              19.0475033
            ],
            [
              73.0728198,
              19.0474724
            ],
            [
              73.0728478,
              19.0474696
            ],
            [
              73.0728509,
              19.047498
            ],
            [
              73.0728826,
              19.0474948
            ],
            [
              73.0728854,
              19.0475204
            ],
            [
              73.0729308,
              19.0475159
            ],
            [
              73.072925,
              19.0474632
            ],
            [
              73.0729533,
              19.0474604
            ],
            [
              73.0729492,
              19.0474238
            ],
            [
              73.0729262,
              19.0474261
            ],
            [
              73.0729233,
              19.0474002
            ],
            [
              73.0729863,
              19.0473939
            ],
            [
              73.0729788,
              19.047326
            ],
            [
              73.0727196,
              19.0473518
            ],
            [
              73.072733,
              19.0474725
            ]
          ]
        ]
      }
    },
    {
      "type": "Feature",
      "properties": {
        "osm_way_id": 354018573,
        "building_type": "yes",
        "name": null,
        "height_m": 6.0,
        "height_source": "display fallback; OSM height unavailable",
        "building_levels": null,
        "source_dataset": "OpenStreetMap",
        "source_license": "ODbL 1.0",
        "source_extract": "https://api.openstreetmap.org/api/0.6/map?bbox=73.066,19.044,73.074,19.052"
      },
      "geometry": {
        "type": "Polygon",
        "coordinates": [
          [
            [
              73.071674,
              19.0451746
            ],
            [
              73.0718056,
              19.045159
            ],
            [
              73.0717951,
              19.0450801
            ],
            [
              73.0716635,
              19.0450957
            ],
            [
              73.071674,
              19.0451746
            ]
          ]
        ]
      }
    },
    {
      "type": "Feature",
      "properties": {
        "osm_way_id": 354018630,
        "building_type": "yes",
        "name": null,
        "height_m": 6.0,
        "height_source": "display fallback; OSM height unavailable",
        "building_levels": null,
        "source_dataset": "OpenStreetMap",
        "source_license": "ODbL 1.0",
        "source_extract": "https://api.openstreetmap.org/api/0.6/map?bbox=73.066,19.044,73.074,19.052"
      },
      "geometry": {
        "type": "Polygon",
        "coordinates": [
          [
            [
              73.0716151,
              19.0450755
            ],
            [
              73.0717781,
              19.0450561
            ],
            [
              73.0717639,
              19.0449493
            ],
            [
              73.0716009,
              19.0449687
            ],
            [
              73.0716064,
              19.0450097
            ],
            [
              73.0716413,
              19.0450055
            ],
            [
              73.071645,
              19.0450337
            ],
            [
              73.0716101,
              19.0450378
            ],
            [
              73.0716151,
              19.0450755
            ]
          ]
        ]
      }
    },
    {
      "type": "Feature",
      "properties": {
        "osm_way_id": 354020481,
        "building_type": "yes",
        "name": null,
        "height_m": 6.0,
        "height_source": "display fallback; OSM height unavailable",
        "building_levels": null,
        "source_dataset": "OpenStreetMap",
        "source_license": "ODbL 1.0",
        "source_extract": "https://api.openstreetmap.org/api/0.6/map?bbox=73.066,19.044,73.074,19.052"
      },
      "geometry": {
        "type": "Polygon",
        "coordinates": [
          [
            [
              73.0660423,
              19.0448496
            ],
            [
              73.0661259,
              19.0448387
            ],
            [
              73.0661144,
              19.0447601
            ],
            [
              73.0660308,
              19.044771
            ],
            [
              73.0660423,
              19.0448496
            ]
          ]
        ]
      }
    },
    {
      "type": "Feature",
      "properties": {
        "osm_way_id": 354020482,
        "building_type": "yes",
        "name": null,
        "height_m": 6.0,
        "height_source": "display fallback; OSM height unavailable",
        "building_levels": null,
        "source_dataset": "OpenStreetMap",
        "source_license": "ODbL 1.0",
        "source_extract": "https://api.openstreetmap.org/api/0.6/map?bbox=73.066,19.044,73.074,19.052"
      },
      "geometry": {
        "type": "Polygon",
        "coordinates": [
          [
            [
              73.0659577,
              19.0448424
            ],
            [
              73.0660298,
              19.0448315
            ],
            [
              73.066018,
              19.0447621
            ],
            [
              73.0659459,
              19.044773
            ],
            [
              73.0659577,
              19.0448424
            ]
          ]
        ]
      }
    },
    {
      "type": "Feature",
      "properties": {
        "osm_way_id": 354020484,
        "building_type": "yes",
        "name": null,
        "height_m": 6.0,
        "height_source": "display fallback; OSM height unavailable",
        "building_levels": null,
        "source_dataset": "OpenStreetMap",
        "source_license": "ODbL 1.0",
        "source_extract": "https://api.openstreetmap.org/api/0.6/map?bbox=73.066,19.044,73.074,19.052"
      },
      "geometry": {
        "type": "Polygon",
        "coordinates": [
          [
            [
              73.067526,
              19.0450077
            ],
            [
              73.0676068,
              19.0449982
            ],
            [
              73.0675817,
              19.0448073
            ],
            [
              73.0675009,
              19.0448167
            ],
            [
              73.067526,
              19.0450077
            ]
          ]
        ]
      }
    },
    {
      "type": "Feature",
      "properties": {
        "osm_way_id": 354020486,
        "building_type": "yes",
        "name": null,
        "height_m": 6.0,
        "height_source": "display fallback; OSM height unavailable",
        "building_levels": null,
        "source_dataset": "OpenStreetMap",
        "source_license": "ODbL 1.0",
        "source_extract": "https://api.openstreetmap.org/api/0.6/map?bbox=73.066,19.044,73.074,19.052"
      },
      "geometry": {
        "type": "Polygon",
        "coordinates": [
          [
            [
              73.0664498,
              19.0447706
            ],
            [
              73.0665103,
              19.0447633
            ],
            [
              73.0665021,
              19.0447022
            ],
            [
              73.0664416,
              19.0447095
            ],
            [
              73.0664498,
              19.0447706
            ]
          ]
        ]
      }
    },
    {
      "type": "Feature",
      "properties": {
        "osm_way_id": 354020487,
        "building_type": "yes",
        "name": null,
        "height_m": 6.0,
        "height_source": "display fallback; OSM height unavailable",
        "building_levels": null,
        "source_dataset": "OpenStreetMap",
        "source_license": "ODbL 1.0",
        "source_extract": "https://api.openstreetmap.org/api/0.6/map?bbox=73.066,19.044,73.074,19.052"
      },
      "geometry": {
        "type": "Polygon",
        "coordinates": [
          [
            [
              73.0661336,
              19.0448278
            ],
            [
              73.0661884,
              19.0448178
            ],
            [
              73.0661746,
              19.0447507
            ],
            [
              73.0661198,
              19.0447607
            ],
            [
              73.0661336,
              19.0448278
            ]
          ]
        ]
      }
    },
    {
      "type": "Feature",
      "properties": {
        "osm_way_id": 354020494,
        "building_type": "yes",
        "name": null,
        "height_m": 6.0,
        "height_source": "display fallback; OSM height unavailable",
        "building_levels": null,
        "source_dataset": "OpenStreetMap",
        "source_license": "ODbL 1.0",
        "source_extract": "https://api.openstreetmap.org/api/0.6/map?bbox=73.066,19.044,73.074,19.052"
      },
      "geometry": {
        "type": "Polygon",
        "coordinates": [
          [
            [
              73.0665276,
              19.0447751
            ],
            [
              73.066667,
              19.0447606
            ],
            [
              73.0666589,
              19.0446909
            ],
            [
              73.0665195,
              19.0447054
            ],
            [
              73.0665276,
              19.0447751
            ]
          ]
        ]
      }
    },
    {
      "type": "Feature",
      "properties": {
        "osm_way_id": 354020498,
        "building_type": "yes",
        "name": null,
        "height_m": 6.0,
        "height_source": "display fallback; OSM height unavailable",
        "building_levels": null,
        "source_dataset": "OpenStreetMap",
        "source_license": "ODbL 1.0",
        "source_extract": "https://api.openstreetmap.org/api/0.6/map?bbox=73.066,19.044,73.074,19.052"
      },
      "geometry": {
        "type": "Polygon",
        "coordinates": [
          [
            [
              73.0662297,
              19.0448278
            ],
            [
              73.066321,
              19.0448124
            ],
            [
              73.0663073,
              19.0447403
            ],
            [
              73.066216,
              19.0447557
            ],
            [
              73.0662297,
              19.0448278
            ]
          ]
        ]
      }
    },
    {
      "type": "Feature",
      "properties": {
        "osm_way_id": 354020500,
        "building_type": "yes",
        "name": null,
        "height_m": 6.0,
        "height_source": "display fallback; OSM height unavailable",
        "building_levels": null,
        "source_dataset": "OpenStreetMap",
        "source_license": "ODbL 1.0",
        "source_extract": "https://api.openstreetmap.org/api/0.6/map?bbox=73.066,19.044,73.074,19.052"
      },
      "geometry": {
        "type": "Polygon",
        "coordinates": [
          [
            [
              73.0663412,
              19.0448115
            ],
            [
              73.0664383,
              19.0447888
            ],
            [
              73.0664179,
              19.0447109
            ],
            [
              73.0663208,
              19.0447336
            ],
            [
              73.0663412,
              19.0448115
            ]
          ]
        ]
      }
    },
    {
      "type": "Feature",
      "properties": {
        "osm_way_id": 355406872,
        "building_type": "yes",
        "name": null,
        "height_m": 6.0,
        "height_source": "display fallback; OSM height unavailable",
        "building_levels": null,
        "source_dataset": "OpenStreetMap",
        "source_license": "ODbL 1.0",
        "source_extract": "https://api.openstreetmap.org/api/0.6/map?bbox=73.066,19.044,73.074,19.052"
      },
      "geometry": {
        "type": "Polygon",
        "coordinates": [
          [
            [
              73.0707566,
              19.0478824
            ],
            [
              73.0709548,
              19.0478574
            ],
            [
              73.0708936,
              19.0474244
            ],
            [
              73.0706953,
              19.0474495
            ],
            [
              73.0707566,
              19.0478824
            ]
          ]
        ]
      }
    },
    {
      "type": "Feature",
      "properties": {
        "osm_way_id": 355406876,
        "building_type": "yes",
        "name": null,
        "height_m": 6.0,
        "height_source": "display fallback; OSM height unavailable",
        "building_levels": null,
        "source_dataset": "OpenStreetMap",
        "source_license": "ODbL 1.0",
        "source_extract": "https://api.openstreetmap.org/api/0.6/map?bbox=73.066,19.044,73.074,19.052"
      },
      "geometry": {
        "type": "Polygon",
        "coordinates": [
          [
            [
              73.0709967,
              19.0474421
            ],
            [
              73.0710503,
              19.0478022
            ],
            [
              73.0712564,
              19.0477748
            ],
            [
              73.0712028,
              19.0474146
            ],
            [
              73.0709967,
              19.0474421
            ]
          ]
        ]
      }
    },
    {
      "type": "Feature",
      "properties": {
        "osm_way_id": 355406878,
        "building_type": "yes",
        "name": null,
        "height_m": 6.0,
        "height_source": "display fallback; OSM height unavailable",
        "building_levels": null,
        "source_dataset": "OpenStreetMap",
        "source_license": "ODbL 1.0",
        "source_extract": "https://api.openstreetmap.org/api/0.6/map?bbox=73.066,19.044,73.074,19.052"
      },
      "geometry": {
        "type": "Polygon",
        "coordinates": [
          [
            [
              73.0720669,
              19.0477857
            ],
            [
              73.0722428,
              19.0477725
            ],
            [
              73.0722152,
              19.0474439
            ],
            [
              73.0720393,
              19.0474571
            ],
            [
              73.0720669,
              19.0477857
            ]
          ]
        ]
      }
    },
    {
      "type": "Feature",
      "properties": {
        "osm_way_id": 355406880,
        "building_type": "yes",
        "name": null,
        "height_m": 6.0,
        "height_source": "display fallback; OSM height unavailable",
        "building_levels": null,
        "source_dataset": "OpenStreetMap",
        "source_license": "ODbL 1.0",
        "source_extract": "https://api.openstreetmap.org/api/0.6/map?bbox=73.066,19.044,73.074,19.052"
      },
      "geometry": {
        "type": "Polygon",
        "coordinates": [
          [
            [
              73.0713606,
              19.0478553
            ],
            [
              73.0716296,
              19.047832
            ],
            [
              73.0715781,
              19.0473006
            ],
            [
              73.071309,
              19.0473239
            ],
            [
              73.0713606,
              19.0478553
            ]
          ]
        ]
      }
    },
    {
      "type": "Feature",
      "properties": {
        "osm_way_id": 355406882,
        "building_type": "yes",
        "name": null,
        "height_m": 6.0,
        "height_source": "display fallback; OSM height unavailable",
        "building_levels": null,
        "source_dataset": "OpenStreetMap",
        "source_license": "ODbL 1.0",
        "source_extract": "https://api.openstreetmap.org/api/0.6/map?bbox=73.066,19.044,73.074,19.052"
      },
      "geometry": {
        "type": "Polygon",
        "coordinates": [
          [
            [
              73.071684,
              19.047777
            ],
            [
              73.0719337,
              19.0477541
            ],
            [
              73.0719071,
              19.0474952
            ],
            [
              73.0716574,
              19.0475182
            ],
            [
              73.0716682,
              19.047623
            ],
            [
              73.071761,
              19.0476145
            ],
            [
              73.0717685,
              19.0476869
            ],
            [
              73.0717448,
              19.047689
            ],
            [
              73.0716756,
              19.0476954
            ],
            [
              73.071684,
              19.047777
            ]
          ]
        ]
      }
    },
    {
      "type": "Feature",
      "properties": {
        "osm_way_id": 358323776,
        "building_type": "yes",
        "name": null,
        "height_m": 6.0,
        "height_source": "display fallback; OSM height unavailable",
        "building_levels": null,
        "source_dataset": "OpenStreetMap",
        "source_license": "ODbL 1.0",
        "source_extract": "https://api.openstreetmap.org/api/0.6/map?bbox=73.066,19.044,73.074,19.052"
      },
      "geometry": {
        "type": "Polygon",
        "coordinates": [
          [
            [
              73.0671758,
              19.0506781
            ],
            [
              73.0671873,
              19.0506449
            ],
            [
              73.0671852,
              19.050591
            ],
            [
              73.0671572,
              19.0505503
            ],
            [
              73.067122,
              19.0505447
            ],
            [
              73.0670688,
              19.0505616
            ],
            [
              73.0670445,
              19.0505944
            ],
            [
              73.0670234,
              19.0505955
            ],
            [
              73.0670275,
              19.0506635
            ],
            [
              73.0670582,
              19.0506618
            ],
            [
              73.0670881,
              19.0506941
            ],
            [
              73.0671445,
              19.0506983
            ],
            [
              73.0671758,
              19.0506781
            ]
          ]
        ]
      }
    },
    {
      "type": "Feature",
      "properties": {
        "osm_way_id": 358323780,
        "building_type": "yes",
        "name": null,
        "height_m": 6.0,
        "height_source": "display fallback; OSM height unavailable",
        "building_levels": null,
        "source_dataset": "OpenStreetMap",
        "source_license": "ODbL 1.0",
        "source_extract": "https://api.openstreetmap.org/api/0.6/map?bbox=73.066,19.044,73.074,19.052"
      },
      "geometry": {
        "type": "Polygon",
        "coordinates": [
          [
            [
              73.0720634,
              19.0495893
            ],
            [
              73.0722605,
              19.0495803
            ],
            [
              73.0722522,
              19.0494189
            ],
            [
              73.0720551,
              19.0494279
            ],
            [
              73.0720634,
              19.0495893
            ]
          ]
        ]
      }
    },
    {
      "type": "Feature",
      "properties": {
        "osm_way_id": 358323781,
        "building_type": "yes",
        "name": null,
        "height_m": 6.0,
        "height_source": "display fallback; OSM height unavailable",
        "building_levels": null,
        "source_dataset": "OpenStreetMap",
        "source_license": "ODbL 1.0",
        "source_extract": "https://api.openstreetmap.org/api/0.6/map?bbox=73.066,19.044,73.074,19.052"
      },
      "geometry": {
        "type": "Polygon",
        "coordinates": [
          [
            [
              73.067281,
              19.05187
            ],
            [
              73.0674267,
              19.0519184
            ],
            [
              73.0674752,
              19.0517881
            ],
            [
              73.0673295,
              19.0517397
            ],
            [
              73.067281,
              19.05187
            ]
          ]
        ]
      }
    },
    {
      "type": "Feature",
      "properties": {
        "osm_way_id": 358323785,
        "building_type": "yes",
        "name": null,
        "height_m": 6.0,
        "height_source": "display fallback; OSM height unavailable",
        "building_levels": null,
        "source_dataset": "OpenStreetMap",
        "source_license": "ODbL 1.0",
        "source_extract": "https://api.openstreetmap.org/api/0.6/map?bbox=73.066,19.044,73.074,19.052"
      },
      "geometry": {
        "type": "Polygon",
        "coordinates": [
          [
            [
              73.0668928,
              19.0517541
            ],
            [
              73.0670382,
              19.0517939
            ],
            [
              73.0670766,
              19.0516688
            ],
            [
              73.0669311,
              19.0516289
            ],
            [
              73.0668928,
              19.0517541
            ]
          ]
        ]
      }
    },
    {
      "type": "Feature",
      "properties": {
        "osm_way_id": 358323786,
        "building_type": "yes",
        "name": null,
        "height_m": 6.0,
        "height_source": "display fallback; OSM height unavailable",
        "building_levels": null,
        "source_dataset": "OpenStreetMap",
        "source_license": "ODbL 1.0",
        "source_extract": "https://api.openstreetmap.org/api/0.6/map?bbox=73.066,19.044,73.074,19.052"
      },
      "geometry": {
        "type": "Polygon",
        "coordinates": [
          [
            [
              73.0725828,
              19.0486654
            ],
            [
              73.0727087,
              19.0485346
            ],
            [
              73.0726528,
              19.0484865
            ],
            [
              73.0725269,
              19.0486174
            ],
            [
              73.0725828,
              19.0486654
            ]
          ]
        ]
      }
    },
    {
      "type": "Feature",
      "properties": {
        "osm_way_id": 358323799,
        "building_type": "yes",
        "name": null,
        "height_m": 6.0,
        "height_source": "display fallback; OSM height unavailable",
        "building_levels": null,
        "source_dataset": "OpenStreetMap",
        "source_license": "ODbL 1.0",
        "source_extract": "https://api.openstreetmap.org/api/0.6/map?bbox=73.066,19.044,73.074,19.052"
      },
      "geometry": {
        "type": "Polygon",
        "coordinates": [
          [
            [
              73.0707961,
              19.0515836
            ],
            [
              73.0707499,
              19.0513146
            ],
            [
              73.0706605,
              19.0513283
            ],
            [
              73.0707066,
              19.0515973
            ],
            [
              73.0707961,
              19.0515836
            ]
          ]
        ]
      }
    },
    {
      "type": "Feature",
      "properties": {
        "osm_way_id": 358323808,
        "building_type": "yes",
        "name": null,
        "height_m": 6.0,
        "height_source": "display fallback; OSM height unavailable",
        "building_levels": null,
        "source_dataset": "OpenStreetMap",
        "source_license": "ODbL 1.0",
        "source_extract": "https://api.openstreetmap.org/api/0.6/map?bbox=73.066,19.044,73.074,19.052"
      },
      "geometry": {
        "type": "Polygon",
        "coordinates": [
          [
            [
              73.0727414,
              19.0483527
            ],
            [
              73.0728106,
              19.0484038
            ],
            [
              73.0729384,
              19.0482494
            ],
            [
              73.0728692,
              19.0481982
            ],
            [
              73.0727414,
              19.0483527
            ]
          ]
        ]
      }
    },
    {
      "type": "Feature",
      "properties": {
        "osm_way_id": 358323815,
        "building_type": "yes",
        "name": null,
        "height_m": 6.0,
        "height_source": "display fallback; OSM height unavailable",
        "building_levels": null,
        "source_dataset": "OpenStreetMap",
        "source_license": "ODbL 1.0",
        "source_extract": "https://api.openstreetmap.org/api/0.6/map?bbox=73.066,19.044,73.074,19.052"
      },
      "geometry": {
        "type": "Polygon",
        "coordinates": [
          [
            [
              73.07303,
              19.0481299
            ],
            [
              73.073153,
              19.0479836
            ],
            [
              73.0730911,
              19.047937
            ],
            [
              73.072968,
              19.0480833
            ],
            [
              73.07303,
              19.0481299
            ]
          ]
        ]
      }
    },
    {
      "type": "Feature",
      "properties": {
        "osm_way_id": 358323826,
        "building_type": "yes",
        "name": null,
        "height_m": 6.0,
        "height_source": "display fallback; OSM height unavailable",
        "building_levels": null,
        "source_dataset": "OpenStreetMap",
        "source_license": "ODbL 1.0",
        "source_extract": "https://api.openstreetmap.org/api/0.6/map?bbox=73.066,19.044,73.074,19.052"
      },
      "geometry": {
        "type": "Polygon",
        "coordinates": [
          [
            [
              73.0729809,
              19.047824
            ],
            [
              73.072972,
              19.0476327
            ],
            [
              73.0728353,
              19.0476383
            ],
            [
              73.0728415,
              19.047773
            ],
            [
              73.0726762,
              19.0479635
            ],
            [
              73.0727822,
              19.0480457
            ],
            [
              73.0729809,
              19.047824
            ]
          ]
        ]
      }
    },
    {
      "type": "Feature",
      "properties": {
        "osm_way_id": 358323828,
        "building_type": "yes",
        "name": null,
        "height_m": 6.0,
        "height_source": "display fallback; OSM height unavailable",
        "building_levels": null,
        "source_dataset": "OpenStreetMap",
        "source_license": "ODbL 1.0",
        "source_extract": "https://api.openstreetmap.org/api/0.6/map?bbox=73.066,19.044,73.074,19.052"
      },
      "geometry": {
        "type": "Polygon",
        "coordinates": [
          [
            [
              73.0682752,
              19.0512028
            ],
            [
              73.0683066,
              19.0513716
            ],
            [
              73.0685003,
              19.0513394
            ],
            [
              73.0685081,
              19.0513816
            ],
            [
              73.0686081,
              19.051365
            ],
            [
              73.0685689,
              19.051154
            ],
            [
              73.0682752,
              19.0512028
            ]
          ]
        ]
      }
    },
    {
      "type": "Feature",
      "properties": {
        "osm_way_id": 358323831,
        "building_type": "yes",
        "name": null,
        "height_m": 6.0,
        "height_source": "display fallback; OSM height unavailable",
        "building_levels": null,
        "source_dataset": "OpenStreetMap",
        "source_license": "ODbL 1.0",
        "source_extract": "https://api.openstreetmap.org/api/0.6/map?bbox=73.066,19.044,73.074,19.052"
      },
      "geometry": {
        "type": "Polygon",
        "coordinates": [
          [
            [
              73.0676827,
              19.0518033
            ],
            [
              73.0677452,
              19.0516788
            ],
            [
              73.0676636,
              19.0516422
            ],
            [
              73.0676511,
              19.0516671
            ],
            [
              73.0677004,
              19.0516893
            ],
            [
              73.0676695,
              19.051751
            ],
            [
              73.0676069,
              19.051723
            ],
            [
              73.067588,
              19.0517608
            ],
            [
              73.0676827,
              19.0518033
            ]
          ]
        ]
      }
    },
    {
      "type": "Feature",
      "properties": {
        "osm_way_id": 372669339,
        "building_type": "yes",
        "name": "Tiara Shopping Centre",
        "height_m": 6.0,
        "height_source": "display fallback; OSM height unavailable",
        "building_levels": null,
        "source_dataset": "OpenStreetMap",
        "source_license": "ODbL 1.0",
        "source_extract": "https://api.openstreetmap.org/api/0.6/map?bbox=73.066,19.044,73.074,19.052"
      },
      "geometry": {
        "type": "Polygon",
        "coordinates": [
          [
            [
              73.0723119,
              19.0468357
            ],
            [
              73.0726074,
              19.0468056
            ],
            [
              73.0727809,
              19.0467286
            ],
            [
              73.0727508,
              19.0462937
            ],
            [
              73.0723119,
              19.0468357
            ]
          ]
        ]
      }
    },
    {
      "type": "Feature",
      "properties": {
        "osm_way_id": 372803747,
        "building_type": "yes",
        "name": "Panvel Muni Corp. Ward A Office (Kharghar Gram Panchayat)",
        "height_m": 6.0,
        "height_source": "display fallback; OSM height unavailable",
        "building_levels": null,
        "source_dataset": "OpenStreetMap",
        "source_license": "ODbL 1.0",
        "source_extract": "https://api.openstreetmap.org/api/0.6/map?bbox=73.066,19.044,73.074,19.052"
      },
      "geometry": {
        "type": "Polygon",
        "coordinates": [
          [
            [
              73.0715451,
              19.0446433
            ],
            [
              73.0715451,
              19.0445115
            ],
            [
              73.0714163,
              19.0444912
            ],
            [
              73.0714163,
              19.0445419
            ],
            [
              73.0714861,
              19.0445521
            ],
            [
              73.0714914,
              19.0446332
            ],
            [
              73.0715451,
              19.0446433
            ]
          ]
        ]
      }
    },
    {
      "type": "Feature",
      "properties": {
        "osm_way_id": 416074984,
        "building_type": "yes",
        "name": null,
        "height_m": 6.0,
        "height_source": "display fallback; OSM height unavailable",
        "building_levels": null,
        "source_dataset": "OpenStreetMap",
        "source_license": "ODbL 1.0",
        "source_extract": "https://api.openstreetmap.org/api/0.6/map?bbox=73.066,19.044,73.074,19.052"
      },
      "geometry": {
        "type": "Polygon",
        "coordinates": [
          [
            [
              73.0666771,
              19.0441855
            ],
            [
              73.0667716,
              19.0441766
            ],
            [
              73.0667632,
              19.044096
            ],
            [
              73.0666686,
              19.0441049
            ],
            [
              73.0666771,
              19.0441855
            ]
          ]
        ]
      }
    },
    {
      "type": "Feature",
      "properties": {
        "osm_way_id": 416074988,
        "building_type": "yes",
        "name": null,
        "height_m": 6.0,
        "height_source": "display fallback; OSM height unavailable",
        "building_levels": null,
        "source_dataset": "OpenStreetMap",
        "source_license": "ODbL 1.0",
        "source_extract": "https://api.openstreetmap.org/api/0.6/map?bbox=73.066,19.044,73.074,19.052"
      },
      "geometry": {
        "type": "Polygon",
        "coordinates": [
          [
            [
              73.0666999,
              19.0442723
            ],
            [
              73.0667864,
              19.0442622
            ],
            [
              73.0667767,
              19.0441881
            ],
            [
              73.0666902,
              19.0441983
            ],
            [
              73.0666999,
              19.0442723
            ]
          ]
        ]
      }
    },
    {
      "type": "Feature",
      "properties": {
        "osm_way_id": 416074992,
        "building_type": "yes",
        "name": null,
        "height_m": 6.0,
        "height_source": "display fallback; OSM height unavailable",
        "building_levels": null,
        "source_dataset": "OpenStreetMap",
        "source_license": "ODbL 1.0",
        "source_extract": "https://api.openstreetmap.org/api/0.6/map?bbox=73.066,19.044,73.074,19.052"
      },
      "geometry": {
        "type": "Polygon",
        "coordinates": [
          [
            [
              73.0666179,
              19.0440762
            ],
            [
              73.0667094,
              19.0440651
            ],
            [
              73.0666946,
              19.0439564
            ],
            [
              73.0666031,
              19.0439675
            ],
            [
              73.0666179,
              19.0440762
            ]
          ]
        ]
      }
    },
    {
      "type": "Feature",
      "properties": {
        "osm_way_id": 416074998,
        "building_type": "yes",
        "name": null,
        "height_m": 6.0,
        "height_source": "display fallback; OSM height unavailable",
        "building_levels": null,
        "source_dataset": "OpenStreetMap",
        "source_license": "ODbL 1.0",
        "source_extract": "https://api.openstreetmap.org/api/0.6/map?bbox=73.066,19.044,73.074,19.052"
      },
      "geometry": {
        "type": "Polygon",
        "coordinates": [
          [
            [
              73.0666969,
              19.044388
            ],
            [
              73.0667884,
              19.0443741
            ],
            [
              73.0667772,
              19.0443084
            ],
            [
              73.0666857,
              19.0443224
            ],
            [
              73.0666969,
              19.044388
            ]
          ]
        ]
      }
    },
    {
      "type": "Feature",
      "properties": {
        "osm_way_id": 416075006,
        "building_type": "yes",
        "name": null,
        "height_m": 6.0,
        "height_source": "display fallback; OSM height unavailable",
        "building_levels": null,
        "source_dataset": "OpenStreetMap",
        "source_license": "ODbL 1.0",
        "source_extract": "https://api.openstreetmap.org/api/0.6/map?bbox=73.066,19.044,73.074,19.052"
      },
      "geometry": {
        "type": "Polygon",
        "coordinates": [
          [
            [
              73.0660059,
              19.0440159
            ],
            [
              73.0661862,
              19.043995
            ],
            [
              73.0661763,
              19.0439182
            ],
            [
              73.0659959,
              19.0439391
            ],
            [
              73.0660059,
              19.0440159
            ]
          ]
        ]
      }
    },
    {
      "type": "Feature",
      "properties": {
        "osm_way_id": 416089581,
        "building_type": "yes",
        "name": null,
        "height_m": 6.0,
        "height_source": "display fallback; OSM height unavailable",
        "building_levels": null,
        "source_dataset": "OpenStreetMap",
        "source_license": "ODbL 1.0",
        "source_extract": "https://api.openstreetmap.org/api/0.6/map?bbox=73.066,19.044,73.074,19.052"
      },
      "geometry": {
        "type": "Polygon",
        "coordinates": [
          [
            [
              73.0704993,
              19.04457
            ],
            [
              73.0705658,
              19.044563
            ],
            [
              73.070554,
              19.0444641
            ],
            [
              73.0704876,
              19.0444711
            ],
            [
              73.0704993,
              19.04457
            ]
          ]
        ]
      }
    },
    {
      "type": "Feature",
      "properties": {
        "osm_way_id": 416089584,
        "building_type": "yes",
        "name": null,
        "height_m": 6.0,
        "height_source": "display fallback; OSM height unavailable",
        "building_levels": null,
        "source_dataset": "OpenStreetMap",
        "source_license": "ODbL 1.0",
        "source_extract": "https://api.openstreetmap.org/api/0.6/map?bbox=73.066,19.044,73.074,19.052"
      },
      "geometry": {
        "type": "Polygon",
        "coordinates": [
          [
            [
              73.0701952,
              19.0447605
            ],
            [
              73.0703293,
              19.0447545
            ],
            [
              73.0703263,
              19.0446945
            ],
            [
              73.0701922,
              19.0447005
            ],
            [
              73.0701952,
              19.0447605
            ]
          ]
        ]
      }
    },
    {
      "type": "Feature",
      "properties": {
        "osm_way_id": 416089592,
        "building_type": "yes",
        "name": null,
        "height_m": 6.0,
        "height_source": "display fallback; OSM height unavailable",
        "building_levels": null,
        "source_dataset": "OpenStreetMap",
        "source_license": "ODbL 1.0",
        "source_extract": "https://api.openstreetmap.org/api/0.6/map?bbox=73.066,19.044,73.074,19.052"
      },
      "geometry": {
        "type": "Polygon",
        "coordinates": [
          [
            [
              73.0702589,
              19.0444835
            ],
            [
              73.0703692,
              19.0444838
            ],
            [
              73.0703695,
              19.0444081
            ],
            [
              73.0702592,
              19.0444078
            ],
            [
              73.0702589,
              19.0444835
            ]
          ]
        ]
      }
    },
    {
      "type": "Feature",
      "properties": {
        "osm_way_id": 416089597,
        "building_type": "yes",
        "name": null,
        "height_m": 6.0,
        "height_source": "display fallback; OSM height unavailable",
        "building_levels": null,
        "source_dataset": "OpenStreetMap",
        "source_license": "ODbL 1.0",
        "source_extract": "https://api.openstreetmap.org/api/0.6/map?bbox=73.066,19.044,73.074,19.052"
      },
      "geometry": {
        "type": "Polygon",
        "coordinates": [
          [
            [
              73.0700862,
              19.0448832
            ],
            [
              73.0701721,
              19.0448744
            ],
            [
              73.070163,
              19.0447956
            ],
            [
              73.0700771,
              19.0448045
            ],
            [
              73.0700862,
              19.0448832
            ]
          ]
        ]
      }
    },
    {
      "type": "Feature",
      "properties": {
        "osm_way_id": 416089600,
        "building_type": "yes",
        "name": null,
        "height_m": 6.0,
        "height_source": "display fallback; OSM height unavailable",
        "building_levels": null,
        "source_dataset": "OpenStreetMap",
        "source_license": "ODbL 1.0",
        "source_extract": "https://api.openstreetmap.org/api/0.6/map?bbox=73.066,19.044,73.074,19.052"
      },
      "geometry": {
        "type": "Polygon",
        "coordinates": [
          [
            [
              73.070158,
              19.0447522
            ],
            [
              73.070166,
              19.0446664
            ],
            [
              73.0701133,
              19.0446619
            ],
            [
              73.0701052,
              19.0447478
            ],
            [
              73.070158,
              19.0447522
            ]
          ]
        ]
      }
    },
    {
      "type": "Feature",
      "properties": {
        "osm_way_id": 416089604,
        "building_type": "yes",
        "name": null,
        "height_m": 6.0,
        "height_source": "display fallback; OSM height unavailable",
        "building_levels": null,
        "source_dataset": "OpenStreetMap",
        "source_license": "ODbL 1.0",
        "source_extract": "https://api.openstreetmap.org/api/0.6/map?bbox=73.066,19.044,73.074,19.052"
      },
      "geometry": {
        "type": "Polygon",
        "coordinates": [
          [
            [
              73.0702639,
              19.0450853
            ],
            [
              73.070394,
              19.0450568
            ],
            [
              73.0703798,
              19.044999
            ],
            [
              73.0702497,
              19.0450275
            ],
            [
              73.0702639,
              19.0450853
            ]
          ]
        ]
      }
    },
    {
      "type": "Feature",
      "properties": {
        "osm_way_id": 416089619,
        "building_type": "yes",
        "name": null,
        "height_m": 6.0,
        "height_source": "display fallback; OSM height unavailable",
        "building_levels": null,
        "source_dataset": "OpenStreetMap",
        "source_license": "ODbL 1.0",
        "source_extract": "https://api.openstreetmap.org/api/0.6/map?bbox=73.066,19.044,73.074,19.052"
      },
      "geometry": {
        "type": "Polygon",
        "coordinates": [
          [
            [
              73.0701872,
              19.0448679
            ],
            [
              73.0703685,
              19.0448413
            ],
            [
              73.0703583,
              19.0447788
            ],
            [
              73.0701769,
              19.0448054
            ],
            [
              73.0701872,
              19.0448679
            ]
          ]
        ]
      }
    },
    {
      "type": "Feature",
      "properties": {
        "osm_way_id": 416089621,
        "building_type": "yes",
        "name": null,
        "height_m": 6.0,
        "height_source": "display fallback; OSM height unavailable",
        "building_levels": null,
        "source_dataset": "OpenStreetMap",
        "source_license": "ODbL 1.0",
        "source_extract": "https://api.openstreetmap.org/api/0.6/map?bbox=73.066,19.044,73.074,19.052"
      },
      "geometry": {
        "type": "Polygon",
        "coordinates": [
          [
            [
              73.0705467,
              19.0448326
            ],
            [
              73.070652,
              19.0447978
            ],
            [
              73.070619,
              19.0447086
            ],
            [
              73.0705137,
              19.0447435
            ],
            [
              73.0705467,
              19.0448326
            ]
          ]
        ]
      }
    },
    {
      "type": "Feature",
      "properties": {
        "osm_way_id": 416089626,
        "building_type": "yes",
        "name": null,
        "height_m": 6.0,
        "height_source": "display fallback; OSM height unavailable",
        "building_levels": null,
        "source_dataset": "OpenStreetMap",
        "source_license": "ODbL 1.0",
        "source_extract": "https://api.openstreetmap.org/api/0.6/map?bbox=73.066,19.044,73.074,19.052"
      },
      "geometry": {
        "type": "Polygon",
        "coordinates": [
          [
            [
              73.0701377,
              19.0452424
            ],
            [
              73.0702416,
              19.0452176
            ],
            [
              73.0702216,
              19.0451423
            ],
            [
              73.0701177,
              19.045167
            ],
            [
              73.0701377,
              19.0452424
            ]
          ]
        ]
      }
    },
    {
      "type": "Feature",
      "properties": {
        "osm_way_id": 416089629,
        "building_type": "yes",
        "name": null,
        "height_m": 6.0,
        "height_source": "display fallback; OSM height unavailable",
        "building_levels": null,
        "source_dataset": "OpenStreetMap",
        "source_license": "ODbL 1.0",
        "source_extract": "https://api.openstreetmap.org/api/0.6/map?bbox=73.066,19.044,73.074,19.052"
      },
      "geometry": {
        "type": "Polygon",
        "coordinates": [
          [
            [
              73.0705291,
              19.0443504
            ],
            [
              73.070517,
              19.0442599
            ],
            [
              73.0704497,
              19.044268
            ],
            [
              73.0704618,
              19.0443585
            ],
            [
              73.0705291,
              19.0443504
            ]
          ]
        ]
      }
    },
    {
      "type": "Feature",
      "properties": {
        "osm_way_id": 416089634,
        "building_type": "yes",
        "name": null,
        "height_m": 6.0,
        "height_source": "display fallback; OSM height unavailable",
        "building_levels": null,
        "source_dataset": "OpenStreetMap",
        "source_license": "ODbL 1.0",
        "source_extract": "https://api.openstreetmap.org/api/0.6/map?bbox=73.066,19.044,73.074,19.052"
      },
      "geometry": {
        "type": "Polygon",
        "coordinates": [
          [
            [
              73.0710185,
              19.0445171
            ],
            [
              73.0711364,
              19.0445073
            ],
            [
              73.0711278,
              19.0444152
            ],
            [
              73.0710099,
              19.0444251
            ],
            [
              73.0710185,
              19.0445171
            ]
          ]
        ]
      }
    },
    {
      "type": "Feature",
      "properties": {
        "osm_way_id": 416089641,
        "building_type": "yes",
        "name": null,
        "height_m": 6.0,
        "height_source": "display fallback; OSM height unavailable",
        "building_levels": null,
        "source_dataset": "OpenStreetMap",
        "source_license": "ODbL 1.0",
        "source_extract": "https://api.openstreetmap.org/api/0.6/map?bbox=73.066,19.044,73.074,19.052"
      },
      "geometry": {
        "type": "Polygon",
        "coordinates": [
          [
            [
              73.0710676,
              19.044596
            ],
            [
              73.0711735,
              19.0445684
            ],
            [
              73.0711578,
              19.0445143
            ],
            [
              73.0710518,
              19.0445419
            ],
            [
              73.0710676,
              19.044596
            ]
          ]
        ]
      }
    },
    {
      "type": "Feature",
      "properties": {
        "osm_way_id": 416089644,
        "building_type": "yes",
        "name": null,
        "height_m": 6.0,
        "height_source": "display fallback; OSM height unavailable",
        "building_levels": null,
        "source_dataset": "OpenStreetMap",
        "source_license": "ODbL 1.0",
        "source_extract": "https://api.openstreetmap.org/api/0.6/map?bbox=73.066,19.044,73.074,19.052"
      },
      "geometry": {
        "type": "Polygon",
        "coordinates": [
          [
            [
              73.0720339,
              19.0473868
            ],
            [
              73.0723054,
              19.0473678
            ],
            [
              73.0722958,
              19.0472452
            ],
            [
              73.0720243,
              19.0472642
            ],
            [
              73.0720339,
              19.0473868
            ]
          ]
        ]
      }
    },
    {
      "type": "Feature",
      "properties": {
        "osm_way_id": 416089648,
        "building_type": "yes",
        "name": null,
        "height_m": 6.0,
        "height_source": "display fallback; OSM height unavailable",
        "building_levels": null,
        "source_dataset": "OpenStreetMap",
        "source_license": "ODbL 1.0",
        "source_extract": "https://api.openstreetmap.org/api/0.6/map?bbox=73.066,19.044,73.074,19.052"
      },
      "geometry": {
        "type": "Polygon",
        "coordinates": [
          [
            [
              73.0705382,
              19.0443304
            ],
            [
              73.0706068,
              19.044315
            ],
            [
              73.0705874,
              19.0442377
            ],
            [
              73.0705188,
              19.0442531
            ],
            [
              73.0705382,
              19.0443304
            ]
          ]
        ]
      }
    },
    {
      "type": "Feature",
      "properties": {
        "osm_way_id": 416089652,
        "building_type": "yes",
        "name": null,
        "height_m": 6.0,
        "height_source": "display fallback; OSM height unavailable",
        "building_levels": null,
        "source_dataset": "OpenStreetMap",
        "source_license": "ODbL 1.0",
        "source_extract": "https://api.openstreetmap.org/api/0.6/map?bbox=73.066,19.044,73.074,19.052"
      },
      "geometry": {
        "type": "Polygon",
        "coordinates": [
          [
            [
              73.0703142,
              19.0449307
            ],
            [
              73.0703045,
              19.0448673
            ],
            [
              73.0702074,
              19.0448806
            ],
            [
              73.0702171,
              19.044944
            ],
            [
              73.0703142,
              19.0449307
            ]
          ]
        ]
      }
    },
    {
      "type": "Feature",
      "properties": {
        "osm_way_id": 416089655,
        "building_type": "yes",
        "name": null,
        "height_m": 6.0,
        "height_source": "display fallback; OSM height unavailable",
        "building_levels": null,
        "source_dataset": "OpenStreetMap",
        "source_license": "ODbL 1.0",
        "source_extract": "https://api.openstreetmap.org/api/0.6/map?bbox=73.066,19.044,73.074,19.052"
      },
      "geometry": {
        "type": "Polygon",
        "coordinates": [
          [
            [
              73.070396,
              19.0445678
            ],
            [
              73.0704849,
              19.0445573
            ],
            [
              73.0704737,
              19.0444726
            ],
            [
              73.0703849,
              19.044483
            ],
            [
              73.070396,
              19.0445678
            ]
          ]
        ]
      }
    },
    {
      "type": "Feature",
      "properties": {
        "osm_way_id": 416089658,
        "building_type": "yes",
        "name": null,
        "height_m": 6.0,
        "height_source": "display fallback; OSM height unavailable",
        "building_levels": null,
        "source_dataset": "OpenStreetMap",
        "source_license": "ODbL 1.0",
        "source_extract": "https://api.openstreetmap.org/api/0.6/map?bbox=73.066,19.044,73.074,19.052"
      },
      "geometry": {
        "type": "Polygon",
        "coordinates": [
          [
            [
              73.0703015,
              19.0444049
            ],
            [
              73.0703924,
              19.0444036
            ],
            [
              73.0703904,
              19.0442796
            ],
            [
              73.0702996,
              19.0442808
            ],
            [
              73.0703015,
              19.0444049
            ]
          ]
        ]
      }
    },
    {
      "type": "Feature",
      "properties": {
        "osm_way_id": 416089667,
        "building_type": "yes",
        "name": null,
        "height_m": 6.0,
        "height_source": "display fallback; OSM height unavailable",
        "building_levels": null,
        "source_dataset": "OpenStreetMap",
        "source_license": "ODbL 1.0",
        "source_extract": "https://api.openstreetmap.org/api/0.6/map?bbox=73.066,19.044,73.074,19.052"
      },
      "geometry": {
        "type": "Polygon",
        "coordinates": [
          [
            [
              73.0702495,
              19.0451852
            ],
            [
              73.0703913,
              19.0451506
            ],
            [
              73.0703714,
              19.0450773
            ],
            [
              73.0702295,
              19.0451118
            ],
            [
              73.0702495,
              19.0451852
            ]
          ]
        ]
      }
    },
    {
      "type": "Feature",
      "properties": {
        "osm_way_id": 416089671,
        "building_type": "yes",
        "name": null,
        "height_m": 6.0,
        "height_source": "display fallback; OSM height unavailable",
        "building_levels": null,
        "source_dataset": "OpenStreetMap",
        "source_license": "ODbL 1.0",
        "source_extract": "https://api.openstreetmap.org/api/0.6/map?bbox=73.066,19.044,73.074,19.052"
      },
      "geometry": {
        "type": "Polygon",
        "coordinates": [
          [
            [
              73.0709124,
              19.0451471
            ],
            [
              73.0710099,
              19.045115
            ],
            [
              73.0709636,
              19.0449895
            ],
            [
              73.0708661,
              19.0450216
            ],
            [
              73.0709124,
              19.0451471
            ]
          ]
        ]
      }
    },
    {
      "type": "Feature",
      "properties": {
        "osm_way_id": 416089684,
        "building_type": "yes",
        "name": null,
        "height_m": 6.0,
        "height_source": "display fallback; OSM height unavailable",
        "building_levels": null,
        "source_dataset": "OpenStreetMap",
        "source_license": "ODbL 1.0",
        "source_extract": "https://api.openstreetmap.org/api/0.6/map?bbox=73.066,19.044,73.074,19.052"
      },
      "geometry": {
        "type": "Polygon",
        "coordinates": [
          [
            [
              73.0700913,
              19.0445621
            ],
            [
              73.0701231,
              19.0444705
            ],
            [
              73.0700347,
              19.044443
            ],
            [
              73.0700029,
              19.0445346
            ],
            [
              73.0700913,
              19.0445621
            ]
          ]
        ]
      }
    },
    {
      "type": "Feature",
      "properties": {
        "osm_way_id": 416089688,
        "building_type": "yes",
        "name": null,
        "height_m": 6.0,
        "height_source": "display fallback; OSM height unavailable",
        "building_levels": null,
        "source_dataset": "OpenStreetMap",
        "source_license": "ODbL 1.0",
        "source_extract": "https://api.openstreetmap.org/api/0.6/map?bbox=73.066,19.044,73.074,19.052"
      },
      "geometry": {
        "type": "Polygon",
        "coordinates": [
          [
            [
              73.0700671,
              19.0446454
            ],
            [
              73.0701288,
              19.0446439
            ],
            [
              73.0701268,
              19.044575
            ],
            [
              73.0700652,
              19.0445766
            ],
            [
              73.0700671,
              19.0446454
            ]
          ]
        ]
      }
    },
    {
      "type": "Feature",
      "properties": {
        "osm_way_id": 416089692,
        "building_type": "yes",
        "name": null,
        "height_m": 6.0,
        "height_source": "display fallback; OSM height unavailable",
        "building_levels": null,
        "source_dataset": "OpenStreetMap",
        "source_license": "ODbL 1.0",
        "source_extract": "https://api.openstreetmap.org/api/0.6/map?bbox=73.066,19.044,73.074,19.052"
      },
      "geometry": {
        "type": "Polygon",
        "coordinates": [
          [
            [
              73.0705295,
              19.0449998
            ],
            [
              73.0707223,
              19.0449459
            ],
            [
              73.0707009,
              19.0448776
            ],
            [
              73.0705081,
              19.0449315
            ],
            [
              73.0705295,
              19.0449998
            ]
          ]
        ]
      }
    },
    {
      "type": "Feature",
      "properties": {
        "osm_way_id": 416089693,
        "building_type": "yes",
        "name": null,
        "height_m": 6.0,
        "height_source": "display fallback; OSM height unavailable",
        "building_levels": null,
        "source_dataset": "OpenStreetMap",
        "source_license": "ODbL 1.0",
        "source_extract": "https://api.openstreetmap.org/api/0.6/map?bbox=73.066,19.044,73.074,19.052"
      },
      "geometry": {
        "type": "Polygon",
        "coordinates": [
          [
            [
              73.0701424,
              19.0451207
            ],
            [
              73.070245,
              19.0450953
            ],
            [
              73.0702223,
              19.0450133
            ],
            [
              73.0701197,
              19.0450386
            ],
            [
              73.0701424,
              19.0451207
            ]
          ]
        ]
      }
    },
    {
      "type": "Feature",
      "properties": {
        "osm_way_id": 416089695,
        "building_type": "yes",
        "name": null,
        "height_m": 6.0,
        "height_source": "display fallback; OSM height unavailable",
        "building_levels": null,
        "source_dataset": "OpenStreetMap",
        "source_license": "ODbL 1.0",
        "source_extract": "https://api.openstreetmap.org/api/0.6/map?bbox=73.066,19.044,73.074,19.052"
      },
      "geometry": {
        "type": "Polygon",
        "coordinates": [
          [
            [
              73.0707647,
              19.0450167
            ],
            [
              73.070937,
              19.044959
            ],
            [
              73.0708815,
              19.0448109
            ],
            [
              73.0707092,
              19.0448686
            ],
            [
              73.0707647,
              19.0450167
            ]
          ]
        ]
      }
    },
    {
      "type": "Feature",
      "properties": {
        "osm_way_id": 416089696,
        "building_type": "yes",
        "name": null,
        "height_m": 6.0,
        "height_source": "display fallback; OSM height unavailable",
        "building_levels": null,
        "source_dataset": "OpenStreetMap",
        "source_license": "ODbL 1.0",
        "source_extract": "https://api.openstreetmap.org/api/0.6/map?bbox=73.066,19.044,73.074,19.052"
      },
      "geometry": {
        "type": "Polygon",
        "coordinates": [
          [
            [
              73.0712842,
              19.044705
            ],
            [
              73.0713637,
              19.0446797
            ],
            [
              73.0713114,
              19.0445332
            ],
            [
              73.0712319,
              19.0445586
            ],
            [
              73.0712842,
              19.044705
            ]
          ]
        ]
      }
    },
    {
      "type": "Feature",
      "properties": {
        "osm_way_id": 416089697,
        "building_type": "yes",
        "name": null,
        "height_m": 6.0,
        "height_source": "display fallback; OSM height unavailable",
        "building_levels": null,
        "source_dataset": "OpenStreetMap",
        "source_license": "ODbL 1.0",
        "source_extract": "https://api.openstreetmap.org/api/0.6/map?bbox=73.066,19.044,73.074,19.052"
      },
      "geometry": {
        "type": "Polygon",
        "coordinates": [
          [
            [
              73.07048,
              19.0444677
            ],
            [
              73.0705516,
              19.0444591
            ],
            [
              73.0705392,
              19.0443664
            ],
            [
              73.0704675,
              19.044375
            ],
            [
              73.07048,
              19.0444677
            ]
          ]
        ]
      }
    },
    {
      "type": "Feature",
      "properties": {
        "osm_way_id": 416089700,
        "building_type": "yes",
        "name": null,
        "height_m": 6.0,
        "height_source": "display fallback; OSM height unavailable",
        "building_levels": null,
        "source_dataset": "OpenStreetMap",
        "source_license": "ODbL 1.0",
        "source_extract": "https://api.openstreetmap.org/api/0.6/map?bbox=73.066,19.044,73.074,19.052"
      },
      "geometry": {
        "type": "Polygon",
        "coordinates": [
          [
            [
              73.07088,
              19.0446926
            ],
            [
              73.0708449,
              19.0446039
            ],
            [
              73.0707751,
              19.0446287
            ],
            [
              73.0708102,
              19.0447173
            ],
            [
              73.07088,
              19.0446926
            ]
          ]
        ]
      }
    },
    {
      "type": "Feature",
      "properties": {
        "osm_way_id": 416089703,
        "building_type": "yes",
        "name": null,
        "height_m": 6.0,
        "height_source": "display fallback; OSM height unavailable",
        "building_levels": null,
        "source_dataset": "OpenStreetMap",
        "source_license": "ODbL 1.0",
        "source_extract": "https://api.openstreetmap.org/api/0.6/map?bbox=73.066,19.044,73.074,19.052"
      },
      "geometry": {
        "type": "Polygon",
        "coordinates": [
          [
            [
              73.0707887,
              19.0450787
            ],
            [
              73.0707548,
              19.0449956
            ],
            [
              73.070698,
              19.0450164
            ],
            [
              73.0707318,
              19.0450994
            ],
            [
              73.0707887,
              19.0450787
            ]
          ]
        ]
      }
    },
    {
      "type": "Feature",
      "properties": {
        "osm_way_id": 416089707,
        "building_type": "yes",
        "name": null,
        "height_m": 6.0,
        "height_source": "display fallback; OSM height unavailable",
        "building_levels": null,
        "source_dataset": "OpenStreetMap",
        "source_license": "ODbL 1.0",
        "source_extract": "https://api.openstreetmap.org/api/0.6/map?bbox=73.066,19.044,73.074,19.052"
      },
      "geometry": {
        "type": "Polygon",
        "coordinates": [
          [
            [
              73.0712607,
              19.0447202
            ],
            [
              73.0712104,
              19.0445684
            ],
            [
              73.0711631,
              19.0445824
            ],
            [
              73.0711766,
              19.0446235
            ],
            [
              73.0711041,
              19.044645
            ],
            [
              73.0711407,
              19.0447557
            ],
            [
              73.0712607,
              19.0447202
            ]
          ]
        ]
      }
    },
    {
      "type": "Feature",
      "properties": {
        "osm_way_id": 416089708,
        "building_type": "yes",
        "name": null,
        "height_m": 6.0,
        "height_source": "display fallback; OSM height unavailable",
        "building_levels": null,
        "source_dataset": "OpenStreetMap",
        "source_license": "ODbL 1.0",
        "source_extract": "https://api.openstreetmap.org/api/0.6/map?bbox=73.066,19.044,73.074,19.052"
      },
      "geometry": {
        "type": "Polygon",
        "coordinates": [
          [
            [
              73.0702623,
              19.045009
            ],
            [
              73.0703803,
              19.0449807
            ],
            [
              73.0703625,
              19.0449142
            ],
            [
              73.070318,
              19.0449248
            ],
            [
              73.0703231,
              19.0449438
            ],
            [
              73.0702495,
              19.0449614
            ],
            [
              73.0702623,
              19.045009
            ]
          ]
        ]
      }
    },
    {
      "type": "Feature",
      "properties": {
        "osm_way_id": 416089710,
        "building_type": "yes",
        "name": null,
        "height_m": 6.0,
        "height_source": "display fallback; OSM height unavailable",
        "building_levels": null,
        "source_dataset": "OpenStreetMap",
        "source_license": "ODbL 1.0",
        "source_extract": "https://api.openstreetmap.org/api/0.6/map?bbox=73.066,19.044,73.074,19.052"
      },
      "geometry": {
        "type": "Polygon",
        "coordinates": [
          [
            [
              73.0701794,
              19.0453333
            ],
            [
              73.0702386,
              19.0453279
            ],
            [
              73.0702326,
              19.0452679
            ],
            [
              73.0701585,
              19.0452745
            ],
            [
              73.0701628,
              19.0453178
            ],
            [
              73.0701212,
              19.0453223
            ],
            [
              73.0701316,
              19.0454073
            ],
            [
              73.0701877,
              19.0454011
            ],
            [
              73.0701794,
              19.0453333
            ]
          ]
        ]
      }
    },
    {
      "type": "Feature",
      "properties": {
        "osm_way_id": 416105513,
        "building_type": "yes",
        "name": null,
        "height_m": 6.0,
        "height_source": "display fallback; OSM height unavailable",
        "building_levels": null,
        "source_dataset": "OpenStreetMap",
        "source_license": "ODbL 1.0",
        "source_extract": "https://api.openstreetmap.org/api/0.6/map?bbox=73.066,19.044,73.074,19.052"
      },
      "geometry": {
        "type": "Polygon",
        "coordinates": [
          [
            [
              73.0732416,
              19.0467164
            ],
            [
              73.0734576,
              19.0466982
            ],
            [
              73.0734513,
              19.0466318
            ],
            [
              73.0735159,
              19.0466264
            ],
            [
              73.0734981,
              19.0464371
            ],
            [
              73.0733011,
              19.0464537
            ],
            [
              73.073307,
              19.0465166
            ],
            [
              73.073222,
              19.0465237
            ],
            [
              73.073231,
              19.0466188
            ],
            [
              73.0732589,
              19.0466164
            ],
            [
              73.0732627,
              19.0466565
            ],
            [
              73.0732361,
              19.0466588
            ],
            [
              73.0732416,
              19.0467164
            ]
          ]
        ]
      }
    },
    {
      "type": "Feature",
      "properties": {
        "osm_way_id": 416105515,
        "building_type": "yes",
        "name": null,
        "height_m": 6.0,
        "height_source": "display fallback; OSM height unavailable",
        "building_levels": null,
        "source_dataset": "OpenStreetMap",
        "source_license": "ODbL 1.0",
        "source_extract": "https://api.openstreetmap.org/api/0.6/map?bbox=73.066,19.044,73.074,19.052"
      },
      "geometry": {
        "type": "Polygon",
        "coordinates": [
          [
            [
              73.0741919,
              19.0461704
            ],
            [
              73.0741835,
              19.046082
            ],
            [
              73.0741513,
              19.0460847
            ],
            [
              73.0741437,
              19.0460038
            ],
            [
              73.0741685,
              19.0460017
            ],
            [
              73.0741629,
              19.0459423
            ],
            [
              73.0740559,
              19.0459514
            ],
            [
              73.0740464,
              19.0458505
            ],
            [
              73.0738173,
              19.0458698
            ],
            [
              73.073838,
              19.0460893
            ],
            [
              73.0739466,
              19.0460801
            ],
            [
              73.073957,
              19.0461902
            ],
            [
              73.0741919,
              19.0461704
            ]
          ]
        ]
      }
    },
    {
      "type": "Feature",
      "properties": {
        "osm_way_id": 416105535,
        "building_type": "yes",
        "name": null,
        "height_m": 6.0,
        "height_source": "display fallback; OSM height unavailable",
        "building_levels": null,
        "source_dataset": "OpenStreetMap",
        "source_license": "ODbL 1.0",
        "source_extract": "https://api.openstreetmap.org/api/0.6/map?bbox=73.066,19.044,73.074,19.052"
      },
      "geometry": {
        "type": "Polygon",
        "coordinates": [
          [
            [
              73.0703987,
              19.0448559
            ],
            [
              73.0705288,
              19.0448245
            ],
            [
              73.0705125,
              19.0447639
            ],
            [
              73.0703824,
              19.0447953
            ],
            [
              73.0703987,
              19.0448559
            ]
          ]
        ]
      }
    },
    {
      "type": "Feature",
      "properties": {
        "osm_way_id": 416105549,
        "building_type": "yes",
        "name": null,
        "height_m": 6.0,
        "height_source": "display fallback; OSM height unavailable",
        "building_levels": null,
        "source_dataset": "OpenStreetMap",
        "source_license": "ODbL 1.0",
        "source_extract": "https://api.openstreetmap.org/api/0.6/map?bbox=73.066,19.044,73.074,19.052"
      },
      "geometry": {
        "type": "Polygon",
        "coordinates": [
          [
            [
              73.0711756,
              19.045284
            ],
            [
              73.0712765,
              19.0452562
            ],
            [
              73.0712534,
              19.0451815
            ],
            [
              73.0711525,
              19.0452094
            ],
            [
              73.0711756,
              19.045284
            ]
          ]
        ]
      }
    },
    {
      "type": "Feature",
      "properties": {
        "osm_way_id": 416105575,
        "building_type": "yes",
        "name": null,
        "height_m": 6.0,
        "height_source": "display fallback; OSM height unavailable",
        "building_levels": null,
        "source_dataset": "OpenStreetMap",
        "source_license": "ODbL 1.0",
        "source_extract": "https://api.openstreetmap.org/api/0.6/map?bbox=73.066,19.044,73.074,19.052"
      },
      "geometry": {
        "type": "Polygon",
        "coordinates": [
          [
            [
              73.0722468,
              19.0464213
            ],
            [
              73.0723758,
              19.0463012
            ],
            [
              73.0721934,
              19.0461262
            ],
            [
              73.0720645,
              19.0462463
            ],
            [
              73.0722468,
              19.0464213
            ]
          ]
        ]
      }
    },
    {
      "type": "Feature",
      "properties": {
        "osm_way_id": 416105591,
        "building_type": "yes",
        "name": null,
        "height_m": 6.0,
        "height_source": "display fallback; OSM height unavailable",
        "building_levels": null,
        "source_dataset": "OpenStreetMap",
        "source_license": "ODbL 1.0",
        "source_extract": "https://api.openstreetmap.org/api/0.6/map?bbox=73.066,19.044,73.074,19.052"
      },
      "geometry": {
        "type": "Polygon",
        "coordinates": [
          [
            [
              73.0705925,
              19.0446157
            ],
            [
              73.070733,
              19.0445817
            ],
            [
              73.0707072,
              19.0444863
            ],
            [
              73.0705667,
              19.0445202
            ],
            [
              73.0705925,
              19.0446157
            ]
          ]
        ]
      }
    },
    {
      "type": "Feature",
      "properties": {
        "osm_way_id": 416105633,
        "building_type": "yes",
        "name": null,
        "height_m": 6.0,
        "height_source": "display fallback; OSM height unavailable",
        "building_levels": null,
        "source_dataset": "OpenStreetMap",
        "source_license": "ODbL 1.0",
        "source_extract": "https://api.openstreetmap.org/api/0.6/map?bbox=73.066,19.044,73.074,19.052"
      },
      "geometry": {
        "type": "Polygon",
        "coordinates": [
          [
            [
              73.0712441,
              19.0453644
            ],
            [
              73.0713705,
              19.0453292
            ],
            [
              73.0713484,
              19.0452585
            ],
            [
              73.071222,
              19.0452937
            ],
            [
              73.0712441,
              19.0453644
            ]
          ]
        ]
      }
    },
    {
      "type": "Feature",
      "properties": {
        "osm_way_id": 416105637,
        "building_type": "yes",
        "name": null,
        "height_m": 6.0,
        "height_source": "display fallback; OSM height unavailable",
        "building_levels": null,
        "source_dataset": "OpenStreetMap",
        "source_license": "ODbL 1.0",
        "source_extract": "https://api.openstreetmap.org/api/0.6/map?bbox=73.066,19.044,73.074,19.052"
      },
      "geometry": {
        "type": "Polygon",
        "coordinates": [
          [
            [
              73.0723247,
              19.0466889
            ],
            [
              73.0724617,
              19.0464973
            ],
            [
              73.0723167,
              19.0464046
            ],
            [
              73.0721797,
              19.0465963
            ],
            [
              73.0723247,
              19.0466889
            ]
          ]
        ]
      }
    },
    {
      "type": "Feature",
      "properties": {
        "osm_way_id": 416105663,
        "building_type": "yes",
        "name": null,
        "height_m": 6.0,
        "height_source": "display fallback; OSM height unavailable",
        "building_levels": null,
        "source_dataset": "OpenStreetMap",
        "source_license": "ODbL 1.0",
        "source_extract": "https://api.openstreetmap.org/api/0.6/map?bbox=73.066,19.044,73.074,19.052"
      },
      "geometry": {
        "type": "Polygon",
        "coordinates": [
          [
            [
              73.0711618,
              19.0452929
            ],
            [
              73.0711347,
              19.0451937
            ],
            [
              73.0710576,
              19.0452126
            ],
            [
              73.0710847,
              19.0453118
            ],
            [
              73.0711618,
              19.0452929
            ]
          ]
        ]
      }
    },
    {
      "type": "Feature",
      "properties": {
        "osm_way_id": 416105667,
        "building_type": "yes",
        "name": null,
        "height_m": 6.0,
        "height_source": "display fallback; OSM height unavailable",
        "building_levels": null,
        "source_dataset": "OpenStreetMap",
        "source_license": "ODbL 1.0",
        "source_extract": "https://api.openstreetmap.org/api/0.6/map?bbox=73.066,19.044,73.074,19.052"
      },
      "geometry": {
        "type": "Polygon",
        "coordinates": [
          [
            [
              73.0704209,
              19.0449561
            ],
            [
              73.070503,
              19.0449383
            ],
            [
              73.0704918,
              19.0448919
            ],
            [
              73.0705531,
              19.0448786
            ],
            [
              73.0705415,
              19.0448306
            ],
            [
              73.0703981,
              19.0448616
            ],
            [
              73.0704209,
              19.0449561
            ]
          ]
        ]
      }
    },
    {
      "type": "Feature",
      "properties": {
        "osm_way_id": 416105673,
        "building_type": "yes",
        "name": null,
        "height_m": 6.0,
        "height_source": "display fallback; OSM height unavailable",
        "building_levels": null,
        "source_dataset": "OpenStreetMap",
        "source_license": "ODbL 1.0",
        "source_extract": "https://api.openstreetmap.org/api/0.6/map?bbox=73.066,19.044,73.074,19.052"
      },
      "geometry": {
        "type": "Polygon",
        "coordinates": [
          [
            [
              73.074046,
              19.0454949
            ],
            [
              73.0741254,
              19.0454882
            ],
            [
              73.0741063,
              19.0452862
            ],
            [
              73.0738864,
              19.0453047
            ],
            [
              73.0738954,
              19.0454007
            ],
            [
              73.0738087,
              19.045408
            ],
            [
              73.0738287,
              19.0456202
            ],
            [
              73.0740561,
              19.045601
            ],
            [
              73.074046,
              19.0454949
            ]
          ]
        ]
      }
    },
    {
      "type": "Feature",
      "properties": {
        "osm_way_id": 416105675,
        "building_type": "yes",
        "name": null,
        "height_m": 6.0,
        "height_source": "display fallback; OSM height unavailable",
        "building_levels": null,
        "source_dataset": "OpenStreetMap",
        "source_license": "ODbL 1.0",
        "source_extract": "https://api.openstreetmap.org/api/0.6/map?bbox=73.066,19.044,73.074,19.052"
      },
      "geometry": {
        "type": "Polygon",
        "coordinates": [
          [
            [
              73.0733503,
              19.0450286
            ],
            [
              73.0733307,
              19.0448218
            ],
            [
              73.0731904,
              19.0448337
            ],
            [
              73.0731825,
              19.0447497
            ],
            [
              73.0729956,
              19.0447654
            ],
            [
              73.0730171,
              19.0449936
            ],
            [
              73.0730991,
              19.0449866
            ],
            [
              73.073105,
              19.0450493
            ],
            [
              73.0733503,
              19.0450286
            ]
          ]
        ]
      }
    },
    {
      "type": "Feature",
      "properties": {
        "osm_way_id": 416105678,
        "building_type": "yes",
        "name": null,
        "height_m": 6.0,
        "height_source": "display fallback; OSM height unavailable",
        "building_levels": null,
        "source_dataset": "OpenStreetMap",
        "source_license": "ODbL 1.0",
        "source_extract": "https://api.openstreetmap.org/api/0.6/map?bbox=73.066,19.044,73.074,19.052"
      },
      "geometry": {
        "type": "Polygon",
        "coordinates": [
          [
            [
              73.0738851,
              19.0451511
            ],
            [
              73.0738718,
              19.0450102
            ],
            [
              73.0738164,
              19.0450149
            ],
            [
              73.0738113,
              19.0449614
            ],
            [
              73.0736609,
              19.044974
            ],
            [
              73.0736732,
              19.0451041
            ],
            [
              73.0737416,
              19.0450983
            ],
            [
              73.0737477,
              19.0451628
            ],
            [
              73.0738851,
              19.0451511
            ]
          ]
        ]
      }
    },
    {
      "type": "Feature",
      "properties": {
        "osm_way_id": 416105680,
        "building_type": "yes",
        "name": null,
        "height_m": 6.0,
        "height_source": "display fallback; OSM height unavailable",
        "building_levels": null,
        "source_dataset": "OpenStreetMap",
        "source_license": "ODbL 1.0",
        "source_extract": "https://api.openstreetmap.org/api/0.6/map?bbox=73.066,19.044,73.074,19.052"
      },
      "geometry": {
        "type": "Polygon",
        "coordinates": [
          [
            [
              73.0737274,
              19.0465242
            ],
            [
              73.0739626,
              19.0465044
            ],
            [
              73.0739535,
              19.0464078
            ],
            [
              73.0740369,
              19.0464008
            ],
            [
              73.0740199,
              19.0462211
            ],
            [
              73.0738006,
              19.0462395
            ],
            [
              73.0738069,
              19.0463063
            ],
            [
              73.0737076,
              19.0463147
            ],
            [
              73.0737274,
              19.0465242
            ]
          ]
        ]
      }
    },
    {
      "type": "Feature",
      "properties": {
        "osm_way_id": 416105682,
        "building_type": "yes",
        "name": null,
        "height_m": 6.0,
        "height_source": "display fallback; OSM height unavailable",
        "building_levels": null,
        "source_dataset": "OpenStreetMap",
        "source_license": "ODbL 1.0",
        "source_extract": "https://api.openstreetmap.org/api/0.6/map?bbox=73.066,19.044,73.074,19.052"
      },
      "geometry": {
        "type": "Polygon",
        "coordinates": [
          [
            [
              73.0742071,
              19.0450109
            ],
            [
              73.0741938,
              19.0448699
            ],
            [
              73.0741384,
              19.0448746
            ],
            [
              73.0741334,
              19.0448212
            ],
            [
              73.073983,
              19.0448338
            ],
            [
              73.0739952,
              19.0449639
            ],
            [
              73.0740636,
              19.0449581
            ],
            [
              73.0740697,
              19.0450226
            ],
            [
              73.0742071,
              19.0450109
            ]
          ]
        ]
      }
    },
    {
      "type": "Feature",
      "properties": {
        "osm_way_id": 416105684,
        "building_type": "yes",
        "name": null,
        "height_m": 6.0,
        "height_source": "display fallback; OSM height unavailable",
        "building_levels": null,
        "source_dataset": "OpenStreetMap",
        "source_license": "ODbL 1.0",
        "source_extract": "https://api.openstreetmap.org/api/0.6/map?bbox=73.066,19.044,73.074,19.052"
      },
      "geometry": {
        "type": "Polygon",
        "coordinates": [
          [
            [
              73.0737545,
              19.0449407
            ],
            [
              73.0738916,
              19.0449291
            ],
            [
              73.0738846,
              19.0448556
            ],
            [
              73.0739488,
              19.0448502
            ],
            [
              73.073937,
              19.0447253
            ],
            [
              73.0737859,
              19.044738
            ],
            [
              73.0737918,
              19.0448008
            ],
            [
              73.0737417,
              19.044805
            ],
            [
              73.0737545,
              19.0449407
            ]
          ]
        ]
      }
    },
    {
      "type": "Feature",
      "properties": {
        "osm_way_id": 416105686,
        "building_type": "yes",
        "name": null,
        "height_m": 6.0,
        "height_source": "display fallback; OSM height unavailable",
        "building_levels": null,
        "source_dataset": "OpenStreetMap",
        "source_license": "ODbL 1.0",
        "source_extract": "https://api.openstreetmap.org/api/0.6/map?bbox=73.066,19.044,73.074,19.052"
      },
      "geometry": {
        "type": "Polygon",
        "coordinates": [
          [
            [
              73.0732945,
              19.04534
            ],
            [
              73.0732767,
              19.0451509
            ],
            [
              73.0731363,
              19.0451628
            ],
            [
              73.0731284,
              19.0450788
            ],
            [
              73.0729641,
              19.0450926
            ],
            [
              73.0729835,
              19.0452987
            ],
            [
              73.073063,
              19.045292
            ],
            [
              73.0730693,
              19.045359
            ],
            [
              73.0732945,
              19.04534
            ]
          ]
        ]
      }
    },
    {
      "type": "Feature",
      "properties": {
        "osm_way_id": 416118326,
        "building_type": "yes",
        "name": null,
        "height_m": 6.0,
        "height_source": "display fallback; OSM height unavailable",
        "building_levels": null,
        "source_dataset": "OpenStreetMap",
        "source_license": "ODbL 1.0",
        "source_extract": "https://api.openstreetmap.org/api/0.6/map?bbox=73.066,19.044,73.074,19.052"
      },
      "geometry": {
        "type": "Polygon",
        "coordinates": [
          [
            [
              73.0703501,
              19.0452665
            ],
            [
              73.0704748,
              19.0452392
            ],
            [
              73.0704539,
              19.0451538
            ],
            [
              73.0703292,
              19.045181
            ],
            [
              73.0703501,
              19.0452665
            ]
          ]
        ]
      }
    },
    {
      "type": "Feature",
      "properties": {
        "osm_way_id": 416118334,
        "building_type": "yes",
        "name": null,
        "height_m": 6.0,
        "height_source": "display fallback; OSM height unavailable",
        "building_levels": null,
        "source_dataset": "OpenStreetMap",
        "source_license": "ODbL 1.0",
        "source_extract": "https://api.openstreetmap.org/api/0.6/map?bbox=73.066,19.044,73.074,19.052"
      },
      "geometry": {
        "type": "Polygon",
        "coordinates": [
          [
            [
              73.0704259,
              19.0451029
            ],
            [
              73.0705117,
              19.0450845
            ],
            [
              73.0704995,
              19.0450336
            ],
            [
              73.0704137,
              19.045052
            ],
            [
              73.0704259,
              19.0451029
            ]
          ]
        ]
      }
    },
    {
      "type": "Feature",
      "properties": {
        "osm_way_id": 416118340,
        "building_type": "yes",
        "name": null,
        "height_m": 6.0,
        "height_source": "display fallback; OSM height unavailable",
        "building_levels": null,
        "source_dataset": "OpenStreetMap",
        "source_license": "ODbL 1.0",
        "source_extract": "https://api.openstreetmap.org/api/0.6/map?bbox=73.066,19.044,73.074,19.052"
      },
      "geometry": {
        "type": "Polygon",
        "coordinates": [
          [
            [
              73.0719923,
              19.0462505
            ],
            [
              73.0719346,
              19.0460464
            ],
            [
              73.0718593,
              19.0460654
            ],
            [
              73.0719169,
              19.0462695
            ],
            [
              73.0719923,
              19.0462505
            ]
          ]
        ]
      }
    },
    {
      "type": "Feature",
      "properties": {
        "osm_way_id": 416118345,
        "building_type": "yes",
        "name": null,
        "height_m": 6.0,
        "height_source": "display fallback; OSM height unavailable",
        "building_levels": null,
        "source_dataset": "OpenStreetMap",
        "source_license": "ODbL 1.0",
        "source_extract": "https://api.openstreetmap.org/api/0.6/map?bbox=73.066,19.044,73.074,19.052"
      },
      "geometry": {
        "type": "Polygon",
        "coordinates": [
          [
            [
              73.0710884,
              19.0453901
            ],
            [
              73.0712339,
              19.0453517
            ],
            [
              73.071214,
              19.0452842
            ],
            [
              73.0710685,
              19.0453225
            ],
            [
              73.0710884,
              19.0453901
            ]
          ]
        ]
      }
    },
    {
      "type": "Feature",
      "properties": {
        "osm_way_id": 416118350,
        "building_type": "yes",
        "name": null,
        "height_m": 6.0,
        "height_source": "display fallback; OSM height unavailable",
        "building_levels": null,
        "source_dataset": "OpenStreetMap",
        "source_license": "ODbL 1.0",
        "source_extract": "https://api.openstreetmap.org/api/0.6/map?bbox=73.066,19.044,73.074,19.052"
      },
      "geometry": {
        "type": "Polygon",
        "coordinates": [
          [
            [
              73.0701739,
              19.0445228
            ],
            [
              73.0702064,
              19.0444391
            ],
            [
              73.0701491,
              19.0444192
            ],
            [
              73.0701165,
              19.0445029
            ],
            [
              73.0701739,
              19.0445228
            ]
          ]
        ]
      }
    },
    {
      "type": "Feature",
      "properties": {
        "osm_way_id": 416118358,
        "building_type": "yes",
        "name": null,
        "height_m": 6.0,
        "height_source": "display fallback; OSM height unavailable",
        "building_levels": null,
        "source_dataset": "OpenStreetMap",
        "source_license": "ODbL 1.0",
        "source_extract": "https://api.openstreetmap.org/api/0.6/map?bbox=73.066,19.044,73.074,19.052"
      },
      "geometry": {
        "type": "Polygon",
        "coordinates": [
          [
            [
              73.0711561,
              19.0440216
            ],
            [
              73.0712698,
              19.0440323
            ],
            [
              73.0712829,
              19.0439088
            ],
            [
              73.0711692,
              19.043898
            ],
            [
              73.0711561,
              19.0440216
            ]
          ]
        ]
      }
    },
    {
      "type": "Feature",
      "properties": {
        "osm_way_id": 416118360,
        "building_type": "yes",
        "name": null,
        "height_m": 6.0,
        "height_source": "display fallback; OSM height unavailable",
        "building_levels": null,
        "source_dataset": "OpenStreetMap",
        "source_license": "ODbL 1.0",
        "source_extract": "https://api.openstreetmap.org/api/0.6/map?bbox=73.066,19.044,73.074,19.052"
      },
      "geometry": {
        "type": "Polygon",
        "coordinates": [
          [
            [
              73.0704574,
              19.0451592
            ],
            [
              73.0705543,
              19.045141
            ],
            [
              73.0705432,
              19.0450884
            ],
            [
              73.0704463,
              19.0451067
            ],
            [
              73.0704574,
              19.0451592
            ]
          ]
        ]
      }
    },
    {
      "type": "Feature",
      "properties": {
        "osm_way_id": 416118364,
        "building_type": "yes",
        "name": null,
        "height_m": 6.0,
        "height_source": "display fallback; OSM height unavailable",
        "building_levels": null,
        "source_dataset": "OpenStreetMap",
        "source_license": "ODbL 1.0",
        "source_extract": "https://api.openstreetmap.org/api/0.6/map?bbox=73.066,19.044,73.074,19.052"
      },
      "geometry": {
        "type": "Polygon",
        "coordinates": [
          [
            [
              73.0701982,
              19.0456629
            ],
            [
              73.0702844,
              19.0456629
            ],
            [
              73.0702844,
              19.0455669
            ],
            [
              73.0701982,
              19.0455669
            ],
            [
              73.0701982,
              19.0456629
            ]
          ]
        ]
      }
    },
    {
      "type": "Feature",
      "properties": {
        "osm_way_id": 416118365,
        "building_type": "yes",
        "name": null,
        "height_m": 6.0,
        "height_source": "display fallback; OSM height unavailable",
        "building_levels": null,
        "source_dataset": "OpenStreetMap",
        "source_license": "ODbL 1.0",
        "source_extract": "https://api.openstreetmap.org/api/0.6/map?bbox=73.066,19.044,73.074,19.052"
      },
      "geometry": {
        "type": "Polygon",
        "coordinates": [
          [
            [
              73.0716758,
              19.0459653
            ],
            [
              73.0718937,
              19.0459291
            ],
            [
              73.0718784,
              19.0458467
            ],
            [
              73.0716605,
              19.0458829
            ],
            [
              73.0716758,
              19.0459653
            ]
          ]
        ]
      }
    },
    {
      "type": "Feature",
      "properties": {
        "osm_way_id": 416118368,
        "building_type": "yes",
        "name": "Jalvayu Vihar Phase 2 Community Centre",
        "height_m": 6.0,
        "height_source": "display fallback; OSM height unavailable",
        "building_levels": null,
        "source_dataset": "OpenStreetMap",
        "source_license": "ODbL 1.0",
        "source_extract": "https://api.openstreetmap.org/api/0.6/map?bbox=73.066,19.044,73.074,19.052"
      },
      "geometry": {
        "type": "Polygon",
        "coordinates": [
          [
            [
              73.0732041,
              19.0488316
            ],
            [
              73.0733625,
              19.0488123
            ],
            [
              73.0733509,
              19.0487463
            ],
            [
              73.0731967,
              19.0487609
            ],
            [
              73.0732041,
              19.0488316
            ]
          ]
        ]
      }
    },
    {
      "type": "Feature",
      "properties": {
        "osm_way_id": 416118369,
        "building_type": "yes",
        "name": null,
        "height_m": 6.0,
        "height_source": "display fallback; OSM height unavailable",
        "building_levels": null,
        "source_dataset": "OpenStreetMap",
        "source_license": "ODbL 1.0",
        "source_extract": "https://api.openstreetmap.org/api/0.6/map?bbox=73.066,19.044,73.074,19.052"
      },
      "geometry": {
        "type": "Polygon",
        "coordinates": [
          [
            [
              73.0709087,
              19.0451704
            ],
            [
              73.0708681,
              19.0450595
            ],
            [
              73.070754,
              19.0450968
            ],
            [
              73.0707946,
              19.0452077
            ],
            [
              73.0709087,
              19.0451704
            ]
          ]
        ]
      }
    },
    {
      "type": "Feature",
      "properties": {
        "osm_way_id": 416118370,
        "building_type": "yes",
        "name": null,
        "height_m": 6.0,
        "height_source": "display fallback; OSM height unavailable",
        "building_levels": null,
        "source_dataset": "OpenStreetMap",
        "source_license": "ODbL 1.0",
        "source_extract": "https://api.openstreetmap.org/api/0.6/map?bbox=73.066,19.044,73.074,19.052"
      },
      "geometry": {
        "type": "Polygon",
        "coordinates": [
          [
            [
              73.0709104,
              19.0452623
            ],
            [
              73.0709989,
              19.0452443
            ],
            [
              73.0709824,
              19.0451721
            ],
            [
              73.0708939,
              19.0451901
            ],
            [
              73.0709104,
              19.0452623
            ]
          ]
        ]
      }
    },
    {
      "type": "Feature",
      "properties": {
        "osm_way_id": 416118373,
        "building_type": "yes",
        "name": null,
        "height_m": 6.0,
        "height_source": "display fallback; OSM height unavailable",
        "building_levels": null,
        "source_dataset": "OpenStreetMap",
        "source_license": "ODbL 1.0",
        "source_extract": "https://api.openstreetmap.org/api/0.6/map?bbox=73.066,19.044,73.074,19.052"
      },
      "geometry": {
        "type": "Polygon",
        "coordinates": [
          [
            [
              73.0706755,
              19.0447754
            ],
            [
              73.0707828,
              19.0447399
            ],
            [
              73.0707591,
              19.0446758
            ],
            [
              73.0706518,
              19.0447113
            ],
            [
              73.0706755,
              19.0447754
            ]
          ]
        ]
      }
    },
    {
      "type": "Feature",
      "properties": {
        "osm_way_id": 416118376,
        "building_type": "yes",
        "name": null,
        "height_m": 6.0,
        "height_source": "display fallback; OSM height unavailable",
        "building_levels": null,
        "source_dataset": "OpenStreetMap",
        "source_license": "ODbL 1.0",
        "source_extract": "https://api.openstreetmap.org/api/0.6/map?bbox=73.066,19.044,73.074,19.052"
      },
      "geometry": {
        "type": "Polygon",
        "coordinates": [
          [
            [
              73.0706658,
              19.0446661
            ],
            [
              73.0707536,
              19.0446376
            ],
            [
              73.070736,
              19.0445891
            ],
            [
              73.0706481,
              19.0446176
            ],
            [
              73.0706658,
              19.0446661
            ]
          ]
        ]
      }
    },
    {
      "type": "Feature",
      "properties": {
        "osm_way_id": 416118377,
        "building_type": "yes",
        "name": null,
        "height_m": 6.0,
        "height_source": "display fallback; OSM height unavailable",
        "building_levels": null,
        "source_dataset": "OpenStreetMap",
        "source_license": "ODbL 1.0",
        "source_extract": "https://api.openstreetmap.org/api/0.6/map?bbox=73.066,19.044,73.074,19.052"
      },
      "geometry": {
        "type": "Polygon",
        "coordinates": [
          [
            [
              73.0701463,
              19.0450215
            ],
            [
              73.0702284,
              19.0450044
            ],
            [
              73.070207,
              19.0449124
            ],
            [
              73.0701248,
              19.0449295
            ],
            [
              73.0701463,
              19.0450215
            ]
          ]
        ]
      }
    },
    {
      "type": "Feature",
      "properties": {
        "osm_way_id": 416118380,
        "building_type": "yes",
        "name": null,
        "height_m": 6.0,
        "height_source": "display fallback; OSM height unavailable",
        "building_levels": null,
        "source_dataset": "OpenStreetMap",
        "source_license": "ODbL 1.0",
        "source_extract": "https://api.openstreetmap.org/api/0.6/map?bbox=73.066,19.044,73.074,19.052"
      },
      "geometry": {
        "type": "Polygon",
        "coordinates": [
          [
            [
              73.0710137,
              19.0448437
            ],
            [
              73.0711108,
              19.0448128
            ],
            [
              73.0710686,
              19.0446942
            ],
            [
              73.0709715,
              19.0447251
            ],
            [
              73.0710137,
              19.0448437
            ]
          ]
        ]
      }
    },
    {
      "type": "Feature",
      "properties": {
        "osm_way_id": 416118381,
        "building_type": "yes",
        "name": null,
        "height_m": 6.0,
        "height_source": "display fallback; OSM height unavailable",
        "building_levels": null,
        "source_dataset": "OpenStreetMap",
        "source_license": "ODbL 1.0",
        "source_extract": "https://api.openstreetmap.org/api/0.6/map?bbox=73.066,19.044,73.074,19.052"
      },
      "geometry": {
        "type": "Polygon",
        "coordinates": [
          [
            [
              73.0721527,
              19.0491977
            ],
            [
              73.072368,
              19.0491679
            ],
            [
              73.0723466,
              19.0490298
            ],
            [
              73.0721313,
              19.0490596
            ],
            [
              73.0721527,
              19.0491977
            ]
          ]
        ]
      }
    },
    {
      "type": "Feature",
      "properties": {
        "osm_way_id": 416118383,
        "building_type": "yes",
        "name": null,
        "height_m": 6.0,
        "height_source": "display fallback; OSM height unavailable",
        "building_levels": null,
        "source_dataset": "OpenStreetMap",
        "source_license": "ODbL 1.0",
        "source_extract": "https://api.openstreetmap.org/api/0.6/map?bbox=73.066,19.044,73.074,19.052"
      },
      "geometry": {
        "type": "Polygon",
        "coordinates": [
          [
            [
              73.0704205,
              19.0453251
            ],
            [
              73.0705429,
              19.0452877
            ],
            [
              73.070523,
              19.0452294
            ],
            [
              73.0704006,
              19.0452668
            ],
            [
              73.0704205,
              19.0453251
            ]
          ]
        ]
      }
    },
    {
      "type": "Feature",
      "properties": {
        "osm_way_id": 416118386,
        "building_type": "yes",
        "name": null,
        "height_m": 6.0,
        "height_source": "display fallback; OSM height unavailable",
        "building_levels": null,
        "source_dataset": "OpenStreetMap",
        "source_license": "ODbL 1.0",
        "source_extract": "https://api.openstreetmap.org/api/0.6/map?bbox=73.066,19.044,73.074,19.052"
      },
      "geometry": {
        "type": "Polygon",
        "coordinates": [
          [
            [
              73.0707283,
              19.0450988
            ],
            [
              73.0706884,
              19.0450063
            ],
            [
              73.0706333,
              19.0450275
            ],
            [
              73.0706732,
              19.04512
            ],
            [
              73.0707283,
              19.0450988
            ]
          ]
        ]
      }
    },
    {
      "type": "Feature",
      "properties": {
        "osm_way_id": 416118387,
        "building_type": "yes",
        "name": null,
        "height_m": 6.0,
        "height_source": "display fallback; OSM height unavailable",
        "building_levels": null,
        "source_dataset": "OpenStreetMap",
        "source_license": "ODbL 1.0",
        "source_extract": "https://api.openstreetmap.org/api/0.6/map?bbox=73.066,19.044,73.074,19.052"
      },
      "geometry": {
        "type": "Polygon",
        "coordinates": [
          [
            [
              73.0720684,
              19.0489482
            ],
            [
              73.0723035,
              19.048929
            ],
            [
              73.0722917,
              19.0487994
            ],
            [
              73.0720566,
              19.0488186
            ],
            [
              73.0720684,
              19.0489482
            ]
          ]
        ]
      }
    },
    {
      "type": "Feature",
      "properties": {
        "osm_way_id": 416118390,
        "building_type": "yes",
        "name": null,
        "height_m": 6.0,
        "height_source": "display fallback; OSM height unavailable",
        "building_levels": null,
        "source_dataset": "OpenStreetMap",
        "source_license": "ODbL 1.0",
        "source_extract": "https://api.openstreetmap.org/api/0.6/map?bbox=73.066,19.044,73.074,19.052"
      },
      "geometry": {
        "type": "Polygon",
        "coordinates": [
          [
            [
              73.0706626,
              19.045411
            ],
            [
              73.0707642,
              19.0454008
            ],
            [
              73.0707533,
              19.0453035
            ],
            [
              73.0706517,
              19.0453136
            ],
            [
              73.0706626,
              19.045411
            ]
          ]
        ]
      }
    },
    {
      "type": "Feature",
      "properties": {
        "osm_way_id": 416118393,
        "building_type": "yes",
        "name": null,
        "height_m": 6.0,
        "height_source": "display fallback; OSM height unavailable",
        "building_levels": null,
        "source_dataset": "OpenStreetMap",
        "source_license": "ODbL 1.0",
        "source_extract": "https://api.openstreetmap.org/api/0.6/map?bbox=73.066,19.044,73.074,19.052"
      },
      "geometry": {
        "type": "Polygon",
        "coordinates": [
          [
            [
              73.0701696,
              19.0457714
            ],
            [
              73.0702588,
              19.0457679
            ],
            [
              73.0702561,
              19.0457058
            ],
            [
              73.0701669,
              19.0457093
            ],
            [
              73.0701696,
              19.0457714
            ]
          ]
        ]
      }
    },
    {
      "type": "Feature",
      "properties": {
        "osm_way_id": 416118394,
        "building_type": "yes",
        "name": null,
        "height_m": 6.0,
        "height_source": "display fallback; OSM height unavailable",
        "building_levels": null,
        "source_dataset": "OpenStreetMap",
        "source_license": "ODbL 1.0",
        "source_extract": "https://api.openstreetmap.org/api/0.6/map?bbox=73.066,19.044,73.074,19.052"
      },
      "geometry": {
        "type": "Polygon",
        "coordinates": [
          [
            [
              73.0718073,
              19.0453989
            ],
            [
              73.0718026,
              19.0452823
            ],
            [
              73.0716609,
              19.0452874
            ],
            [
              73.0716656,
              19.045404
            ],
            [
              73.0718073,
              19.0453989
            ]
          ]
        ]
      }
    },
    {
      "type": "Feature",
      "properties": {
        "osm_way_id": 416118396,
        "building_type": "yes",
        "name": null,
        "height_m": 6.0,
        "height_source": "display fallback; OSM height unavailable",
        "building_levels": null,
        "source_dataset": "OpenStreetMap",
        "source_license": "ODbL 1.0",
        "source_extract": "https://api.openstreetmap.org/api/0.6/map?bbox=73.066,19.044,73.074,19.052"
      },
      "geometry": {
        "type": "Polygon",
        "coordinates": [
          [
            [
              73.0711249,
              19.0441084
            ],
            [
              73.0712574,
              19.0441201
            ],
            [
              73.0712649,
              19.0440445
            ],
            [
              73.0711324,
              19.0440327
            ],
            [
              73.0711249,
              19.0441084
            ]
          ]
        ]
      }
    },
    {
      "type": "Feature",
      "properties": {
        "osm_way_id": 416118398,
        "building_type": "yes",
        "name": null,
        "height_m": 6.0,
        "height_source": "display fallback; OSM height unavailable",
        "building_levels": null,
        "source_dataset": "OpenStreetMap",
        "source_license": "ODbL 1.0",
        "source_extract": "https://api.openstreetmap.org/api/0.6/map?bbox=73.066,19.044,73.074,19.052"
      },
      "geometry": {
        "type": "Polygon",
        "coordinates": [
          [
            [
              73.0717926,
              19.0491089
            ],
            [
              73.0719717,
              19.0490887
            ],
            [
              73.0719512,
              19.0489272
            ],
            [
              73.0717722,
              19.0489475
            ],
            [
              73.0717926,
              19.0491089
            ]
          ]
        ]
      }
    },
    {
      "type": "Feature",
      "properties": {
        "osm_way_id": 416118402,
        "building_type": "yes",
        "name": null,
        "height_m": 6.0,
        "height_source": "display fallback; OSM height unavailable",
        "building_levels": null,
        "source_dataset": "OpenStreetMap",
        "source_license": "ODbL 1.0",
        "source_extract": "https://api.openstreetmap.org/api/0.6/map?bbox=73.066,19.044,73.074,19.052"
      },
      "geometry": {
        "type": "Polygon",
        "coordinates": [
          [
            [
              73.0705758,
              19.0451254
            ],
            [
              73.0706535,
              19.0451067
            ],
            [
              73.0706336,
              19.0450327
            ],
            [
              73.0705558,
              19.0450514
            ],
            [
              73.0705758,
              19.0451254
            ]
          ]
        ]
      }
    },
    {
      "type": "Feature",
      "properties": {
        "osm_way_id": 416118406,
        "building_type": "yes",
        "name": null,
        "height_m": 6.0,
        "height_source": "display fallback; OSM height unavailable",
        "building_levels": null,
        "source_dataset": "OpenStreetMap",
        "source_license": "ODbL 1.0",
        "source_extract": "https://api.openstreetmap.org/api/0.6/map?bbox=73.066,19.044,73.074,19.052"
      },
      "geometry": {
        "type": "Polygon",
        "coordinates": [
          [
            [
              73.0707645,
              19.0454921
            ],
            [
              73.0708852,
              19.0454826
            ],
            [
              73.0708788,
              19.0454104
            ],
            [
              73.0707581,
              19.0454199
            ],
            [
              73.0707645,
              19.0454921
            ]
          ]
        ]
      }
    },
    {
      "type": "Feature",
      "properties": {
        "osm_way_id": 416118407,
        "building_type": "yes",
        "name": null,
        "height_m": 6.0,
        "height_source": "display fallback; OSM height unavailable",
        "building_levels": null,
        "source_dataset": "OpenStreetMap",
        "source_license": "ODbL 1.0",
        "source_extract": "https://api.openstreetmap.org/api/0.6/map?bbox=73.066,19.044,73.074,19.052"
      },
      "geometry": {
        "type": "Polygon",
        "coordinates": [
          [
            [
              73.0731132,
              19.0460844
            ],
            [
              73.0730971,
              19.0459272
            ],
            [
              73.0729814,
              19.0459378
            ],
            [
              73.0729975,
              19.046095
            ],
            [
              73.0731132,
              19.0460844
            ]
          ]
        ]
      }
    },
    {
      "type": "Feature",
      "properties": {
        "osm_way_id": 416118408,
        "building_type": "yes",
        "name": null,
        "height_m": 6.0,
        "height_source": "display fallback; OSM height unavailable",
        "building_levels": null,
        "source_dataset": "OpenStreetMap",
        "source_license": "ODbL 1.0",
        "source_extract": "https://api.openstreetmap.org/api/0.6/map?bbox=73.066,19.044,73.074,19.052"
      },
      "geometry": {
        "type": "Polygon",
        "coordinates": [
          [
            [
              73.0718568,
              19.046042
            ],
            [
              73.0719983,
              19.0460191
            ],
            [
              73.0719805,
              19.0459201
            ],
            [
              73.071839,
              19.045943
            ],
            [
              73.0718568,
              19.046042
            ]
          ]
        ]
      }
    },
    {
      "type": "Feature",
      "properties": {
        "osm_way_id": 416118410,
        "building_type": "yes",
        "name": null,
        "height_m": 6.0,
        "height_source": "display fallback; OSM height unavailable",
        "building_levels": null,
        "source_dataset": "OpenStreetMap",
        "source_license": "ODbL 1.0",
        "source_extract": "https://api.openstreetmap.org/api/0.6/map?bbox=73.066,19.044,73.074,19.052"
      },
      "geometry": {
        "type": "Polygon",
        "coordinates": [
          [
            [
              73.0718307,
              19.0463621
            ],
            [
              73.072001,
              19.0463209
            ],
            [
              73.0719852,
              19.0462623
            ],
            [
              73.0718148,
              19.0463035
            ],
            [
              73.0718307,
              19.0463621
            ]
          ]
        ]
      }
    },
    {
      "type": "Feature",
      "properties": {
        "osm_way_id": 416118415,
        "building_type": "yes",
        "name": null,
        "height_m": 6.0,
        "height_source": "display fallback; OSM height unavailable",
        "building_levels": null,
        "source_dataset": "OpenStreetMap",
        "source_license": "ODbL 1.0",
        "source_extract": "https://api.openstreetmap.org/api/0.6/map?bbox=73.066,19.044,73.074,19.052"
      },
      "geometry": {
        "type": "Polygon",
        "coordinates": [
          [
            [
              73.06972,
              19.0483167
            ],
            [
              73.0698777,
              19.0483001
            ],
            [
              73.0698535,
              19.0480941
            ],
            [
              73.0696958,
              19.0481107
            ],
            [
              73.06972,
              19.0483167
            ]
          ]
        ]
      }
    },
    {
      "type": "Feature",
      "properties": {
        "osm_way_id": 416118417,
        "building_type": "yes",
        "name": null,
        "height_m": 6.0,
        "height_source": "display fallback; OSM height unavailable",
        "building_levels": null,
        "source_dataset": "OpenStreetMap",
        "source_license": "ODbL 1.0",
        "source_extract": "https://api.openstreetmap.org/api/0.6/map?bbox=73.066,19.044,73.074,19.052"
      },
      "geometry": {
        "type": "Polygon",
        "coordinates": [
          [
            [
              73.0704351,
              19.0447388
            ],
            [
              73.0704988,
              19.044729
            ],
            [
              73.0704882,
              19.0446677
            ],
            [
              73.0704245,
              19.0446775
            ],
            [
              73.0704351,
              19.0447388
            ]
          ]
        ]
      }
    },
    {
      "type": "Feature",
      "properties": {
        "osm_way_id": 416118420,
        "building_type": "yes",
        "name": null,
        "height_m": 6.0,
        "height_source": "display fallback; OSM height unavailable",
        "building_levels": null,
        "source_dataset": "OpenStreetMap",
        "source_license": "ODbL 1.0",
        "source_extract": "https://api.openstreetmap.org/api/0.6/map?bbox=73.066,19.044,73.074,19.052"
      },
      "geometry": {
        "type": "Polygon",
        "coordinates": [
          [
            [
              73.0703628,
              19.0446789
            ],
            [
              73.0704889,
              19.0446659
            ],
            [
              73.0704793,
              19.0445825
            ],
            [
              73.0704145,
              19.0445891
            ],
            [
              73.0704201,
              19.0446382
            ],
            [
              73.0703589,
              19.0446445
            ],
            [
              73.0703628,
              19.0446789
            ]
          ]
        ]
      }
    },
    {
      "type": "Feature",
      "properties": {
        "osm_way_id": 416118422,
        "building_type": "yes",
        "name": null,
        "height_m": 6.0,
        "height_source": "display fallback; OSM height unavailable",
        "building_levels": null,
        "source_dataset": "OpenStreetMap",
        "source_license": "ODbL 1.0",
        "source_extract": "https://api.openstreetmap.org/api/0.6/map?bbox=73.066,19.044,73.074,19.052"
      },
      "geometry": {
        "type": "Polygon",
        "coordinates": [
          [
            [
              73.070816,
              19.0448287
            ],
            [
              73.0708868,
              19.0448047
            ],
            [
              73.0708999,
              19.0448393
            ],
            [
              73.070946,
              19.0448236
            ],
            [
              73.070905,
              19.0447154
            ],
            [
              73.070788,
              19.044755
            ],
            [
              73.070816,
              19.0448287
            ]
          ]
        ]
      }
    },
    {
      "type": "Feature",
      "properties": {
        "osm_way_id": 416118426,
        "building_type": "yes",
        "name": null,
        "height_m": 6.0,
        "height_source": "display fallback; OSM height unavailable",
        "building_levels": null,
        "source_dataset": "OpenStreetMap",
        "source_license": "ODbL 1.0",
        "source_extract": "https://api.openstreetmap.org/api/0.6/map?bbox=73.066,19.044,73.074,19.052"
      },
      "geometry": {
        "type": "Polygon",
        "coordinates": [
          [
            [
              73.070849,
              19.0453685
            ],
            [
              73.0709127,
              19.0453593
            ],
            [
              73.0709053,
              19.0453139
            ],
            [
              73.0709584,
              19.0453063
            ],
            [
              73.070951,
              19.0452601
            ],
            [
              73.0708342,
              19.0452769
            ],
            [
              73.070849,
              19.0453685
            ]
          ]
        ]
      }
    },
    {
      "type": "Feature",
      "properties": {
        "osm_way_id": 584419401,
        "building_type": "commercial",
        "name": null,
        "height_m": 6.0,
        "height_source": "display fallback; OSM height unavailable",
        "building_levels": null,
        "source_dataset": "OpenStreetMap",
        "source_license": "ODbL 1.0",
        "source_extract": "https://api.openstreetmap.org/api/0.6/map?bbox=73.066,19.044,73.074,19.052"
      },
      "geometry": {
        "type": "Polygon",
        "coordinates": [
          [
            [
              73.0729759,
              19.0444248
            ],
            [
              73.0730887,
              19.0444139
            ],
            [
              73.0730912,
              19.0444375
            ],
            [
              73.0733467,
              19.0444127
            ],
            [
              73.0733434,
              19.0443823
            ],
            [
              73.0734733,
              19.0443697
            ],
            [
              73.0734596,
              19.044244
            ],
            [
              73.0729615,
              19.0442924
            ],
            [
              73.0729759,
              19.0444248
            ]
          ]
        ]
      }
    },
    {
      "type": "Feature",
      "properties": {
        "osm_way_id": 820898997,
        "building_type": "yes",
        "name": null,
        "height_m": 6.0,
        "height_source": "display fallback; OSM height unavailable",
        "building_levels": null,
        "source_dataset": "OpenStreetMap",
        "source_license": "ODbL 1.0",
        "source_extract": "https://api.openstreetmap.org/api/0.6/map?bbox=73.066,19.044,73.074,19.052"
      },
      "geometry": {
        "type": "Polygon",
        "coordinates": [
          [
            [
              73.0699367,
              19.0468903
            ],
            [
              73.0700849,
              19.0469314
            ],
            [
              73.0702434,
              19.0470417
            ],
            [
              73.0702443,
              19.0464917
            ],
            [
              73.0699175,
              19.0465127
            ],
            [
              73.0699367,
              19.0468903
            ]
          ]
        ]
      }
    },
    {
      "type": "Feature",
      "properties": {
        "osm_way_id": 1354456193,
        "building_type": "yes",
        "name": null,
        "height_m": 6.0,
        "height_source": "display fallback; OSM height unavailable",
        "building_levels": null,
        "source_dataset": "OpenStreetMap",
        "source_license": "ODbL 1.0",
        "source_extract": "https://api.openstreetmap.org/api/0.6/map?bbox=73.066,19.044,73.074,19.052"
      },
      "geometry": {
        "type": "Polygon",
        "coordinates": [
          [
            [
              73.0678087,
              19.043913
            ],
            [
              73.0678504,
              19.0438678
            ],
            [
              73.0678336,
              19.043854
            ],
            [
              73.0678485,
              19.0438354
            ],
            [
              73.0678623,
              19.0438431
            ],
            [
              73.0678886,
              19.043808
            ],
            [
              73.0677796,
              19.0437322
            ],
            [
              73.0676165,
              19.0436033
            ],
            [
              73.0675229,
              19.0437364
            ],
            [
              73.0675592,
              19.0440029
            ],
            [
              73.0677099,
              19.0439856
            ],
            [
              73.0676677,
              19.0437733
            ],
            [
              73.0677503,
              19.04384
            ],
            [
              73.0677411,
              19.0438549
            ],
            [
              73.0678087,
              19.043913
            ]
          ]
        ]
      }
    },
    {
      "type": "Feature",
      "properties": {
        "osm_way_id": 1443329796,
        "building_type": "yes",
        "name": null,
        "height_m": 6.0,
        "height_source": "display fallback; OSM height unavailable",
        "building_levels": null,
        "source_dataset": "OpenStreetMap",
        "source_license": "ODbL 1.0",
        "source_extract": "https://api.openstreetmap.org/api/0.6/map?bbox=73.066,19.044,73.074,19.052"
      },
      "geometry": {
        "type": "Polygon",
        "coordinates": [
          [
            [
              73.070033,
              19.0522916
            ],
            [
              73.0700619,
              19.0522883
            ],
            [
              73.0700483,
              19.0521799
            ],
            [
              73.0701123,
              19.0521727
            ],
            [
              73.0701063,
              19.0521255
            ],
            [
              73.0701429,
              19.0521214
            ],
            [
              73.0701307,
              19.0520249
            ],
            [
              73.0700456,
              19.0520345
            ],
            [
              73.0700331,
              19.0519355
            ],
            [
              73.0699876,
              19.0519406
            ],
            [
              73.0699923,
              19.051978
            ],
            [
              73.0699661,
              19.0519809
            ],
            [
              73.0700018,
              19.0522644
            ],
            [
              73.0700292,
              19.0522613
            ],
            [
              73.070033,
              19.0522916
            ]
          ]
        ]
      }
    },
    {
      "type": "Feature",
      "properties": {
        "osm_way_id": 1443329798,
        "building_type": "yes",
        "name": null,
        "height_m": 6.0,
        "height_source": "display fallback; OSM height unavailable",
        "building_levels": null,
        "source_dataset": "OpenStreetMap",
        "source_license": "ODbL 1.0",
        "source_extract": "https://api.openstreetmap.org/api/0.6/map?bbox=73.066,19.044,73.074,19.052"
      },
      "geometry": {
        "type": "Polygon",
        "coordinates": [
          [
            [
              73.0679886,
              19.0520759
            ],
            [
              73.0680426,
              19.0519252
            ],
            [
              73.0681809,
              19.0519695
            ],
            [
              73.0681809,
              19.0520983
            ],
            [
              73.0681705,
              19.0521177
            ],
            [
              73.0681465,
              19.0521264
            ],
            [
              73.0679886,
              19.0520759
            ]
          ]
        ]
      }
    },
    {
      "type": "Feature",
      "properties": {
        "osm_way_id": 1443329799,
        "building_type": "yes",
        "name": null,
        "height_m": 6.0,
        "height_source": "display fallback; OSM height unavailable",
        "building_levels": null,
        "source_dataset": "OpenStreetMap",
        "source_license": "ODbL 1.0",
        "source_extract": "https://api.openstreetmap.org/api/0.6/map?bbox=73.066,19.044,73.074,19.052"
      },
      "geometry": {
        "type": "Polygon",
        "coordinates": [
          [
            [
              73.0668836,
              19.0511734
            ],
            [
              73.0668659,
              19.0510264
            ],
            [
              73.0669132,
              19.0510213
            ],
            [
              73.0669075,
              19.0509739
            ],
            [
              73.0669892,
              19.0509651
            ],
            [
              73.0670021,
              19.0510727
            ],
            [
              73.0670698,
              19.0510655
            ],
            [
              73.0670848,
              19.0511904
            ],
            [
              73.0669665,
              19.0512031
            ],
            [
              73.0669619,
              19.051165
            ],
            [
              73.0668836,
              19.0511734
            ]
          ]
        ]
      }
    },
    {
      "type": "Feature",
      "properties": {
        "osm_way_id": 1453531948,
        "building_type": "yes",
        "name": null,
        "height_m": 6.0,
        "height_source": "display fallback; OSM height unavailable",
        "building_levels": null,
        "source_dataset": "OpenStreetMap",
        "source_license": "ODbL 1.0",
        "source_extract": "https://api.openstreetmap.org/api/0.6/map?bbox=73.066,19.044,73.074,19.052"
      },
      "geometry": {
        "type": "Polygon",
        "coordinates": [
          [
            [
              73.0680073,
              19.0492953
            ],
            [
              73.0681483,
              19.0492756
            ],
            [
              73.0681618,
              19.0493624
            ],
            [
              73.0681407,
              19.0493653
            ],
            [
              73.0681441,
              19.0493875
            ],
            [
              73.0680441,
              19.0494015
            ],
            [
              73.0680407,
              19.0493797
            ],
            [
              73.0680209,
              19.0493824
            ],
            [
              73.0680073,
              19.0492953
            ]
          ]
        ]
      }
    },
    {
      "type": "Feature",
      "properties": {
        "osm_way_id": 1453531949,
        "building_type": "yes",
        "name": null,
        "height_m": 6.0,
        "height_source": "display fallback; OSM height unavailable",
        "building_levels": null,
        "source_dataset": "OpenStreetMap",
        "source_license": "ODbL 1.0",
        "source_extract": "https://api.openstreetmap.org/api/0.6/map?bbox=73.066,19.044,73.074,19.052"
      },
      "geometry": {
        "type": "Polygon",
        "coordinates": [
          [
            [
              73.0686982,
              19.0492007
            ],
            [
              73.0687083,
              19.0492656
            ],
            [
              73.0686979,
              19.049267
            ],
            [
              73.0687066,
              19.0493229
            ],
            [
              73.0688443,
              19.0493038
            ],
            [
              73.0688255,
              19.0491831
            ],
            [
              73.0686982,
              19.0492007
            ]
          ]
        ]
      }
    },
    {
      "type": "Feature",
      "properties": {
        "osm_way_id": 1453531950,
        "building_type": "yes",
        "name": null,
        "height_m": 6.0,
        "height_source": "display fallback; OSM height unavailable",
        "building_levels": null,
        "source_dataset": "OpenStreetMap",
        "source_license": "ODbL 1.0",
        "source_extract": "https://api.openstreetmap.org/api/0.6/map?bbox=73.066,19.044,73.074,19.052"
      },
      "geometry": {
        "type": "Polygon",
        "coordinates": [
          [
            [
              73.0687618,
              19.0496903
            ],
            [
              73.0688478,
              19.0496808
            ],
            [
              73.0688648,
              19.0498191
            ],
            [
              73.0687789,
              19.0498286
            ],
            [
              73.0687618,
              19.0496903
            ]
          ]
        ]
      }
    },
    {
      "type": "Feature",
      "properties": {
        "osm_way_id": 1453531951,
        "building_type": "yes",
        "name": null,
        "height_m": 6.0,
        "height_source": "display fallback; OSM height unavailable",
        "building_levels": null,
        "source_dataset": "OpenStreetMap",
        "source_license": "ODbL 1.0",
        "source_extract": "https://api.openstreetmap.org/api/0.6/map?bbox=73.066,19.044,73.074,19.052"
      },
      "geometry": {
        "type": "Polygon",
        "coordinates": [
          [
            [
              73.0698041,
              19.0502051
            ],
            [
              73.069923,
              19.0501895
            ],
            [
              73.0699449,
              19.0503388
            ],
            [
              73.0698266,
              19.0503544
            ],
            [
              73.0698213,
              19.0503185
            ],
            [
              73.0697641,
              19.050326
            ],
            [
              73.0697523,
              19.0502456
            ],
            [
              73.069809,
              19.0502381
            ],
            [
              73.0698041,
              19.0502051
            ]
          ]
        ]
      }
    },
    {
      "type": "Feature",
      "properties": {
        "osm_way_id": 1453531952,
        "building_type": "yes",
        "name": null,
        "height_m": 6.0,
        "height_source": "display fallback; OSM height unavailable",
        "building_levels": null,
        "source_dataset": "OpenStreetMap",
        "source_license": "ODbL 1.0",
        "source_extract": "https://api.openstreetmap.org/api/0.6/map?bbox=73.066,19.044,73.074,19.052"
      },
      "geometry": {
        "type": "Polygon",
        "coordinates": [
          [
            [
              73.0693046,
              19.0511141
            ],
            [
              73.0693757,
              19.0511054
            ],
            [
              73.0693798,
              19.0511354
            ],
            [
              73.0695426,
              19.0511156
            ],
            [
              73.06954,
              19.0510962
            ],
            [
              73.069596,
              19.0510894
            ],
            [
              73.0696022,
              19.0511357
            ],
            [
              73.069587,
              19.0511375
            ],
            [
              73.0695898,
              19.0511588
            ],
            [
              73.0695707,
              19.0511611
            ],
            [
              73.0695747,
              19.0511903
            ],
            [
              73.0696116,
              19.0511859
            ],
            [
              73.0696165,
              19.0512228
            ],
            [
              73.069579,
              19.0512272
            ],
            [
              73.0695829,
              19.0512564
            ],
            [
              73.0695487,
              19.0512605
            ],
            [
              73.0695449,
              19.0512324
            ],
            [
              73.0695239,
              19.0512349
            ],
            [
              73.0695272,
              19.0512594
            ],
            [
              73.0694724,
              19.0512659
            ],
            [
              73.0694687,
              19.0512381
            ],
            [
              73.0694164,
              19.0512443
            ],
            [
              73.0694212,
              19.05128
            ],
            [
              73.0693385,
              19.0512898
            ],
            [
              73.0693289,
              19.051218
            ],
            [
              73.0693557,
              19.0512148
            ],
            [
              73.0693535,
              19.0511985
            ],
            [
              73.0693353,
              19.0512006
            ],
            [
              73.0693338,
              19.0511901
            ],
            [
              73.0693152,
              19.0511923
            ],
            [
              73.0693046,
              19.0511141
            ]
          ]
        ]
      }
    },
    {
      "type": "Feature",
      "properties": {
        "osm_way_id": 1453531953,
        "building_type": "yes",
        "name": null,
        "height_m": 6.0,
        "height_source": "display fallback; OSM height unavailable",
        "building_levels": null,
        "source_dataset": "OpenStreetMap",
        "source_license": "ODbL 1.0",
        "source_extract": "https://api.openstreetmap.org/api/0.6/map?bbox=73.066,19.044,73.074,19.052"
      },
      "geometry": {
        "type": "Polygon",
        "coordinates": [
          [
            [
              73.0686451,
              19.051946
            ],
            [
              73.0687691,
              19.0519758
            ],
            [
              73.0687378,
              19.0520923
            ],
            [
              73.0686137,
              19.0520625
            ],
            [
              73.0686451,
              19.051946
            ]
          ]
        ]
      }
    },
    {
      "type": "Feature",
      "properties": {
        "osm_way_id": 1453531976,
        "building_type": "yes",
        "name": null,
        "height_m": 6.0,
        "height_source": "display fallback; OSM height unavailable",
        "building_levels": null,
        "source_dataset": "OpenStreetMap",
        "source_license": "ODbL 1.0",
        "source_extract": "https://api.openstreetmap.org/api/0.6/map?bbox=73.066,19.044,73.074,19.052"
      },
      "geometry": {
        "type": "Polygon",
        "coordinates": [
          [
            [
              73.072688,
              19.0518093
            ],
            [
              73.0728188,
              19.0517998
            ],
            [
              73.0728571,
              19.0517691
            ],
            [
              73.0728625,
              19.0517265
            ],
            [
              73.0728574,
              19.0516991
            ],
            [
              73.0728454,
              19.0516727
            ],
            [
              73.0728349,
              19.0516558
            ],
            [
              73.0728209,
              19.0516471
            ],
            [
              73.0728044,
              19.0516402
            ],
            [
              73.0727835,
              19.0516349
            ],
            [
              73.0727722,
              19.0516124
            ],
            [
              73.072754,
              19.0515908
            ],
            [
              73.0727218,
              19.0515824
            ],
            [
              73.0727053,
              19.0515802
            ],
            [
              73.0726844,
              19.051578
            ],
            [
              73.0726684,
              19.0515867
            ],
            [
              73.072662,
              19.051602
            ],
            [
              73.072688,
              19.0518093
            ]
          ]
        ]
      }
    },
    {
      "type": "Feature",
      "properties": {
        "osm_way_id": 1453531977,
        "building_type": "yes",
        "name": null,
        "height_m": 6.0,
        "height_source": "display fallback; OSM height unavailable",
        "building_levels": null,
        "source_dataset": "OpenStreetMap",
        "source_license": "ODbL 1.0",
        "source_extract": "https://api.openstreetmap.org/api/0.6/map?bbox=73.066,19.044,73.074,19.052"
      },
      "geometry": {
        "type": "Polygon",
        "coordinates": [
          [
            [
              73.0696632,
              19.0504491
            ],
            [
              73.069967,
              19.0504207
            ],
            [
              73.0699822,
              19.0505665
            ],
            [
              73.0696784,
              19.050595
            ],
            [
              73.0696632,
              19.0504491
            ]
          ]
        ]
      }
    },
    {
      "type": "Feature",
      "properties": {
        "osm_way_id": 1453531978,
        "building_type": "yes",
        "name": null,
        "height_m": 6.0,
        "height_source": "display fallback; OSM height unavailable",
        "building_levels": null,
        "source_dataset": "OpenStreetMap",
        "source_license": "ODbL 1.0",
        "source_extract": "https://api.openstreetmap.org/api/0.6/map?bbox=73.066,19.044,73.074,19.052"
      },
      "geometry": {
        "type": "Polygon",
        "coordinates": [
          [
            [
              73.0689013,
              19.0507293
            ],
            [
              73.0690126,
              19.0507201
            ],
            [
              73.0690341,
              19.0509534
            ],
            [
              73.0689227,
              19.0509626
            ],
            [
              73.0689013,
              19.0507293
            ]
          ]
        ]
      }
    },
    {
      "type": "Feature",
      "properties": {
        "osm_way_id": 1453531981,
        "building_type": "yes",
        "name": null,
        "height_m": 6.0,
        "height_source": "display fallback; OSM height unavailable",
        "building_levels": null,
        "source_dataset": "OpenStreetMap",
        "source_license": "ODbL 1.0",
        "source_extract": "https://api.openstreetmap.org/api/0.6/map?bbox=73.066,19.044,73.074,19.052"
      },
      "geometry": {
        "type": "Polygon",
        "coordinates": [
          [
            [
              73.0676836,
              19.0518378
            ],
            [
              73.0678284,
              19.0518811
            ],
            [
              73.0677792,
              19.0520277
            ],
            [
              73.0676345,
              19.0519844
            ],
            [
              73.0676836,
              19.0518378
            ]
          ]
        ]
      }
    },
    {
      "type": "Feature",
      "properties": {
        "osm_way_id": 1453531982,
        "building_type": "yes",
        "name": null,
        "height_m": 6.0,
        "height_source": "display fallback; OSM height unavailable",
        "building_levels": null,
        "source_dataset": "OpenStreetMap",
        "source_license": "ODbL 1.0",
        "source_extract": "https://api.openstreetmap.org/api/0.6/map?bbox=73.066,19.044,73.074,19.052"
      },
      "geometry": {
        "type": "Polygon",
        "coordinates": [
          [
            [
              73.0665879,
              19.0518031
            ],
            [
              73.0667315,
              19.0518437
            ],
            [
              73.0666781,
              19.0520128
            ],
            [
              73.0665344,
              19.0519722
            ],
            [
              73.0665879,
              19.0518031
            ]
          ]
        ]
      }
    }
  ]
}